INFO: [HLS 200-10] Running '/tools/Xilinx/Vitis_HLS/2022.2/bin/unwrapped/lnx64.o/vitis_hls'
INFO: [HLS 200-10] For user 'chenchingwen' on host 'ubuntu' (Linux_x86_64 version 5.15.0-135-generic) on Wed Apr 09 15:16:11 PST 2025
INFO: [HLS 200-10] On os Ubuntu 22.04.5 LTS
INFO: [HLS 200-10] In directory '/home/chenchingwen/Course2025/SoC/labA/RTL_Verification/lab1'
Sourcing Tcl script '/home/chenchingwen/Course2025/SoC/labA/RTL_Verification/lab1/duc_prj/solution1/cosim.tcl'
INFO: [HLS 200-1510] Running: source /home/chenchingwen/Course2025/SoC/labA/RTL_Verification/lab1/duc_prj/solution1/cosim.tcl
INFO: [HLS 200-1510] Running: open_project duc_prj 
INFO: [HLS 200-10] Opening project '/home/chenchingwen/Course2025/SoC/labA/RTL_Verification/lab1/duc_prj'.
INFO: [HLS 200-1510] Running: set_top duc 
INFO: [HLS 200-1510] Running: add_files mac.c 
INFO: [HLS 200-10] Adding design file 'mac.c' to the project
INFO: [HLS 200-1510] Running: add_files dds.c 
INFO: [HLS 200-10] Adding design file 'dds.c' to the project
INFO: [HLS 200-1510] Running: add_files mixer.c 
INFO: [HLS 200-10] Adding design file 'mixer.c' to the project
INFO: [HLS 200-1510] Running: add_files imf3.c 
INFO: [HLS 200-10] Adding design file 'imf3.c' to the project
INFO: [HLS 200-1510] Running: add_files imf2.c 
INFO: [HLS 200-10] Adding design file 'imf2.c' to the project
INFO: [HLS 200-1510] Running: add_files imf1.c 
INFO: [HLS 200-10] Adding design file 'imf1.c' to the project
INFO: [HLS 200-1510] Running: add_files srrc.c 
INFO: [HLS 200-10] Adding design file 'srrc.c' to the project
INFO: [HLS 200-1510] Running: add_files duc.c 
INFO: [HLS 200-10] Adding design file 'duc.c' to the project
INFO: [HLS 200-1510] Running: add_files -tb golden -cflags -Wno-unknown-pragmas -Wno-unknown-pragmas -Wno-unknown-pragmas -csimflags -Wno-unknown-pragmas 
INFO: [HLS 200-10] Adding test bench file 'golden' to the project
INFO: [HLS 200-1510] Running: add_files -tb duc_test.c -cflags -Wno-unknown-pragmas -Wno-unknown-pragmas -Wno-unknown-pragmas -csimflags -Wno-unknown-pragmas 
INFO: [HLS 200-10] Adding test bench file 'duc_test.c' to the project
INFO: [HLS 200-1510] Running: open_solution solution1 -flow_target vivado 
INFO: [HLS 200-10] Opening solution '/home/chenchingwen/Course2025/SoC/labA/RTL_Verification/lab1/duc_prj/solution1'.
INFO: [SYN 201-201] Setting up clock 'default' with a period of 5ns.
INFO: [HLS 200-1611] Setting target device to 'xc7k160t-fbg484-1'
INFO: [HLS 200-1505] Using flow_target 'vivado'
Resolution: For help on HLS 200-1505 see www.xilinx.com/cgi-bin/docs/rdoc?v=2022.2;t=hls+guidance;d=200-1505.html
INFO: [HLS 200-1464] Running solution command: config_interface -m_axi_latency=0
INFO: [HLS 200-1510] Running: set_part xc7k160t-fbg484-1 
INFO: [HLS 200-1510] Running: create_clock -period 5 -name default 
INFO: [HLS 200-1510] Running: config_interface -m_axi_latency 0 
INFO: [HLS 200-1510] Running: source ./duc_prj/solution1/directives.tcl
INFO: [HLS 200-1510] Running: set_directive_top -name duc duc 
INFO: [HLS 200-1510] Running: cosim_design 
Running Dispatch Server on port: 33599
INFO: [COSIM 212-47] Using XSIM for RTL simulation.
INFO: [COSIM 212-14] Instrumenting C test bench ...
   Build using "/tools/Xilinx/Vitis_HLS/2022.2/tps/lnx64/gcc-8.3.0/bin/g++"
   Compiling apatb_duc.cpp
   Compiling (apcc) dds.c_pre.c.tb.c
INFO: [HLS 200-10] Running '/tools/Xilinx/Vitis_HLS/2022.2/bin/unwrapped/lnx64.o/apcc'
INFO: [HLS 200-10] For user 'chenchingwen' on host 'ubuntu' (Linux_x86_64 version 5.15.0-135-generic) on Wed Apr 09 15:16:28 PST 2025
INFO: [HLS 200-10] On os Ubuntu 22.04.5 LTS
INFO: [HLS 200-10] In directory '/home/chenchingwen/Course2025/SoC/labA/RTL_Verification/lab1/duc_prj/solution1/sim/wrapc'
clang: warning: argument unused during compilation: '-fno-builtin-isinf'
clang: warning: argument unused during compilation: '-fno-builtin-isnan'
INFO: [APCC 202-3] Tmp directory is /tmp/apcc_db_chenchingwen/7617271744182988985711
INFO: [APCC 202-1] APCC is done.
INFO: [HLS 200-112] Total CPU user time: 1.95 seconds. Total CPU system time: 0.12 seconds. Total elapsed time: 1.89 seconds; peak allocated memory: 98.977 MB.
   Compiling (apcc) duc.c_pre.c.tb.c
INFO: [HLS 200-10] Running '/tools/Xilinx/Vitis_HLS/2022.2/bin/unwrapped/lnx64.o/apcc'
INFO: [HLS 200-10] For user 'chenchingwen' on host 'ubuntu' (Linux_x86_64 version 5.15.0-135-generic) on Wed Apr 09 15:16:32 PST 2025
INFO: [HLS 200-10] On os Ubuntu 22.04.5 LTS
INFO: [HLS 200-10] In directory '/home/chenchingwen/Course2025/SoC/labA/RTL_Verification/lab1/duc_prj/solution1/sim/wrapc'
clang: warning: argument unused during compilation: '-fno-builtin-isinf'
clang: warning: argument unused during compilation: '-fno-builtin-isnan'
In file included from /home/chenchingwen/Course2025/SoC/labA/RTL_Verification/lab1/duc.c:1:
/home/chenchingwen/Course2025/SoC/labA/RTL_Verification/lab1/duc.c:51:18: warning: incompatible pointer types passing 'short *' to parameter of type 'mix_data_t *' (aka 'int16 *') [-Wincompatible-pointer-types]
duc(din_i, freq, dout_i, dout_q);
                 ^~~~~~
/home/chenchingwen/Course2025/SoC/labA/RTL_Verification/lab1/duc.c:7:15: note: passing argument to parameter 'dout_i' here
  mix_data_t *dout_i,
              ^
/home/chenchingwen/Course2025/SoC/labA/RTL_Verification/lab1/duc.c:51:26: warning: incompatible pointer types passing 'short *' to parameter of type 'mix_data_t *' (aka 'int16 *') [-Wincompatible-pointer-types]
duc(din_i, freq, dout_i, dout_q);
                         ^~~~~~
/home/chenchingwen/Course2025/SoC/labA/RTL_Verification/lab1/duc.c:8:15: note: passing argument to parameter 'dout_q' here
  mix_data_t *dout_q
              ^
2 warnings generated.
INFO: [APCC 202-3] Tmp directory is /tmp/apcc_db_chenchingwen/7617841744182992145741
INFO: [APCC 202-1] APCC is done.
INFO: [HLS 200-112] Total CPU user time: 1.95 seconds. Total CPU system time: 0.13 seconds. Total elapsed time: 1.88 seconds; peak allocated memory: 98.977 MB.
   Compiling (apcc) duc_test.c_pre.c.tb.c
INFO: [HLS 200-10] Running '/tools/Xilinx/Vitis_HLS/2022.2/bin/unwrapped/lnx64.o/apcc'
INFO: [HLS 200-10] For user 'chenchingwen' on host 'ubuntu' (Linux_x86_64 version 5.15.0-135-generic) on Wed Apr 09 15:16:35 PST 2025
INFO: [HLS 200-10] On os Ubuntu 22.04.5 LTS
INFO: [HLS 200-10] In directory '/home/chenchingwen/Course2025/SoC/labA/RTL_Verification/lab1/duc_prj/solution1/sim/wrapc'
clang: warning: argument unused during compilation: '-fno-builtin-isinf'
clang: warning: argument unused during compilation: '-fno-builtin-isnan'
In file included from /home/chenchingwen/Course2025/SoC/labA/RTL_Verification/lab1/duc_test.c:1:
/home/chenchingwen/Course2025/SoC/labA/RTL_Verification/lab1/duc_test.c:21:15: warning: incompatible pointer types passing 'mix_data_t [1]' to parameter of type 'short *' [-Wincompatible-pointer-types]
duc(xi, 6628, tmp_i_o, tmp_q_o);
              ^~~~~~~
/home/chenchingwen/Course2025/SoC/labA/RTL_Verification/lab1/duc.h:74:49: note: passing argument to parameter here
void apatb_duc_sw(short, unsigned short, short *, short *);
                                                ^
In file included from /home/chenchingwen/Course2025/SoC/labA/RTL_Verification/lab1/duc_test.c:1:
/home/chenchingwen/Course2025/SoC/labA/RTL_Verification/lab1/duc_test.c:21:24: warning: incompatible pointer types passing 'mix_data_t [1]' to parameter of type 'short *' [-Wincompatible-pointer-types]
duc(xi, 6628, tmp_i_o, tmp_q_o);
                       ^~~~~~~
/home/chenchingwen/Course2025/SoC/labA/RTL_Verification/lab1/duc.h:74:58: note: passing argument to parameter here
void apatb_duc_sw(short, unsigned short, short *, short *);
                                                         ^
In file included from /home/chenchingwen/Course2025/SoC/labA/RTL_Verification/lab1/duc_test.c:1:
/home/chenchingwen/Course2025/SoC/labA/RTL_Verification/lab1/duc_test.c:23:15: warning: incompatible pointer types passing 'mix_data_t [1]' to parameter of type 'short *' [-Wincompatible-pointer-types]
duc(xq, 6628, tmp_i_o, tmp_q_o);
              ^~~~~~~
/home/chenchingwen/Course2025/SoC/labA/RTL_Verification/lab1/duc.h:74:49: note: passing argument to parameter here
void apatb_duc_sw(short, unsigned short, short *, short *);
                                                ^
In file included from /home/chenchingwen/Course2025/SoC/labA/RTL_Verification/lab1/duc_test.c:1:
/home/chenchingwen/Course2025/SoC/labA/RTL_Verification/lab1/duc_test.c:23:24: warning: incompatible pointer types passing 'mix_data_t [1]' to parameter of type 'short *' [-Wincompatible-pointer-types]
duc(xq, 6628, tmp_i_o, tmp_q_o);
                       ^~~~~~~
/home/chenchingwen/Course2025/SoC/labA/RTL_Verification/lab1/duc.h:74:58: note: passing argument to parameter here
void apatb_duc_sw(short, unsigned short, short *, short *);
                                                         ^
In file included from /home/chenchingwen/Course2025/SoC/labA/RTL_Verification/lab1/duc_test.c:1:
/home/chenchingwen/Course2025/SoC/labA/RTL_Verification/lab1/duc_test.c:40:15: warning: incompatible pointer types passing 'mix_data_t [1]' to parameter of type 'short *' [-Wincompatible-pointer-types]
duc(xi, 6628, tmp_i_o, tmp_q_o);
              ^~~~~~~
/home/chenchingwen/Course2025/SoC/labA/RTL_Verification/lab1/duc.h:74:49: note: passing argument to parameter here
void apatb_duc_sw(short, unsigned short, short *, short *);
                                                ^
In file included from /home/chenchingwen/Course2025/SoC/labA/RTL_Verification/lab1/duc_test.c:1:
/home/chenchingwen/Course2025/SoC/labA/RTL_Verification/lab1/duc_test.c:40:24: warning: incompatible pointer types passing 'mix_data_t [1]' to parameter of type 'short *' [-Wincompatible-pointer-types]
duc(xi, 6628, tmp_i_o, tmp_q_o);
                       ^~~~~~~
/home/chenchingwen/Course2025/SoC/labA/RTL_Verification/lab1/duc.h:74:58: note: passing argument to parameter here
void apatb_duc_sw(short, unsigned short, short *, short *);
                                                         ^
In file included from /home/chenchingwen/Course2025/SoC/labA/RTL_Verification/lab1/duc_test.c:1:
/home/chenchingwen/Course2025/SoC/labA/RTL_Verification/lab1/duc_test.c:42:15: warning: incompatible pointer types passing 'mix_data_t [1]' to parameter of type 'short *' [-Wincompatible-pointer-types]
duc(xq, 6628, tmp_i_o, tmp_q_o);
              ^~~~~~~
/home/chenchingwen/Course2025/SoC/labA/RTL_Verification/lab1/duc.h:74:49: note: passing argument to parameter here
void apatb_duc_sw(short, unsigned short, short *, short *);
                                                ^
In file included from /home/chenchingwen/Course2025/SoC/labA/RTL_Verification/lab1/duc_test.c:1:
/home/chenchingwen/Course2025/SoC/labA/RTL_Verification/lab1/duc_test.c:42:24: warning: incompatible pointer types passing 'mix_data_t [1]' to parameter of type 'short *' [-Wincompatible-pointer-types]
duc(xq, 6628, tmp_i_o, tmp_q_o);
                       ^~~~~~~
/home/chenchingwen/Course2025/SoC/labA/RTL_Verification/lab1/duc.h:74:58: note: passing argument to parameter here
void apatb_duc_sw(short, unsigned short, short *, short *);
                                                         ^
In file included from /home/chenchingwen/Course2025/SoC/labA/RTL_Verification/lab1/duc_test.c:1:
/home/chenchingwen/Course2025/SoC/labA/RTL_Verification/lab1/duc_test.c:29:11: warning: implicit conversion from 'int' to 'srrc_data_t' (aka 'int16') changes value from 131072 to 0 [-Wconstant-conversion]
      xi=1<<17;
        ~~^~~~
9 warnings generated.
INFO: [APCC 202-3] Tmp directory is /tmp/apcc_db_chenchingwen/7618421744182995306780
INFO: [APCC 202-1] APCC is done.
INFO: [HLS 200-112] Total CPU user time: 1.99 seconds. Total CPU system time: 0.14 seconds. Total elapsed time: 1.92 seconds; peak allocated memory: 98.977 MB.
   Compiling (apcc) imf1.c_pre.c.tb.c
INFO: [HLS 200-10] Running '/tools/Xilinx/Vitis_HLS/2022.2/bin/unwrapped/lnx64.o/apcc'
INFO: [HLS 200-10] For user 'chenchingwen' on host 'ubuntu' (Linux_x86_64 version 5.15.0-135-generic) on Wed Apr 09 15:16:38 PST 2025
INFO: [HLS 200-10] On os Ubuntu 22.04.5 LTS
INFO: [HLS 200-10] In directory '/home/chenchingwen/Course2025/SoC/labA/RTL_Verification/lab1/duc_prj/solution1/sim/wrapc'
clang: warning: argument unused during compilation: '-fno-builtin-isinf'
clang: warning: argument unused during compilation: '-fno-builtin-isnan'
INFO: [APCC 202-3] Tmp directory is /tmp/apcc_db_chenchingwen/7619051744182998508665
INFO: [APCC 202-1] APCC is done.
INFO: [HLS 200-112] Total CPU user time: 1.97 seconds. Total CPU system time: 0.13 seconds. Total elapsed time: 1.9 seconds; peak allocated memory: 98.977 MB.
   Compiling (apcc) imf2.c_pre.c.tb.c
INFO: [HLS 200-10] Running '/tools/Xilinx/Vitis_HLS/2022.2/bin/unwrapped/lnx64.o/apcc'
INFO: [HLS 200-10] For user 'chenchingwen' on host 'ubuntu' (Linux_x86_64 version 5.15.0-135-generic) on Wed Apr 09 15:16:41 PST 2025
INFO: [HLS 200-10] On os Ubuntu 22.04.5 LTS
INFO: [HLS 200-10] In directory '/home/chenchingwen/Course2025/SoC/labA/RTL_Verification/lab1/duc_prj/solution1/sim/wrapc'
clang: warning: argument unused during compilation: '-fno-builtin-isinf'
clang: warning: argument unused during compilation: '-fno-builtin-isnan'
INFO: [APCC 202-3] Tmp directory is /tmp/apcc_db_chenchingwen/7619621744183001715964
INFO: [APCC 202-1] APCC is done.
INFO: [HLS 200-112] Total CPU user time: 1.97 seconds. Total CPU system time: 0.13 seconds. Total elapsed time: 1.92 seconds; peak allocated memory: 98.977 MB.
   Compiling (apcc) imf3.c_pre.c.tb.c
INFO: [HLS 200-10] Running '/tools/Xilinx/Vitis_HLS/2022.2/bin/unwrapped/lnx64.o/apcc'
INFO: [HLS 200-10] For user 'chenchingwen' on host 'ubuntu' (Linux_x86_64 version 5.15.0-135-generic) on Wed Apr 09 15:16:44 PST 2025
INFO: [HLS 200-10] On os Ubuntu 22.04.5 LTS
INFO: [HLS 200-10] In directory '/home/chenchingwen/Course2025/SoC/labA/RTL_Verification/lab1/duc_prj/solution1/sim/wrapc'
clang: warning: argument unused during compilation: '-fno-builtin-isinf'
clang: warning: argument unused during compilation: '-fno-builtin-isnan'
INFO: [APCC 202-3] Tmp directory is /tmp/apcc_db_chenchingwen/7620191744183004883416
INFO: [APCC 202-1] APCC is done.
INFO: [HLS 200-112] Total CPU user time: 1.99 seconds. Total CPU system time: 0.11 seconds. Total elapsed time: 1.9 seconds; peak allocated memory: 98.977 MB.
   Compiling (apcc) mac.c_pre.c.tb.c
INFO: [HLS 200-10] Running '/tools/Xilinx/Vitis_HLS/2022.2/bin/unwrapped/lnx64.o/apcc'
INFO: [HLS 200-10] For user 'chenchingwen' on host 'ubuntu' (Linux_x86_64 version 5.15.0-135-generic) on Wed Apr 09 15:16:48 PST 2025
INFO: [HLS 200-10] On os Ubuntu 22.04.5 LTS
INFO: [HLS 200-10] In directory '/home/chenchingwen/Course2025/SoC/labA/RTL_Verification/lab1/duc_prj/solution1/sim/wrapc'
clang: warning: argument unused during compilation: '-fno-builtin-isinf'
clang: warning: argument unused during compilation: '-fno-builtin-isnan'
INFO: [APCC 202-3] Tmp directory is /tmp/apcc_db_chenchingwen/7620771744183008075366
INFO: [APCC 202-1] APCC is done.
INFO: [HLS 200-112] Total CPU user time: 1.99 seconds. Total CPU system time: 0.13 seconds. Total elapsed time: 1.91 seconds; peak allocated memory: 98.977 MB.
   Compiling (apcc) mixer.c_pre.c.tb.c
INFO: [HLS 200-10] Running '/tools/Xilinx/Vitis_HLS/2022.2/bin/unwrapped/lnx64.o/apcc'
INFO: [HLS 200-10] For user 'chenchingwen' on host 'ubuntu' (Linux_x86_64 version 5.15.0-135-generic) on Wed Apr 09 15:16:51 PST 2025
INFO: [HLS 200-10] On os Ubuntu 22.04.5 LTS
INFO: [HLS 200-10] In directory '/home/chenchingwen/Course2025/SoC/labA/RTL_Verification/lab1/duc_prj/solution1/sim/wrapc'
clang: warning: argument unused during compilation: '-fno-builtin-isinf'
clang: warning: argument unused during compilation: '-fno-builtin-isnan'
INFO: [APCC 202-3] Tmp directory is /tmp/apcc_db_chenchingwen/7621351744183011256850
INFO: [APCC 202-1] APCC is done.
INFO: [HLS 200-112] Total CPU user time: 1.96 seconds. Total CPU system time: 0.15 seconds. Total elapsed time: 1.91 seconds; peak allocated memory: 98.977 MB.
   Compiling (apcc) srrc.c_pre.c.tb.c
INFO: [HLS 200-10] Running '/tools/Xilinx/Vitis_HLS/2022.2/bin/unwrapped/lnx64.o/apcc'
INFO: [HLS 200-10] For user 'chenchingwen' on host 'ubuntu' (Linux_x86_64 version 5.15.0-135-generic) on Wed Apr 09 15:16:54 PST 2025
INFO: [HLS 200-10] On os Ubuntu 22.04.5 LTS
INFO: [HLS 200-10] In directory '/home/chenchingwen/Course2025/SoC/labA/RTL_Verification/lab1/duc_prj/solution1/sim/wrapc'
clang: warning: argument unused during compilation: '-fno-builtin-isinf'
clang: warning: argument unused during compilation: '-fno-builtin-isnan'
INFO: [APCC 202-3] Tmp directory is /tmp/apcc_db_chenchingwen/7621921744183014450353
INFO: [APCC 202-1] APCC is done.
INFO: [HLS 200-112] Total CPU user time: 1.99 seconds. Total CPU system time: 0.11 seconds. Total elapsed time: 1.9 seconds; peak allocated memory: 98.977 MB.
   Compiling apatb_duc_ir.ll
   Generating cosim.tv.exe
INFO: [COSIM 212-302] Starting C TB testing ... 
Files duc_i.dat and golden/duc_i.dat differ
Files duc_q.dat and golden/duc_q.dat differ

 *** DUC hardware test ~PASSED ! *** 

INFO: [COSIM 212-333] Generating C post check test bench ...
INFO: [COSIM 212-12] Generating RTL test bench ...
INFO: [COSIM 212-1] *** C/RTL co-simulation file generation completed. ***
INFO: [COSIM 212-323] Starting verilog simulation. 
INFO: [COSIM 212-15] Starting XSIM ...
Vivado Simulator v2022.2
Copyright 1986-1999, 2001-2022 Xilinx, Inc. All Rights Reserved.
Running: /tools/Xilinx/Vivado/2022.2/bin/unwrapped/lnx64.o/xelab xil_defaultlib.apatb_duc_top glbl -Oenable_linking_all_libraries -prj duc.prj -L smartconnect_v1_0 -L axi_protocol_checker_v1_1_12 -L axi_protocol_checker_v1_1_13 -L axis_protocol_checker_v1_1_11 -L axis_protocol_checker_v1_1_12 -L xil_defaultlib -L unisims_ver -L xpm -L floating_point_v7_0_20 -L floating_point_v7_1_15 --lib ieee_proposed=./ieee_proposed -s duc 
Multi-threading is on. Using 18 slave threads.
WARNING: [XSIM 43-3431] One or more environment variables have been detected which affect the operation of the C compiler. These are typically not set in standard installations and are not tested by Xilinx, however they may be appropriate for your system, so the flow will attempt to continue.  If errors occur, try running xelab with the "-mt off -v 1" switches to see more information from the C compiler. The following environment variables have been detected:
    LIBRARY_PATH
INFO: [VRFC 10-2263] Analyzing SystemVerilog file "/home/chenchingwen/Course2025/SoC/labA/RTL_Verification/lab1/duc_prj/solution1/sim/verilog/glbl.v" into library work
INFO: [VRFC 10-311] analyzing module glbl
INFO: [VRFC 10-2263] Analyzing SystemVerilog file "/home/chenchingwen/Course2025/SoC/labA/RTL_Verification/lab1/duc_prj/solution1/sim/verilog/duc_shift_reg_p_RAM_AUTO_1R1W.v" into library xil_defaultlib
INFO: [VRFC 10-311] analyzing module duc_shift_reg_p_RAM_AUTO_1R1W
INFO: [VRFC 10-2263] Analyzing SystemVerilog file "/home/chenchingwen/Course2025/SoC/labA/RTL_Verification/lab1/duc_prj/solution1/sim/verilog/duc_mul_mul_16s_18s_34_4_1.v" into library xil_defaultlib
INFO: [VRFC 10-311] analyzing module duc_mul_mul_16s_18s_34_4_1_DSP48_1
INFO: [VRFC 10-311] analyzing module duc_mul_mul_16s_18s_34_4_1
INFO: [VRFC 10-2263] Analyzing SystemVerilog file "/home/chenchingwen/Course2025/SoC/labA/RTL_Verification/lab1/duc_prj/solution1/sim/verilog/duc_am_submul_16s_16s_16s_30_4_1.v" into library xil_defaultlib
INFO: [VRFC 10-311] analyzing module duc_am_submul_16s_16s_16s_30_4_1_DSP48_4
INFO: [VRFC 10-311] analyzing module duc_am_submul_16s_16s_16s_30_4_1
INFO: [VRFC 10-2263] Analyzing SystemVerilog file "/home/chenchingwen/Course2025/SoC/labA/RTL_Verification/lab1/duc_prj/solution1/sim/verilog/duc_mul_mul_17ns_18s_35_4_1.v" into library xil_defaultlib
INFO: [VRFC 10-311] analyzing module duc_mul_mul_17ns_18s_35_4_1_DSP48_3
INFO: [VRFC 10-311] analyzing module duc_mul_mul_17ns_18s_35_4_1
INFO: [VRFC 10-2263] Analyzing SystemVerilog file "/home/chenchingwen/Course2025/SoC/labA/RTL_Verification/lab1/duc_prj/solution1/sim/verilog/duc.autotb.v" into library xil_defaultlib
INFO: [VRFC 10-311] analyzing module apatb_duc_top
INFO: [VRFC 10-2263] Analyzing SystemVerilog file "/home/chenchingwen/Course2025/SoC/labA/RTL_Verification/lab1/duc_prj/solution1/sim/verilog/duc_shift_reg_p_1_RAM_AUTO_1R1W.v" into library xil_defaultlib
INFO: [VRFC 10-311] analyzing module duc_shift_reg_p_1_RAM_AUTO_1R1W
INFO: [VRFC 10-2263] Analyzing SystemVerilog file "/home/chenchingwen/Course2025/SoC/labA/RTL_Verification/lab1/duc_prj/solution1/sim/verilog/duc_ama_addmuladd_16s_16s_16s_30s_30_4_1.v" into library xil_defaultlib
INFO: [VRFC 10-311] analyzing module duc_ama_addmuladd_16s_16s_16s_30s_30_4_1_DSP48_6
INFO: [VRFC 10-311] analyzing module duc_ama_addmuladd_16s_16s_16s_30s_30_4_1
INFO: [VRFC 10-2263] Analyzing SystemVerilog file "/home/chenchingwen/Course2025/SoC/labA/RTL_Verification/lab1/duc_prj/solution1/sim/verilog/duc_dds_table_ROM_AUTO_1R.v" into library xil_defaultlib
INFO: [VRFC 10-311] analyzing module duc_dds_table_ROM_AUTO_1R
INFO: [VRFC 10-2263] Analyzing SystemVerilog file "/home/chenchingwen/Course2025/SoC/labA/RTL_Verification/lab1/duc_prj/solution1/sim/verilog/duc.v" into library xil_defaultlib
INFO: [VRFC 10-311] analyzing module duc
INFO: [VRFC 10-2263] Analyzing SystemVerilog file "/home/chenchingwen/Course2025/SoC/labA/RTL_Verification/lab1/duc_prj/solution1/sim/verilog/duc_shift_reg_p_2_RAM_AUTO_1R1W.v" into library xil_defaultlib
INFO: [VRFC 10-311] analyzing module duc_shift_reg_p_2_RAM_AUTO_1R1W
INFO: [VRFC 10-2263] Analyzing SystemVerilog file "/home/chenchingwen/Course2025/SoC/labA/RTL_Verification/lab1/duc_prj/solution1/sim/verilog/duc_DI_cache_RAM_AUTO_1R1W.v" into library xil_defaultlib
INFO: [VRFC 10-311] analyzing module duc_DI_cache_RAM_AUTO_1R1W
INFO: [VRFC 10-2263] Analyzing SystemVerilog file "/home/chenchingwen/Course2025/SoC/labA/RTL_Verification/lab1/duc_prj/solution1/sim/verilog/duc_c_ROM_AUTO_1R.v" into library xil_defaultlib
INFO: [VRFC 10-311] analyzing module duc_c_ROM_AUTO_1R
INFO: [VRFC 10-2263] Analyzing SystemVerilog file "/home/chenchingwen/Course2025/SoC/labA/RTL_Verification/lab1/duc_prj/solution1/sim/verilog/duc_mul_mul_18s_18s_36_4_1.v" into library xil_defaultlib
INFO: [VRFC 10-311] analyzing module duc_mul_mul_18s_18s_36_4_1_DSP48_2
INFO: [VRFC 10-311] analyzing module duc_mul_mul_18s_18s_36_4_1
INFO: [VRFC 10-2263] Analyzing SystemVerilog file "/home/chenchingwen/Course2025/SoC/labA/RTL_Verification/lab1/duc_prj/solution1/sim/verilog/duc_c_5_0_ROM_AUTO_1R.v" into library xil_defaultlib
INFO: [VRFC 10-311] analyzing module duc_c_5_0_ROM_AUTO_1R
INFO: [VRFC 10-2263] Analyzing SystemVerilog file "/home/chenchingwen/Course2025/SoC/labA/RTL_Verification/lab1/duc_prj/solution1/sim/verilog/duc_mul_mul_18s_16s_34_4_1.v" into library xil_defaultlib
INFO: [VRFC 10-311] analyzing module duc_mul_mul_18s_16s_34_4_1_DSP48_0
INFO: [VRFC 10-311] analyzing module duc_mul_mul_18s_16s_34_4_1
INFO: [VRFC 10-2263] Analyzing SystemVerilog file "/home/chenchingwen/Course2025/SoC/labA/RTL_Verification/lab1/duc_prj/solution1/sim/verilog/duc_shift_reg_p0_RAM_AUTO_1R1W.v" into library xil_defaultlib
INFO: [VRFC 10-311] analyzing module duc_shift_reg_p0_RAM_AUTO_1R1W
INFO: [VRFC 10-2263] Analyzing SystemVerilog file "/home/chenchingwen/Course2025/SoC/labA/RTL_Verification/lab1/duc_prj/solution1/sim/verilog/duc_c_5_1_ROM_AUTO_1R.v" into library xil_defaultlib
INFO: [VRFC 10-311] analyzing module duc_c_5_1_ROM_AUTO_1R
INFO: [VRFC 10-2263] Analyzing SystemVerilog file "/home/chenchingwen/Course2025/SoC/labA/RTL_Verification/lab1/duc_prj/solution1/sim/verilog/duc_ama_submuladd_16s_16s_16s_30s_30_4_1.v" into library xil_defaultlib
INFO: [VRFC 10-311] analyzing module duc_ama_submuladd_16s_16s_16s_30s_30_4_1_DSP48_5
INFO: [VRFC 10-311] analyzing module duc_ama_submuladd_16s_16s_16s_30s_30_4_1
INFO: [VRFC 10-2263] Analyzing SystemVerilog file "/home/chenchingwen/Course2025/SoC/labA/RTL_Verification/lab1/duc_prj/solution1/sim/verilog/duc_c_1_ROM_AUTO_1R.v" into library xil_defaultlib
INFO: [VRFC 10-311] analyzing module duc_c_1_ROM_AUTO_1R
INFO: [VRFC 10-2263] Analyzing SystemVerilog file "/home/chenchingwen/Course2025/SoC/labA/RTL_Verification/lab1/duc_prj/solution1/sim/verilog/duc_c_2_ROM_AUTO_1R.v" into library xil_defaultlib
INFO: [VRFC 10-311] analyzing module duc_c_2_ROM_AUTO_1R
INFO: [VRFC 10-2263] Analyzing SystemVerilog file "/home/chenchingwen/Course2025/SoC/labA/RTL_Verification/lab1/duc_prj/solution1/sim/verilog/dataflow_monitor.sv" into library xil_defaultlib
INFO: [VRFC 10-311] analyzing module dataflow_monitor
Starting static elaboration
Pass Through NonSizing Optimizer
Completed static elaboration
Starting simulation data flow analysis
Completed simulation data flow analysis
Time Resolution for simulation is 1ps
Compiling package xil_defaultlib.$unit_dataflow_monitor_sv
Compiling module xil_defaultlib.duc_c_ROM_AUTO_1R
Compiling module xil_defaultlib.duc_shift_reg_p_RAM_AUTO_1R1W
Compiling module xil_defaultlib.duc_c_2_ROM_AUTO_1R
Compiling module xil_defaultlib.duc_shift_reg_p_2_RAM_AUTO_1R1W
Compiling module xil_defaultlib.duc_c_1_ROM_AUTO_1R
Compiling module xil_defaultlib.duc_shift_reg_p_1_RAM_AUTO_1R1W
Compiling module xil_defaultlib.duc_c_5_0_ROM_AUTO_1R
Compiling module xil_defaultlib.duc_c_5_1_ROM_AUTO_1R
Compiling module xil_defaultlib.duc_shift_reg_p0_RAM_AUTO_1R1W
Compiling module xil_defaultlib.duc_DI_cache_RAM_AUTO_1R1W
Compiling module xil_defaultlib.duc_dds_table_ROM_AUTO_1R
Compiling module xil_defaultlib.duc_mul_mul_18s_16s_34_4_1_DSP48...
Compiling module xil_defaultlib.duc_mul_mul_18s_16s_34_4_1(ID=1,...
Compiling module xil_defaultlib.duc_mul_mul_16s_18s_34_4_1_DSP48...
Compiling module xil_defaultlib.duc_mul_mul_16s_18s_34_4_1(ID=1,...
Compiling module xil_defaultlib.duc_mul_mul_18s_18s_36_4_1_DSP48...
Compiling module xil_defaultlib.duc_mul_mul_18s_18s_36_4_1(ID=1,...
Compiling module xil_defaultlib.duc_mul_mul_17ns_18s_35_4_1_DSP4...
Compiling module xil_defaultlib.duc_mul_mul_17ns_18s_35_4_1(ID=1...
Compiling module xil_defaultlib.duc_am_submul_16s_16s_16s_30_4_1...
Compiling module xil_defaultlib.duc_am_submul_16s_16s_16s_30_4_1...
Compiling module xil_defaultlib.duc_ama_submuladd_16s_16s_16s_30...
Compiling module xil_defaultlib.duc_ama_submuladd_16s_16s_16s_30...
Compiling module xil_defaultlib.duc_ama_addmuladd_16s_16s_16s_30...
Compiling module xil_defaultlib.duc_ama_addmuladd_16s_16s_16s_30...
Compiling module xil_defaultlib.duc
Compiling module xil_defaultlib.nodf_module_intf
Compiling module xil_defaultlib.dataflow_monitor_1
Compiling module xil_defaultlib.apatb_duc_top
Compiling module work.glbl
Built simulation snapshot duc

****** xsim v2022.2 (64-bit)
  **** SW Build 3671981 on Fri Oct 14 04:59:54 MDT 2022
  **** IP Build 3669848 on Fri Oct 14 08:30:02 MDT 2022
    ** Copyright 1986-2022 Xilinx, Inc. All Rights Reserved.

source xsim.dir/duc/xsim_script.tcl
# xsim {duc} -autoloadwcfg -tclbatch {duc.tcl}
Time resolution is 1 ps
source duc.tcl
## run all
////////////////////////////////////////////////////////////////////////////////////
// Inter-Transaction Progress: Completed Transaction / Total Transaction
// Intra-Transaction Progress: Measured Latency / Latency Estimation * 100%
//
// RTL Simulation : "Inter-Transaction Progress" ["Intra-Transaction Progress"] @ "Simulation Time"
////////////////////////////////////////////////////////////////////////////////////
// RTL Simulation : 0 / 3360 [0.00%] @ "113000"
// RTL Simulation : 1 / 3360 [100.00%] @ "248000"
// RTL Simulation : 2 / 3360 [100.00%] @ "378000"
// RTL Simulation : 3 / 3360 [100.00%] @ "503000"
// RTL Simulation : 4 / 3360 [100.00%] @ "628000"
// RTL Simulation : 5 / 3360 [100.00%] @ "753000"
// RTL Simulation : 6 / 3360 [100.00%] @ "878000"
// RTL Simulation : 7 / 3360 [100.00%] @ "1008000"
// RTL Simulation : 8 / 3360 [100.00%] @ "1138000"
// RTL Simulation : 9 / 3360 [100.00%] @ "1263000"
// RTL Simulation : 10 / 3360 [100.00%] @ "1388000"
// RTL Simulation : 11 / 3360 [100.00%] @ "1513000"
// RTL Simulation : 12 / 3360 [100.00%] @ "1638000"
// RTL Simulation : 13 / 3360 [100.00%] @ "1768000"
// RTL Simulation : 14 / 3360 [100.00%] @ "1898000"
// RTL Simulation : 15 / 3360 [100.00%] @ "2023000"
// RTL Simulation : 16 / 3360 [100.00%] @ "2148000"
// RTL Simulation : 17 / 3360 [100.00%] @ "2273000"
// RTL Simulation : 18 / 3360 [100.00%] @ "2398000"
// RTL Simulation : 19 / 3360 [100.00%] @ "2528000"
// RTL Simulation : 20 / 3360 [100.00%] @ "2658000"
// RTL Simulation : 21 / 3360 [100.00%] @ "2783000"
// RTL Simulation : 22 / 3360 [100.00%] @ "2908000"
// RTL Simulation : 23 / 3360 [100.00%] @ "3033000"
// RTL Simulation : 24 / 3360 [100.00%] @ "3158000"
// RTL Simulation : 25 / 3360 [100.00%] @ "3288000"
// RTL Simulation : 26 / 3360 [100.00%] @ "3418000"
// RTL Simulation : 27 / 3360 [100.00%] @ "3543000"
// RTL Simulation : 28 / 3360 [100.00%] @ "3668000"
// RTL Simulation : 29 / 3360 [100.00%] @ "3793000"
// RTL Simulation : 30 / 3360 [100.00%] @ "3918000"
// RTL Simulation : 31 / 3360 [100.00%] @ "4048000"
// RTL Simulation : 32 / 3360 [100.00%] @ "4178000"
// RTL Simulation : 33 / 3360 [100.00%] @ "4303000"
// RTL Simulation : 34 / 3360 [100.00%] @ "4428000"
// RTL Simulation : 35 / 3360 [100.00%] @ "4553000"
// RTL Simulation : 36 / 3360 [100.00%] @ "4678000"
// RTL Simulation : 37 / 3360 [100.00%] @ "4808000"
// RTL Simulation : 38 / 3360 [100.00%] @ "4938000"
// RTL Simulation : 39 / 3360 [100.00%] @ "5063000"
// RTL Simulation : 40 / 3360 [100.00%] @ "5188000"
// RTL Simulation : 41 / 3360 [100.00%] @ "5313000"
// RTL Simulation : 42 / 3360 [100.00%] @ "5438000"
// RTL Simulation : 43 / 3360 [100.00%] @ "5568000"
// RTL Simulation : 44 / 3360 [100.00%] @ "5698000"
// RTL Simulation : 45 / 3360 [100.00%] @ "5823000"
// RTL Simulation : 46 / 3360 [100.00%] @ "5948000"
// RTL Simulation : 47 / 3360 [100.00%] @ "6073000"
// RTL Simulation : 48 / 3360 [100.00%] @ "6198000"
// RTL Simulation : 49 / 3360 [100.00%] @ "6353000"
// RTL Simulation : 50 / 3360 [100.00%] @ "6508000"
// RTL Simulation : 51 / 3360 [100.00%] @ "6633000"
// RTL Simulation : 52 / 3360 [100.00%] @ "6758000"
// RTL Simulation : 53 / 3360 [100.00%] @ "6883000"
// RTL Simulation : 54 / 3360 [100.00%] @ "7008000"
// RTL Simulation : 55 / 3360 [100.00%] @ "7163000"
// RTL Simulation : 56 / 3360 [100.00%] @ "7318000"
// RTL Simulation : 57 / 3360 [100.00%] @ "7443000"
// RTL Simulation : 58 / 3360 [100.00%] @ "7568000"
// RTL Simulation : 59 / 3360 [100.00%] @ "7693000"
// RTL Simulation : 60 / 3360 [100.00%] @ "7818000"
// RTL Simulation : 61 / 3360 [100.00%] @ "7973000"
// RTL Simulation : 62 / 3360 [100.00%] @ "8128000"
// RTL Simulation : 63 / 3360 [100.00%] @ "8253000"
// RTL Simulation : 64 / 3360 [100.00%] @ "8378000"
// RTL Simulation : 65 / 3360 [100.00%] @ "8503000"
// RTL Simulation : 66 / 3360 [100.00%] @ "8628000"
// RTL Simulation : 67 / 3360 [100.00%] @ "8783000"
// RTL Simulation : 68 / 3360 [100.00%] @ "8938000"
// RTL Simulation : 69 / 3360 [100.00%] @ "9063000"
// RTL Simulation : 70 / 3360 [100.00%] @ "9188000"
// RTL Simulation : 71 / 3360 [100.00%] @ "9313000"
// RTL Simulation : 72 / 3360 [100.00%] @ "9438000"
// RTL Simulation : 73 / 3360 [100.00%] @ "9593000"
// RTL Simulation : 74 / 3360 [100.00%] @ "9748000"
// RTL Simulation : 75 / 3360 [100.00%] @ "9873000"
// RTL Simulation : 76 / 3360 [100.00%] @ "9998000"
// RTL Simulation : 77 / 3360 [100.00%] @ "10123000"
// RTL Simulation : 78 / 3360 [100.00%] @ "10248000"
// RTL Simulation : 79 / 3360 [100.00%] @ "10403000"
// RTL Simulation : 80 / 3360 [100.00%] @ "10558000"
// RTL Simulation : 81 / 3360 [100.00%] @ "10683000"
// RTL Simulation : 82 / 3360 [100.00%] @ "10808000"
// RTL Simulation : 83 / 3360 [100.00%] @ "10933000"
// RTL Simulation : 84 / 3360 [100.00%] @ "11058000"
// RTL Simulation : 85 / 3360 [100.00%] @ "11213000"
// RTL Simulation : 86 / 3360 [100.00%] @ "11368000"
// RTL Simulation : 87 / 3360 [100.00%] @ "11493000"
// RTL Simulation : 88 / 3360 [100.00%] @ "11618000"
// RTL Simulation : 89 / 3360 [100.00%] @ "11743000"
// RTL Simulation : 90 / 3360 [100.00%] @ "11868000"
// RTL Simulation : 91 / 3360 [100.00%] @ "12023000"
// RTL Simulation : 92 / 3360 [100.00%] @ "12178000"
// RTL Simulation : 93 / 3360 [100.00%] @ "12303000"
// RTL Simulation : 94 / 3360 [100.00%] @ "12428000"
// RTL Simulation : 95 / 3360 [100.00%] @ "12553000"
// RTL Simulation : 96 / 3360 [100.00%] @ "12678000"
// RTL Simulation : 97 / 3360 [100.00%] @ "12808000"
// RTL Simulation : 98 / 3360 [100.00%] @ "12938000"
// RTL Simulation : 99 / 3360 [100.00%] @ "13063000"
// RTL Simulation : 100 / 3360 [100.00%] @ "13188000"
// RTL Simulation : 101 / 3360 [100.00%] @ "13313000"
// RTL Simulation : 102 / 3360 [100.00%] @ "13438000"
// RTL Simulation : 103 / 3360 [100.00%] @ "13568000"
// RTL Simulation : 104 / 3360 [100.00%] @ "13698000"
// RTL Simulation : 105 / 3360 [100.00%] @ "13823000"
// RTL Simulation : 106 / 3360 [100.00%] @ "13948000"
// RTL Simulation : 107 / 3360 [100.00%] @ "14073000"
// RTL Simulation : 108 / 3360 [100.00%] @ "14198000"
// RTL Simulation : 109 / 3360 [100.00%] @ "14328000"
// RTL Simulation : 110 / 3360 [100.00%] @ "14458000"
// RTL Simulation : 111 / 3360 [100.00%] @ "14583000"
// RTL Simulation : 112 / 3360 [100.00%] @ "14708000"
// RTL Simulation : 113 / 3360 [100.00%] @ "14833000"
// RTL Simulation : 114 / 3360 [100.00%] @ "14958000"
// RTL Simulation : 115 / 3360 [100.00%] @ "15088000"
// RTL Simulation : 116 / 3360 [100.00%] @ "15218000"
// RTL Simulation : 117 / 3360 [100.00%] @ "15343000"
// RTL Simulation : 118 / 3360 [100.00%] @ "15468000"
// RTL Simulation : 119 / 3360 [100.00%] @ "15593000"
// RTL Simulation : 120 / 3360 [100.00%] @ "15718000"
// RTL Simulation : 121 / 3360 [100.00%] @ "15848000"
// RTL Simulation : 122 / 3360 [100.00%] @ "15978000"
// RTL Simulation : 123 / 3360 [100.00%] @ "16103000"
// RTL Simulation : 124 / 3360 [100.00%] @ "16228000"
// RTL Simulation : 125 / 3360 [100.00%] @ "16353000"
// RTL Simulation : 126 / 3360 [100.00%] @ "16478000"
// RTL Simulation : 127 / 3360 [100.00%] @ "16608000"
// RTL Simulation : 128 / 3360 [100.00%] @ "16738000"
// RTL Simulation : 129 / 3360 [100.00%] @ "16863000"
// RTL Simulation : 130 / 3360 [100.00%] @ "16988000"
// RTL Simulation : 131 / 3360 [100.00%] @ "17113000"
// RTL Simulation : 132 / 3360 [100.00%] @ "17238000"
// RTL Simulation : 133 / 3360 [100.00%] @ "17368000"
// RTL Simulation : 134 / 3360 [100.00%] @ "17498000"
// RTL Simulation : 135 / 3360 [100.00%] @ "17623000"
// RTL Simulation : 136 / 3360 [100.00%] @ "17748000"
// RTL Simulation : 137 / 3360 [100.00%] @ "17873000"
// RTL Simulation : 138 / 3360 [100.00%] @ "17998000"
// RTL Simulation : 139 / 3360 [100.00%] @ "18128000"
// RTL Simulation : 140 / 3360 [100.00%] @ "18258000"
// RTL Simulation : 141 / 3360 [100.00%] @ "18383000"
// RTL Simulation : 142 / 3360 [100.00%] @ "18508000"
// RTL Simulation : 143 / 3360 [100.00%] @ "18633000"
// RTL Simulation : 144 / 3360 [100.00%] @ "18758000"
// RTL Simulation : 145 / 3360 [100.00%] @ "18913000"
// RTL Simulation : 146 / 3360 [100.00%] @ "19068000"
// RTL Simulation : 147 / 3360 [100.00%] @ "19193000"
// RTL Simulation : 148 / 3360 [100.00%] @ "19318000"
// RTL Simulation : 149 / 3360 [100.00%] @ "19443000"
// RTL Simulation : 150 / 3360 [100.00%] @ "19568000"
// RTL Simulation : 151 / 3360 [100.00%] @ "19723000"
// RTL Simulation : 152 / 3360 [100.00%] @ "19878000"
// RTL Simulation : 153 / 3360 [100.00%] @ "20003000"
// RTL Simulation : 154 / 3360 [100.00%] @ "20128000"
// RTL Simulation : 155 / 3360 [100.00%] @ "20253000"
// RTL Simulation : 156 / 3360 [100.00%] @ "20378000"
// RTL Simulation : 157 / 3360 [100.00%] @ "20533000"
// RTL Simulation : 158 / 3360 [100.00%] @ "20688000"
// RTL Simulation : 159 / 3360 [100.00%] @ "20813000"
// RTL Simulation : 160 / 3360 [100.00%] @ "20938000"
// RTL Simulation : 161 / 3360 [100.00%] @ "21063000"
// RTL Simulation : 162 / 3360 [100.00%] @ "21188000"
// RTL Simulation : 163 / 3360 [100.00%] @ "21343000"
// RTL Simulation : 164 / 3360 [100.00%] @ "21498000"
// RTL Simulation : 165 / 3360 [100.00%] @ "21623000"
// RTL Simulation : 166 / 3360 [100.00%] @ "21748000"
// RTL Simulation : 167 / 3360 [100.00%] @ "21873000"
// RTL Simulation : 168 / 3360 [100.00%] @ "21998000"
// RTL Simulation : 169 / 3360 [100.00%] @ "22153000"
// RTL Simulation : 170 / 3360 [100.00%] @ "22308000"
// RTL Simulation : 171 / 3360 [100.00%] @ "22433000"
// RTL Simulation : 172 / 3360 [100.00%] @ "22558000"
// RTL Simulation : 173 / 3360 [100.00%] @ "22683000"
// RTL Simulation : 174 / 3360 [100.00%] @ "22808000"
// RTL Simulation : 175 / 3360 [100.00%] @ "22963000"
// RTL Simulation : 176 / 3360 [100.00%] @ "23118000"
// RTL Simulation : 177 / 3360 [100.00%] @ "23243000"
// RTL Simulation : 178 / 3360 [100.00%] @ "23368000"
// RTL Simulation : 179 / 3360 [100.00%] @ "23493000"
// RTL Simulation : 180 / 3360 [100.00%] @ "23618000"
// RTL Simulation : 181 / 3360 [100.00%] @ "23773000"
// RTL Simulation : 182 / 3360 [100.00%] @ "23928000"
// RTL Simulation : 183 / 3360 [100.00%] @ "24053000"
// RTL Simulation : 184 / 3360 [100.00%] @ "24178000"
// RTL Simulation : 185 / 3360 [100.00%] @ "24303000"
// RTL Simulation : 186 / 3360 [100.00%] @ "24428000"
// RTL Simulation : 187 / 3360 [100.00%] @ "24583000"
// RTL Simulation : 188 / 3360 [100.00%] @ "24738000"
// RTL Simulation : 189 / 3360 [100.00%] @ "24863000"
// RTL Simulation : 190 / 3360 [100.00%] @ "24988000"
// RTL Simulation : 191 / 3360 [100.00%] @ "25113000"
// RTL Simulation : 192 / 3360 [100.00%] @ "25238000"
// RTL Simulation : 193 / 3360 [100.00%] @ "25368000"
// RTL Simulation : 194 / 3360 [100.00%] @ "25498000"
// RTL Simulation : 195 / 3360 [100.00%] @ "25623000"
// RTL Simulation : 196 / 3360 [100.00%] @ "25748000"
// RTL Simulation : 197 / 3360 [100.00%] @ "25873000"
// RTL Simulation : 198 / 3360 [100.00%] @ "25998000"
// RTL Simulation : 199 / 3360 [100.00%] @ "26128000"
// RTL Simulation : 200 / 3360 [100.00%] @ "26258000"
// RTL Simulation : 201 / 3360 [100.00%] @ "26383000"
// RTL Simulation : 202 / 3360 [100.00%] @ "26508000"
// RTL Simulation : 203 / 3360 [100.00%] @ "26633000"
// RTL Simulation : 204 / 3360 [100.00%] @ "26758000"
// RTL Simulation : 205 / 3360 [100.00%] @ "26888000"
// RTL Simulation : 206 / 3360 [100.00%] @ "27018000"
// RTL Simulation : 207 / 3360 [100.00%] @ "27143000"
// RTL Simulation : 208 / 3360 [100.00%] @ "27268000"
// RTL Simulation : 209 / 3360 [100.00%] @ "27393000"
// RTL Simulation : 210 / 3360 [100.00%] @ "27518000"
// RTL Simulation : 211 / 3360 [100.00%] @ "27648000"
// RTL Simulation : 212 / 3360 [100.00%] @ "27778000"
// RTL Simulation : 213 / 3360 [100.00%] @ "27903000"
// RTL Simulation : 214 / 3360 [100.00%] @ "28028000"
// RTL Simulation : 215 / 3360 [100.00%] @ "28153000"
// RTL Simulation : 216 / 3360 [100.00%] @ "28278000"
// RTL Simulation : 217 / 3360 [100.00%] @ "28408000"
// RTL Simulation : 218 / 3360 [100.00%] @ "28538000"
// RTL Simulation : 219 / 3360 [100.00%] @ "28663000"
// RTL Simulation : 220 / 3360 [100.00%] @ "28788000"
// RTL Simulation : 221 / 3360 [100.00%] @ "28913000"
// RTL Simulation : 222 / 3360 [100.00%] @ "29038000"
// RTL Simulation : 223 / 3360 [100.00%] @ "29168000"
// RTL Simulation : 224 / 3360 [100.00%] @ "29298000"
// RTL Simulation : 225 / 3360 [100.00%] @ "29423000"
// RTL Simulation : 226 / 3360 [100.00%] @ "29548000"
// RTL Simulation : 227 / 3360 [100.00%] @ "29673000"
// RTL Simulation : 228 / 3360 [100.00%] @ "29798000"
// RTL Simulation : 229 / 3360 [100.00%] @ "29928000"
// RTL Simulation : 230 / 3360 [100.00%] @ "30058000"
// RTL Simulation : 231 / 3360 [100.00%] @ "30183000"
// RTL Simulation : 232 / 3360 [100.00%] @ "30308000"
// RTL Simulation : 233 / 3360 [100.00%] @ "30433000"
// RTL Simulation : 234 / 3360 [100.00%] @ "30558000"
// RTL Simulation : 235 / 3360 [100.00%] @ "30688000"
// RTL Simulation : 236 / 3360 [100.00%] @ "30818000"
// RTL Simulation : 237 / 3360 [100.00%] @ "30943000"
// RTL Simulation : 238 / 3360 [100.00%] @ "31068000"
// RTL Simulation : 239 / 3360 [100.00%] @ "31193000"
// RTL Simulation : 240 / 3360 [100.00%] @ "31318000"
// RTL Simulation : 241 / 3360 [100.00%] @ "31473000"
// RTL Simulation : 242 / 3360 [100.00%] @ "31628000"
// RTL Simulation : 243 / 3360 [100.00%] @ "31753000"
// RTL Simulation : 244 / 3360 [100.00%] @ "31878000"
// RTL Simulation : 245 / 3360 [100.00%] @ "32003000"
// RTL Simulation : 246 / 3360 [100.00%] @ "32128000"
// RTL Simulation : 247 / 3360 [100.00%] @ "32283000"
// RTL Simulation : 248 / 3360 [100.00%] @ "32438000"
// RTL Simulation : 249 / 3360 [100.00%] @ "32563000"
// RTL Simulation : 250 / 3360 [100.00%] @ "32688000"
// RTL Simulation : 251 / 3360 [100.00%] @ "32813000"
// RTL Simulation : 252 / 3360 [100.00%] @ "32938000"
// RTL Simulation : 253 / 3360 [100.00%] @ "33093000"
// RTL Simulation : 254 / 3360 [100.00%] @ "33248000"
// RTL Simulation : 255 / 3360 [100.00%] @ "33373000"
// RTL Simulation : 256 / 3360 [100.00%] @ "33498000"
// RTL Simulation : 257 / 3360 [100.00%] @ "33623000"
// RTL Simulation : 258 / 3360 [100.00%] @ "33748000"
// RTL Simulation : 259 / 3360 [100.00%] @ "33903000"
// RTL Simulation : 260 / 3360 [100.00%] @ "34058000"
// RTL Simulation : 261 / 3360 [100.00%] @ "34183000"
// RTL Simulation : 262 / 3360 [100.00%] @ "34308000"
// RTL Simulation : 263 / 3360 [100.00%] @ "34433000"
// RTL Simulation : 264 / 3360 [100.00%] @ "34558000"
// RTL Simulation : 265 / 3360 [100.00%] @ "34713000"
// RTL Simulation : 266 / 3360 [100.00%] @ "34868000"
// RTL Simulation : 267 / 3360 [100.00%] @ "34993000"
// RTL Simulation : 268 / 3360 [100.00%] @ "35118000"
// RTL Simulation : 269 / 3360 [100.00%] @ "35243000"
// RTL Simulation : 270 / 3360 [100.00%] @ "35368000"
// RTL Simulation : 271 / 3360 [100.00%] @ "35523000"
// RTL Simulation : 272 / 3360 [100.00%] @ "35678000"
// RTL Simulation : 273 / 3360 [100.00%] @ "35803000"
// RTL Simulation : 274 / 3360 [100.00%] @ "35928000"
// RTL Simulation : 275 / 3360 [100.00%] @ "36053000"
// RTL Simulation : 276 / 3360 [100.00%] @ "36178000"
// RTL Simulation : 277 / 3360 [100.00%] @ "36333000"
// RTL Simulation : 278 / 3360 [100.00%] @ "36488000"
// RTL Simulation : 279 / 3360 [100.00%] @ "36613000"
// RTL Simulation : 280 / 3360 [100.00%] @ "36738000"
// RTL Simulation : 281 / 3360 [100.00%] @ "36863000"
// RTL Simulation : 282 / 3360 [100.00%] @ "36988000"
// RTL Simulation : 283 / 3360 [100.00%] @ "37143000"
// RTL Simulation : 284 / 3360 [100.00%] @ "37298000"
// RTL Simulation : 285 / 3360 [100.00%] @ "37423000"
// RTL Simulation : 286 / 3360 [100.00%] @ "37548000"
// RTL Simulation : 287 / 3360 [100.00%] @ "37673000"
// RTL Simulation : 288 / 3360 [100.00%] @ "37798000"
// RTL Simulation : 289 / 3360 [100.00%] @ "37928000"
// RTL Simulation : 290 / 3360 [100.00%] @ "38058000"
// RTL Simulation : 291 / 3360 [100.00%] @ "38183000"
// RTL Simulation : 292 / 3360 [100.00%] @ "38308000"
// RTL Simulation : 293 / 3360 [100.00%] @ "38433000"
// RTL Simulation : 294 / 3360 [100.00%] @ "38558000"
// RTL Simulation : 295 / 3360 [100.00%] @ "38688000"
// RTL Simulation : 296 / 3360 [100.00%] @ "38818000"
// RTL Simulation : 297 / 3360 [100.00%] @ "38943000"
// RTL Simulation : 298 / 3360 [100.00%] @ "39068000"
// RTL Simulation : 299 / 3360 [100.00%] @ "39193000"
// RTL Simulation : 300 / 3360 [100.00%] @ "39318000"
// RTL Simulation : 301 / 3360 [100.00%] @ "39448000"
// RTL Simulation : 302 / 3360 [100.00%] @ "39578000"
// RTL Simulation : 303 / 3360 [100.00%] @ "39703000"
// RTL Simulation : 304 / 3360 [100.00%] @ "39828000"
// RTL Simulation : 305 / 3360 [100.00%] @ "39953000"
// RTL Simulation : 306 / 3360 [100.00%] @ "40078000"
// RTL Simulation : 307 / 3360 [100.00%] @ "40208000"
// RTL Simulation : 308 / 3360 [100.00%] @ "40338000"
// RTL Simulation : 309 / 3360 [100.00%] @ "40463000"
// RTL Simulation : 310 / 3360 [100.00%] @ "40588000"
// RTL Simulation : 311 / 3360 [100.00%] @ "40713000"
// RTL Simulation : 312 / 3360 [100.00%] @ "40838000"
// RTL Simulation : 313 / 3360 [100.00%] @ "40968000"
// RTL Simulation : 314 / 3360 [100.00%] @ "41098000"
// RTL Simulation : 315 / 3360 [100.00%] @ "41223000"
// RTL Simulation : 316 / 3360 [100.00%] @ "41348000"
// RTL Simulation : 317 / 3360 [100.00%] @ "41473000"
// RTL Simulation : 318 / 3360 [100.00%] @ "41598000"
// RTL Simulation : 319 / 3360 [100.00%] @ "41728000"
// RTL Simulation : 320 / 3360 [100.00%] @ "41858000"
// RTL Simulation : 321 / 3360 [100.00%] @ "41983000"
// RTL Simulation : 322 / 3360 [100.00%] @ "42108000"
// RTL Simulation : 323 / 3360 [100.00%] @ "42233000"
// RTL Simulation : 324 / 3360 [100.00%] @ "42358000"
// RTL Simulation : 325 / 3360 [100.00%] @ "42488000"
// RTL Simulation : 326 / 3360 [100.00%] @ "42618000"
// RTL Simulation : 327 / 3360 [100.00%] @ "42743000"
// RTL Simulation : 328 / 3360 [100.00%] @ "42868000"
// RTL Simulation : 329 / 3360 [100.00%] @ "42993000"
// RTL Simulation : 330 / 3360 [100.00%] @ "43118000"
// RTL Simulation : 331 / 3360 [100.00%] @ "43248000"
// RTL Simulation : 332 / 3360 [100.00%] @ "43378000"
// RTL Simulation : 333 / 3360 [100.00%] @ "43503000"
// RTL Simulation : 334 / 3360 [100.00%] @ "43628000"
// RTL Simulation : 335 / 3360 [100.00%] @ "43753000"
// RTL Simulation : 336 / 3360 [100.00%] @ "43878000"
// RTL Simulation : 337 / 3360 [100.00%] @ "44033000"
// RTL Simulation : 338 / 3360 [100.00%] @ "44188000"
// RTL Simulation : 339 / 3360 [100.00%] @ "44313000"
// RTL Simulation : 340 / 3360 [100.00%] @ "44438000"
// RTL Simulation : 341 / 3360 [100.00%] @ "44563000"
// RTL Simulation : 342 / 3360 [100.00%] @ "44688000"
// RTL Simulation : 343 / 3360 [100.00%] @ "44843000"
// RTL Simulation : 344 / 3360 [100.00%] @ "44998000"
// RTL Simulation : 345 / 3360 [100.00%] @ "45123000"
// RTL Simulation : 346 / 3360 [100.00%] @ "45248000"
// RTL Simulation : 347 / 3360 [100.00%] @ "45373000"
// RTL Simulation : 348 / 3360 [100.00%] @ "45498000"
// RTL Simulation : 349 / 3360 [100.00%] @ "45653000"
// RTL Simulation : 350 / 3360 [100.00%] @ "45808000"
// RTL Simulation : 351 / 3360 [100.00%] @ "45933000"
// RTL Simulation : 352 / 3360 [100.00%] @ "46058000"
// RTL Simulation : 353 / 3360 [100.00%] @ "46183000"
// RTL Simulation : 354 / 3360 [100.00%] @ "46308000"
// RTL Simulation : 355 / 3360 [100.00%] @ "46463000"
// RTL Simulation : 356 / 3360 [100.00%] @ "46618000"
// RTL Simulation : 357 / 3360 [100.00%] @ "46743000"
// RTL Simulation : 358 / 3360 [100.00%] @ "46868000"
// RTL Simulation : 359 / 3360 [100.00%] @ "46993000"
// RTL Simulation : 360 / 3360 [100.00%] @ "47118000"
// RTL Simulation : 361 / 3360 [100.00%] @ "47273000"
// RTL Simulation : 362 / 3360 [100.00%] @ "47428000"
// RTL Simulation : 363 / 3360 [100.00%] @ "47553000"
// RTL Simulation : 364 / 3360 [100.00%] @ "47678000"
// RTL Simulation : 365 / 3360 [100.00%] @ "47803000"
// RTL Simulation : 366 / 3360 [100.00%] @ "47928000"
// RTL Simulation : 367 / 3360 [100.00%] @ "48083000"
// RTL Simulation : 368 / 3360 [100.00%] @ "48238000"
// RTL Simulation : 369 / 3360 [100.00%] @ "48363000"
// RTL Simulation : 370 / 3360 [100.00%] @ "48488000"
// RTL Simulation : 371 / 3360 [100.00%] @ "48613000"
// RTL Simulation : 372 / 3360 [100.00%] @ "48738000"
// RTL Simulation : 373 / 3360 [100.00%] @ "48893000"
// RTL Simulation : 374 / 3360 [100.00%] @ "49048000"
// RTL Simulation : 375 / 3360 [100.00%] @ "49173000"
// RTL Simulation : 376 / 3360 [100.00%] @ "49298000"
// RTL Simulation : 377 / 3360 [100.00%] @ "49423000"
// RTL Simulation : 378 / 3360 [100.00%] @ "49548000"
// RTL Simulation : 379 / 3360 [100.00%] @ "49703000"
// RTL Simulation : 380 / 3360 [100.00%] @ "49858000"
// RTL Simulation : 381 / 3360 [100.00%] @ "49983000"
// RTL Simulation : 382 / 3360 [100.00%] @ "50108000"
// RTL Simulation : 383 / 3360 [100.00%] @ "50233000"
// RTL Simulation : 384 / 3360 [100.00%] @ "50358000"
// RTL Simulation : 385 / 3360 [100.00%] @ "50488000"
// RTL Simulation : 386 / 3360 [100.00%] @ "50618000"
// RTL Simulation : 387 / 3360 [100.00%] @ "50743000"
// RTL Simulation : 388 / 3360 [100.00%] @ "50868000"
// RTL Simulation : 389 / 3360 [100.00%] @ "50993000"
// RTL Simulation : 390 / 3360 [100.00%] @ "51118000"
// RTL Simulation : 391 / 3360 [100.00%] @ "51248000"
// RTL Simulation : 392 / 3360 [100.00%] @ "51378000"
// RTL Simulation : 393 / 3360 [100.00%] @ "51503000"
// RTL Simulation : 394 / 3360 [100.00%] @ "51628000"
// RTL Simulation : 395 / 3360 [100.00%] @ "51753000"
// RTL Simulation : 396 / 3360 [100.00%] @ "51878000"
// RTL Simulation : 397 / 3360 [100.00%] @ "52008000"
// RTL Simulation : 398 / 3360 [100.00%] @ "52138000"
// RTL Simulation : 399 / 3360 [100.00%] @ "52263000"
// RTL Simulation : 400 / 3360 [100.00%] @ "52388000"
// RTL Simulation : 401 / 3360 [100.00%] @ "52513000"
// RTL Simulation : 402 / 3360 [100.00%] @ "52638000"
// RTL Simulation : 403 / 3360 [100.00%] @ "52768000"
// RTL Simulation : 404 / 3360 [100.00%] @ "52898000"
// RTL Simulation : 405 / 3360 [100.00%] @ "53023000"
// RTL Simulation : 406 / 3360 [100.00%] @ "53148000"
// RTL Simulation : 407 / 3360 [100.00%] @ "53273000"
// RTL Simulation : 408 / 3360 [100.00%] @ "53398000"
// RTL Simulation : 409 / 3360 [100.00%] @ "53528000"
// RTL Simulation : 410 / 3360 [100.00%] @ "53658000"
// RTL Simulation : 411 / 3360 [100.00%] @ "53783000"
// RTL Simulation : 412 / 3360 [100.00%] @ "53908000"
// RTL Simulation : 413 / 3360 [100.00%] @ "54033000"
// RTL Simulation : 414 / 3360 [100.00%] @ "54158000"
// RTL Simulation : 415 / 3360 [100.00%] @ "54288000"
// RTL Simulation : 416 / 3360 [100.00%] @ "54418000"
// RTL Simulation : 417 / 3360 [100.00%] @ "54543000"
// RTL Simulation : 418 / 3360 [100.00%] @ "54668000"
// RTL Simulation : 419 / 3360 [100.00%] @ "54793000"
// RTL Simulation : 420 / 3360 [100.00%] @ "54918000"
// RTL Simulation : 421 / 3360 [100.00%] @ "55048000"
// RTL Simulation : 422 / 3360 [100.00%] @ "55178000"
// RTL Simulation : 423 / 3360 [100.00%] @ "55303000"
// RTL Simulation : 424 / 3360 [100.00%] @ "55428000"
// RTL Simulation : 425 / 3360 [100.00%] @ "55553000"
// RTL Simulation : 426 / 3360 [100.00%] @ "55678000"
// RTL Simulation : 427 / 3360 [100.00%] @ "55808000"
// RTL Simulation : 428 / 3360 [100.00%] @ "55938000"
// RTL Simulation : 429 / 3360 [100.00%] @ "56063000"
// RTL Simulation : 430 / 3360 [100.00%] @ "56188000"
// RTL Simulation : 431 / 3360 [100.00%] @ "56313000"
// RTL Simulation : 432 / 3360 [100.00%] @ "56438000"
// RTL Simulation : 433 / 3360 [100.00%] @ "56593000"
// RTL Simulation : 434 / 3360 [100.00%] @ "56748000"
// RTL Simulation : 435 / 3360 [100.00%] @ "56873000"
// RTL Simulation : 436 / 3360 [100.00%] @ "56998000"
// RTL Simulation : 437 / 3360 [100.00%] @ "57123000"
// RTL Simulation : 438 / 3360 [100.00%] @ "57248000"
// RTL Simulation : 439 / 3360 [100.00%] @ "57403000"
// RTL Simulation : 440 / 3360 [100.00%] @ "57558000"
// RTL Simulation : 441 / 3360 [100.00%] @ "57683000"
// RTL Simulation : 442 / 3360 [100.00%] @ "57808000"
// RTL Simulation : 443 / 3360 [100.00%] @ "57933000"
// RTL Simulation : 444 / 3360 [100.00%] @ "58058000"
// RTL Simulation : 445 / 3360 [100.00%] @ "58213000"
// RTL Simulation : 446 / 3360 [100.00%] @ "58368000"
// RTL Simulation : 447 / 3360 [100.00%] @ "58493000"
// RTL Simulation : 448 / 3360 [100.00%] @ "58618000"
// RTL Simulation : 449 / 3360 [100.00%] @ "58743000"
// RTL Simulation : 450 / 3360 [100.00%] @ "58868000"
// RTL Simulation : 451 / 3360 [100.00%] @ "59023000"
// RTL Simulation : 452 / 3360 [100.00%] @ "59178000"
// RTL Simulation : 453 / 3360 [100.00%] @ "59303000"
// RTL Simulation : 454 / 3360 [100.00%] @ "59428000"
// RTL Simulation : 455 / 3360 [100.00%] @ "59553000"
// RTL Simulation : 456 / 3360 [100.00%] @ "59678000"
// RTL Simulation : 457 / 3360 [100.00%] @ "59833000"
// RTL Simulation : 458 / 3360 [100.00%] @ "59988000"
// RTL Simulation : 459 / 3360 [100.00%] @ "60113000"
// RTL Simulation : 460 / 3360 [100.00%] @ "60238000"
// RTL Simulation : 461 / 3360 [100.00%] @ "60363000"
// RTL Simulation : 462 / 3360 [100.00%] @ "60488000"
// RTL Simulation : 463 / 3360 [100.00%] @ "60643000"
// RTL Simulation : 464 / 3360 [100.00%] @ "60798000"
// RTL Simulation : 465 / 3360 [100.00%] @ "60923000"
// RTL Simulation : 466 / 3360 [100.00%] @ "61048000"
// RTL Simulation : 467 / 3360 [100.00%] @ "61173000"
// RTL Simulation : 468 / 3360 [100.00%] @ "61298000"
// RTL Simulation : 469 / 3360 [100.00%] @ "61453000"
// RTL Simulation : 470 / 3360 [100.00%] @ "61608000"
// RTL Simulation : 471 / 3360 [100.00%] @ "61733000"
// RTL Simulation : 472 / 3360 [100.00%] @ "61858000"
// RTL Simulation : 473 / 3360 [100.00%] @ "61983000"
// RTL Simulation : 474 / 3360 [100.00%] @ "62108000"
// RTL Simulation : 475 / 3360 [100.00%] @ "62263000"
// RTL Simulation : 476 / 3360 [100.00%] @ "62418000"
// RTL Simulation : 477 / 3360 [100.00%] @ "62543000"
// RTL Simulation : 478 / 3360 [100.00%] @ "62668000"
// RTL Simulation : 479 / 3360 [100.00%] @ "62793000"
// RTL Simulation : 480 / 3360 [100.00%] @ "62918000"
// RTL Simulation : 481 / 3360 [100.00%] @ "63048000"
// RTL Simulation : 482 / 3360 [100.00%] @ "63178000"
// RTL Simulation : 483 / 3360 [100.00%] @ "63303000"
// RTL Simulation : 484 / 3360 [100.00%] @ "63428000"
// RTL Simulation : 485 / 3360 [100.00%] @ "63553000"
// RTL Simulation : 486 / 3360 [100.00%] @ "63678000"
// RTL Simulation : 487 / 3360 [100.00%] @ "63808000"
// RTL Simulation : 488 / 3360 [100.00%] @ "63938000"
// RTL Simulation : 489 / 3360 [100.00%] @ "64063000"
// RTL Simulation : 490 / 3360 [100.00%] @ "64188000"
// RTL Simulation : 491 / 3360 [100.00%] @ "64313000"
// RTL Simulation : 492 / 3360 [100.00%] @ "64438000"
// RTL Simulation : 493 / 3360 [100.00%] @ "64568000"
// RTL Simulation : 494 / 3360 [100.00%] @ "64698000"
// RTL Simulation : 495 / 3360 [100.00%] @ "64823000"
// RTL Simulation : 496 / 3360 [100.00%] @ "64948000"
// RTL Simulation : 497 / 3360 [100.00%] @ "65073000"
// RTL Simulation : 498 / 3360 [100.00%] @ "65198000"
// RTL Simulation : 499 / 3360 [100.00%] @ "65328000"
// RTL Simulation : 500 / 3360 [100.00%] @ "65458000"
// RTL Simulation : 501 / 3360 [100.00%] @ "65583000"
// RTL Simulation : 502 / 3360 [100.00%] @ "65708000"
// RTL Simulation : 503 / 3360 [100.00%] @ "65833000"
// RTL Simulation : 504 / 3360 [100.00%] @ "65958000"
// RTL Simulation : 505 / 3360 [100.00%] @ "66088000"
// RTL Simulation : 506 / 3360 [100.00%] @ "66218000"
// RTL Simulation : 507 / 3360 [100.00%] @ "66343000"
// RTL Simulation : 508 / 3360 [100.00%] @ "66468000"
// RTL Simulation : 509 / 3360 [100.00%] @ "66593000"
// RTL Simulation : 510 / 3360 [100.00%] @ "66718000"
// RTL Simulation : 511 / 3360 [100.00%] @ "66848000"
// RTL Simulation : 512 / 3360 [100.00%] @ "66978000"
// RTL Simulation : 513 / 3360 [100.00%] @ "67103000"
// RTL Simulation : 514 / 3360 [100.00%] @ "67228000"
// RTL Simulation : 515 / 3360 [100.00%] @ "67353000"
// RTL Simulation : 516 / 3360 [100.00%] @ "67478000"
// RTL Simulation : 517 / 3360 [100.00%] @ "67608000"
// RTL Simulation : 518 / 3360 [100.00%] @ "67738000"
// RTL Simulation : 519 / 3360 [100.00%] @ "67863000"
// RTL Simulation : 520 / 3360 [100.00%] @ "67988000"
// RTL Simulation : 521 / 3360 [100.00%] @ "68113000"
// RTL Simulation : 522 / 3360 [100.00%] @ "68238000"
// RTL Simulation : 523 / 3360 [100.00%] @ "68368000"
// RTL Simulation : 524 / 3360 [100.00%] @ "68498000"
// RTL Simulation : 525 / 3360 [100.00%] @ "68623000"
// RTL Simulation : 526 / 3360 [100.00%] @ "68748000"
// RTL Simulation : 527 / 3360 [100.00%] @ "68873000"
// RTL Simulation : 528 / 3360 [100.00%] @ "68998000"
// RTL Simulation : 529 / 3360 [100.00%] @ "69153000"
// RTL Simulation : 530 / 3360 [100.00%] @ "69308000"
// RTL Simulation : 531 / 3360 [100.00%] @ "69433000"
// RTL Simulation : 532 / 3360 [100.00%] @ "69558000"
// RTL Simulation : 533 / 3360 [100.00%] @ "69683000"
// RTL Simulation : 534 / 3360 [100.00%] @ "69808000"
// RTL Simulation : 535 / 3360 [100.00%] @ "69963000"
// RTL Simulation : 536 / 3360 [100.00%] @ "70118000"
// RTL Simulation : 537 / 3360 [100.00%] @ "70243000"
// RTL Simulation : 538 / 3360 [100.00%] @ "70368000"
// RTL Simulation : 539 / 3360 [100.00%] @ "70493000"
// RTL Simulation : 540 / 3360 [100.00%] @ "70618000"
// RTL Simulation : 541 / 3360 [100.00%] @ "70773000"
// RTL Simulation : 542 / 3360 [100.00%] @ "70928000"
// RTL Simulation : 543 / 3360 [100.00%] @ "71053000"
// RTL Simulation : 544 / 3360 [100.00%] @ "71178000"
// RTL Simulation : 545 / 3360 [100.00%] @ "71303000"
// RTL Simulation : 546 / 3360 [100.00%] @ "71428000"
// RTL Simulation : 547 / 3360 [100.00%] @ "71583000"
// RTL Simulation : 548 / 3360 [100.00%] @ "71738000"
// RTL Simulation : 549 / 3360 [100.00%] @ "71863000"
// RTL Simulation : 550 / 3360 [100.00%] @ "71988000"
// RTL Simulation : 551 / 3360 [100.00%] @ "72113000"
// RTL Simulation : 552 / 3360 [100.00%] @ "72238000"
// RTL Simulation : 553 / 3360 [100.00%] @ "72393000"
// RTL Simulation : 554 / 3360 [100.00%] @ "72548000"
// RTL Simulation : 555 / 3360 [100.00%] @ "72673000"
// RTL Simulation : 556 / 3360 [100.00%] @ "72798000"
// RTL Simulation : 557 / 3360 [100.00%] @ "72923000"
// RTL Simulation : 558 / 3360 [100.00%] @ "73048000"
// RTL Simulation : 559 / 3360 [100.00%] @ "73203000"
// RTL Simulation : 560 / 3360 [100.00%] @ "73358000"
// RTL Simulation : 561 / 3360 [100.00%] @ "73483000"
// RTL Simulation : 562 / 3360 [100.00%] @ "73608000"
// RTL Simulation : 563 / 3360 [100.00%] @ "73733000"
// RTL Simulation : 564 / 3360 [100.00%] @ "73858000"
// RTL Simulation : 565 / 3360 [100.00%] @ "74013000"
// RTL Simulation : 566 / 3360 [100.00%] @ "74168000"
// RTL Simulation : 567 / 3360 [100.00%] @ "74293000"
// RTL Simulation : 568 / 3360 [100.00%] @ "74418000"
// RTL Simulation : 569 / 3360 [100.00%] @ "74543000"
// RTL Simulation : 570 / 3360 [100.00%] @ "74668000"
// RTL Simulation : 571 / 3360 [100.00%] @ "74823000"
// RTL Simulation : 572 / 3360 [100.00%] @ "74978000"
// RTL Simulation : 573 / 3360 [100.00%] @ "75103000"
// RTL Simulation : 574 / 3360 [100.00%] @ "75228000"
// RTL Simulation : 575 / 3360 [100.00%] @ "75353000"
// RTL Simulation : 576 / 3360 [100.00%] @ "75478000"
// RTL Simulation : 577 / 3360 [100.00%] @ "75608000"
// RTL Simulation : 578 / 3360 [100.00%] @ "75738000"
// RTL Simulation : 579 / 3360 [100.00%] @ "75863000"
// RTL Simulation : 580 / 3360 [100.00%] @ "75988000"
// RTL Simulation : 581 / 3360 [100.00%] @ "76113000"
// RTL Simulation : 582 / 3360 [100.00%] @ "76238000"
// RTL Simulation : 583 / 3360 [100.00%] @ "76368000"
// RTL Simulation : 584 / 3360 [100.00%] @ "76498000"
// RTL Simulation : 585 / 3360 [100.00%] @ "76623000"
// RTL Simulation : 586 / 3360 [100.00%] @ "76748000"
// RTL Simulation : 587 / 3360 [100.00%] @ "76873000"
// RTL Simulation : 588 / 3360 [100.00%] @ "76998000"
// RTL Simulation : 589 / 3360 [100.00%] @ "77128000"
// RTL Simulation : 590 / 3360 [100.00%] @ "77258000"
// RTL Simulation : 591 / 3360 [100.00%] @ "77383000"
// RTL Simulation : 592 / 3360 [100.00%] @ "77508000"
// RTL Simulation : 593 / 3360 [100.00%] @ "77633000"
// RTL Simulation : 594 / 3360 [100.00%] @ "77758000"
// RTL Simulation : 595 / 3360 [100.00%] @ "77888000"
// RTL Simulation : 596 / 3360 [100.00%] @ "78018000"
// RTL Simulation : 597 / 3360 [100.00%] @ "78143000"
// RTL Simulation : 598 / 3360 [100.00%] @ "78268000"
// RTL Simulation : 599 / 3360 [100.00%] @ "78393000"
// RTL Simulation : 600 / 3360 [100.00%] @ "78518000"
// RTL Simulation : 601 / 3360 [100.00%] @ "78648000"
// RTL Simulation : 602 / 3360 [100.00%] @ "78778000"
// RTL Simulation : 603 / 3360 [100.00%] @ "78903000"
// RTL Simulation : 604 / 3360 [100.00%] @ "79028000"
// RTL Simulation : 605 / 3360 [100.00%] @ "79153000"
// RTL Simulation : 606 / 3360 [100.00%] @ "79278000"
// RTL Simulation : 607 / 3360 [100.00%] @ "79408000"
// RTL Simulation : 608 / 3360 [100.00%] @ "79538000"
// RTL Simulation : 609 / 3360 [100.00%] @ "79663000"
// RTL Simulation : 610 / 3360 [100.00%] @ "79788000"
// RTL Simulation : 611 / 3360 [100.00%] @ "79913000"
// RTL Simulation : 612 / 3360 [100.00%] @ "80038000"
// RTL Simulation : 613 / 3360 [100.00%] @ "80168000"
// RTL Simulation : 614 / 3360 [100.00%] @ "80298000"
// RTL Simulation : 615 / 3360 [100.00%] @ "80423000"
// RTL Simulation : 616 / 3360 [100.00%] @ "80548000"
// RTL Simulation : 617 / 3360 [100.00%] @ "80673000"
// RTL Simulation : 618 / 3360 [100.00%] @ "80798000"
// RTL Simulation : 619 / 3360 [100.00%] @ "80928000"
// RTL Simulation : 620 / 3360 [100.00%] @ "81058000"
// RTL Simulation : 621 / 3360 [100.00%] @ "81183000"
// RTL Simulation : 622 / 3360 [100.00%] @ "81308000"
// RTL Simulation : 623 / 3360 [100.00%] @ "81433000"
// RTL Simulation : 624 / 3360 [100.00%] @ "81558000"
// RTL Simulation : 625 / 3360 [100.00%] @ "81713000"
// RTL Simulation : 626 / 3360 [100.00%] @ "81868000"
// RTL Simulation : 627 / 3360 [100.00%] @ "81993000"
// RTL Simulation : 628 / 3360 [100.00%] @ "82118000"
// RTL Simulation : 629 / 3360 [100.00%] @ "82243000"
// RTL Simulation : 630 / 3360 [100.00%] @ "82368000"
// RTL Simulation : 631 / 3360 [100.00%] @ "82523000"
// RTL Simulation : 632 / 3360 [100.00%] @ "82678000"
// RTL Simulation : 633 / 3360 [100.00%] @ "82803000"
// RTL Simulation : 634 / 3360 [100.00%] @ "82928000"
// RTL Simulation : 635 / 3360 [100.00%] @ "83053000"
// RTL Simulation : 636 / 3360 [100.00%] @ "83178000"
// RTL Simulation : 637 / 3360 [100.00%] @ "83333000"
// RTL Simulation : 638 / 3360 [100.00%] @ "83488000"
// RTL Simulation : 639 / 3360 [100.00%] @ "83613000"
// RTL Simulation : 640 / 3360 [100.00%] @ "83738000"
// RTL Simulation : 641 / 3360 [100.00%] @ "83863000"
// RTL Simulation : 642 / 3360 [100.00%] @ "83988000"
// RTL Simulation : 643 / 3360 [100.00%] @ "84143000"
// RTL Simulation : 644 / 3360 [100.00%] @ "84298000"
// RTL Simulation : 645 / 3360 [100.00%] @ "84423000"
// RTL Simulation : 646 / 3360 [100.00%] @ "84548000"
// RTL Simulation : 647 / 3360 [100.00%] @ "84673000"
// RTL Simulation : 648 / 3360 [100.00%] @ "84798000"
// RTL Simulation : 649 / 3360 [100.00%] @ "84953000"
// RTL Simulation : 650 / 3360 [100.00%] @ "85108000"
// RTL Simulation : 651 / 3360 [100.00%] @ "85233000"
// RTL Simulation : 652 / 3360 [100.00%] @ "85358000"
// RTL Simulation : 653 / 3360 [100.00%] @ "85483000"
// RTL Simulation : 654 / 3360 [100.00%] @ "85608000"
// RTL Simulation : 655 / 3360 [100.00%] @ "85763000"
// RTL Simulation : 656 / 3360 [100.00%] @ "85918000"
// RTL Simulation : 657 / 3360 [100.00%] @ "86043000"
// RTL Simulation : 658 / 3360 [100.00%] @ "86168000"
// RTL Simulation : 659 / 3360 [100.00%] @ "86293000"
// RTL Simulation : 660 / 3360 [100.00%] @ "86418000"
// RTL Simulation : 661 / 3360 [100.00%] @ "86573000"
// RTL Simulation : 662 / 3360 [100.00%] @ "86728000"
// RTL Simulation : 663 / 3360 [100.00%] @ "86853000"
// RTL Simulation : 664 / 3360 [100.00%] @ "86978000"
// RTL Simulation : 665 / 3360 [100.00%] @ "87103000"
// RTL Simulation : 666 / 3360 [100.00%] @ "87228000"
// RTL Simulation : 667 / 3360 [100.00%] @ "87383000"
// RTL Simulation : 668 / 3360 [100.00%] @ "87538000"
// RTL Simulation : 669 / 3360 [100.00%] @ "87663000"
// RTL Simulation : 670 / 3360 [100.00%] @ "87788000"
// RTL Simulation : 671 / 3360 [100.00%] @ "87913000"
// RTL Simulation : 672 / 3360 [100.00%] @ "88038000"
// RTL Simulation : 673 / 3360 [100.00%] @ "88168000"
// RTL Simulation : 674 / 3360 [100.00%] @ "88298000"
// RTL Simulation : 675 / 3360 [100.00%] @ "88423000"
// RTL Simulation : 676 / 3360 [100.00%] @ "88548000"
// RTL Simulation : 677 / 3360 [100.00%] @ "88673000"
// RTL Simulation : 678 / 3360 [100.00%] @ "88798000"
// RTL Simulation : 679 / 3360 [100.00%] @ "88928000"
// RTL Simulation : 680 / 3360 [100.00%] @ "89058000"
// RTL Simulation : 681 / 3360 [100.00%] @ "89183000"
// RTL Simulation : 682 / 3360 [100.00%] @ "89308000"
// RTL Simulation : 683 / 3360 [100.00%] @ "89433000"
// RTL Simulation : 684 / 3360 [100.00%] @ "89558000"
// RTL Simulation : 685 / 3360 [100.00%] @ "89688000"
// RTL Simulation : 686 / 3360 [100.00%] @ "89818000"
// RTL Simulation : 687 / 3360 [100.00%] @ "89943000"
// RTL Simulation : 688 / 3360 [100.00%] @ "90068000"
// RTL Simulation : 689 / 3360 [100.00%] @ "90193000"
// RTL Simulation : 690 / 3360 [100.00%] @ "90318000"
// RTL Simulation : 691 / 3360 [100.00%] @ "90448000"
// RTL Simulation : 692 / 3360 [100.00%] @ "90578000"
// RTL Simulation : 693 / 3360 [100.00%] @ "90703000"
// RTL Simulation : 694 / 3360 [100.00%] @ "90828000"
// RTL Simulation : 695 / 3360 [100.00%] @ "90953000"
// RTL Simulation : 696 / 3360 [100.00%] @ "91078000"
// RTL Simulation : 697 / 3360 [100.00%] @ "91208000"
// RTL Simulation : 698 / 3360 [100.00%] @ "91338000"
// RTL Simulation : 699 / 3360 [100.00%] @ "91463000"
// RTL Simulation : 700 / 3360 [100.00%] @ "91588000"
// RTL Simulation : 701 / 3360 [100.00%] @ "91713000"
// RTL Simulation : 702 / 3360 [100.00%] @ "91838000"
// RTL Simulation : 703 / 3360 [100.00%] @ "91968000"
// RTL Simulation : 704 / 3360 [100.00%] @ "92098000"
// RTL Simulation : 705 / 3360 [100.00%] @ "92223000"
// RTL Simulation : 706 / 3360 [100.00%] @ "92348000"
// RTL Simulation : 707 / 3360 [100.00%] @ "92473000"
// RTL Simulation : 708 / 3360 [100.00%] @ "92598000"
// RTL Simulation : 709 / 3360 [100.00%] @ "92728000"
// RTL Simulation : 710 / 3360 [100.00%] @ "92858000"
// RTL Simulation : 711 / 3360 [100.00%] @ "92983000"
// RTL Simulation : 712 / 3360 [100.00%] @ "93108000"
// RTL Simulation : 713 / 3360 [100.00%] @ "93233000"
// RTL Simulation : 714 / 3360 [100.00%] @ "93358000"
// RTL Simulation : 715 / 3360 [100.00%] @ "93488000"
// RTL Simulation : 716 / 3360 [100.00%] @ "93618000"
// RTL Simulation : 717 / 3360 [100.00%] @ "93743000"
// RTL Simulation : 718 / 3360 [100.00%] @ "93868000"
// RTL Simulation : 719 / 3360 [100.00%] @ "93993000"
// RTL Simulation : 720 / 3360 [100.00%] @ "94118000"
// RTL Simulation : 721 / 3360 [100.00%] @ "94273000"
// RTL Simulation : 722 / 3360 [100.00%] @ "94428000"
// RTL Simulation : 723 / 3360 [100.00%] @ "94553000"
// RTL Simulation : 724 / 3360 [100.00%] @ "94678000"
// RTL Simulation : 725 / 3360 [100.00%] @ "94803000"
// RTL Simulation : 726 / 3360 [100.00%] @ "94928000"
// RTL Simulation : 727 / 3360 [100.00%] @ "95083000"
// RTL Simulation : 728 / 3360 [100.00%] @ "95238000"
// RTL Simulation : 729 / 3360 [100.00%] @ "95363000"
// RTL Simulation : 730 / 3360 [100.00%] @ "95488000"
// RTL Simulation : 731 / 3360 [100.00%] @ "95613000"
// RTL Simulation : 732 / 3360 [100.00%] @ "95738000"
// RTL Simulation : 733 / 3360 [100.00%] @ "95893000"
// RTL Simulation : 734 / 3360 [100.00%] @ "96048000"
// RTL Simulation : 735 / 3360 [100.00%] @ "96173000"
// RTL Simulation : 736 / 3360 [100.00%] @ "96298000"
// RTL Simulation : 737 / 3360 [100.00%] @ "96423000"
// RTL Simulation : 738 / 3360 [100.00%] @ "96548000"
// RTL Simulation : 739 / 3360 [100.00%] @ "96703000"
// RTL Simulation : 740 / 3360 [100.00%] @ "96858000"
// RTL Simulation : 741 / 3360 [100.00%] @ "96983000"
// RTL Simulation : 742 / 3360 [100.00%] @ "97108000"
// RTL Simulation : 743 / 3360 [100.00%] @ "97233000"
// RTL Simulation : 744 / 3360 [100.00%] @ "97358000"
// RTL Simulation : 745 / 3360 [100.00%] @ "97513000"
// RTL Simulation : 746 / 3360 [100.00%] @ "97668000"
// RTL Simulation : 747 / 3360 [100.00%] @ "97793000"
// RTL Simulation : 748 / 3360 [100.00%] @ "97918000"
// RTL Simulation : 749 / 3360 [100.00%] @ "98043000"
// RTL Simulation : 750 / 3360 [100.00%] @ "98168000"
// RTL Simulation : 751 / 3360 [100.00%] @ "98323000"
// RTL Simulation : 752 / 3360 [100.00%] @ "98478000"
// RTL Simulation : 753 / 3360 [100.00%] @ "98603000"
// RTL Simulation : 754 / 3360 [100.00%] @ "98728000"
// RTL Simulation : 755 / 3360 [100.00%] @ "98853000"
// RTL Simulation : 756 / 3360 [100.00%] @ "98978000"
// RTL Simulation : 757 / 3360 [100.00%] @ "99133000"
// RTL Simulation : 758 / 3360 [100.00%] @ "99288000"
// RTL Simulation : 759 / 3360 [100.00%] @ "99413000"
// RTL Simulation : 760 / 3360 [100.00%] @ "99538000"
// RTL Simulation : 761 / 3360 [100.00%] @ "99663000"
// RTL Simulation : 762 / 3360 [100.00%] @ "99788000"
// RTL Simulation : 763 / 3360 [100.00%] @ "99943000"
// RTL Simulation : 764 / 3360 [100.00%] @ "100098000"
// RTL Simulation : 765 / 3360 [100.00%] @ "100223000"
// RTL Simulation : 766 / 3360 [100.00%] @ "100348000"
// RTL Simulation : 767 / 3360 [100.00%] @ "100473000"
// RTL Simulation : 768 / 3360 [100.00%] @ "100598000"
// RTL Simulation : 769 / 3360 [100.00%] @ "100728000"
// RTL Simulation : 770 / 3360 [100.00%] @ "100858000"
// RTL Simulation : 771 / 3360 [100.00%] @ "100983000"
// RTL Simulation : 772 / 3360 [100.00%] @ "101108000"
// RTL Simulation : 773 / 3360 [100.00%] @ "101233000"
// RTL Simulation : 774 / 3360 [100.00%] @ "101358000"
// RTL Simulation : 775 / 3360 [100.00%] @ "101488000"
// RTL Simulation : 776 / 3360 [100.00%] @ "101618000"
// RTL Simulation : 777 / 3360 [100.00%] @ "101743000"
// RTL Simulation : 778 / 3360 [100.00%] @ "101868000"
// RTL Simulation : 779 / 3360 [100.00%] @ "101993000"
// RTL Simulation : 780 / 3360 [100.00%] @ "102118000"
// RTL Simulation : 781 / 3360 [100.00%] @ "102248000"
// RTL Simulation : 782 / 3360 [100.00%] @ "102378000"
// RTL Simulation : 783 / 3360 [100.00%] @ "102503000"
// RTL Simulation : 784 / 3360 [100.00%] @ "102628000"
// RTL Simulation : 785 / 3360 [100.00%] @ "102753000"
// RTL Simulation : 786 / 3360 [100.00%] @ "102878000"
// RTL Simulation : 787 / 3360 [100.00%] @ "103008000"
// RTL Simulation : 788 / 3360 [100.00%] @ "103138000"
// RTL Simulation : 789 / 3360 [100.00%] @ "103263000"
// RTL Simulation : 790 / 3360 [100.00%] @ "103388000"
// RTL Simulation : 791 / 3360 [100.00%] @ "103513000"
// RTL Simulation : 792 / 3360 [100.00%] @ "103638000"
// RTL Simulation : 793 / 3360 [100.00%] @ "103768000"
// RTL Simulation : 794 / 3360 [100.00%] @ "103898000"
// RTL Simulation : 795 / 3360 [100.00%] @ "104023000"
// RTL Simulation : 796 / 3360 [100.00%] @ "104148000"
// RTL Simulation : 797 / 3360 [100.00%] @ "104273000"
// RTL Simulation : 798 / 3360 [100.00%] @ "104398000"
// RTL Simulation : 799 / 3360 [100.00%] @ "104528000"
// RTL Simulation : 800 / 3360 [100.00%] @ "104658000"
// RTL Simulation : 801 / 3360 [100.00%] @ "104783000"
// RTL Simulation : 802 / 3360 [100.00%] @ "104908000"
// RTL Simulation : 803 / 3360 [100.00%] @ "105033000"
// RTL Simulation : 804 / 3360 [100.00%] @ "105158000"
// RTL Simulation : 805 / 3360 [100.00%] @ "105288000"
// RTL Simulation : 806 / 3360 [100.00%] @ "105418000"
// RTL Simulation : 807 / 3360 [100.00%] @ "105543000"
// RTL Simulation : 808 / 3360 [100.00%] @ "105668000"
// RTL Simulation : 809 / 3360 [100.00%] @ "105793000"
// RTL Simulation : 810 / 3360 [100.00%] @ "105918000"
// RTL Simulation : 811 / 3360 [100.00%] @ "106048000"
// RTL Simulation : 812 / 3360 [100.00%] @ "106178000"
// RTL Simulation : 813 / 3360 [100.00%] @ "106303000"
// RTL Simulation : 814 / 3360 [100.00%] @ "106428000"
// RTL Simulation : 815 / 3360 [100.00%] @ "106553000"
// RTL Simulation : 816 / 3360 [100.00%] @ "106678000"
// RTL Simulation : 817 / 3360 [100.00%] @ "106833000"
// RTL Simulation : 818 / 3360 [100.00%] @ "106988000"
// RTL Simulation : 819 / 3360 [100.00%] @ "107113000"
// RTL Simulation : 820 / 3360 [100.00%] @ "107238000"
// RTL Simulation : 821 / 3360 [100.00%] @ "107363000"
// RTL Simulation : 822 / 3360 [100.00%] @ "107488000"
// RTL Simulation : 823 / 3360 [100.00%] @ "107643000"
// RTL Simulation : 824 / 3360 [100.00%] @ "107798000"
// RTL Simulation : 825 / 3360 [100.00%] @ "107923000"
// RTL Simulation : 826 / 3360 [100.00%] @ "108048000"
// RTL Simulation : 827 / 3360 [100.00%] @ "108173000"
// RTL Simulation : 828 / 3360 [100.00%] @ "108298000"
// RTL Simulation : 829 / 3360 [100.00%] @ "108453000"
// RTL Simulation : 830 / 3360 [100.00%] @ "108608000"
// RTL Simulation : 831 / 3360 [100.00%] @ "108733000"
// RTL Simulation : 832 / 3360 [100.00%] @ "108858000"
// RTL Simulation : 833 / 3360 [100.00%] @ "108983000"
// RTL Simulation : 834 / 3360 [100.00%] @ "109108000"
// RTL Simulation : 835 / 3360 [100.00%] @ "109263000"
// RTL Simulation : 836 / 3360 [100.00%] @ "109418000"
// RTL Simulation : 837 / 3360 [100.00%] @ "109543000"
// RTL Simulation : 838 / 3360 [100.00%] @ "109668000"
// RTL Simulation : 839 / 3360 [100.00%] @ "109793000"
// RTL Simulation : 840 / 3360 [100.00%] @ "109918000"
// RTL Simulation : 841 / 3360 [100.00%] @ "110073000"
// RTL Simulation : 842 / 3360 [100.00%] @ "110228000"
// RTL Simulation : 843 / 3360 [100.00%] @ "110353000"
// RTL Simulation : 844 / 3360 [100.00%] @ "110478000"
// RTL Simulation : 845 / 3360 [100.00%] @ "110603000"
// RTL Simulation : 846 / 3360 [100.00%] @ "110728000"
// RTL Simulation : 847 / 3360 [100.00%] @ "110883000"
// RTL Simulation : 848 / 3360 [100.00%] @ "111038000"
// RTL Simulation : 849 / 3360 [100.00%] @ "111163000"
// RTL Simulation : 850 / 3360 [100.00%] @ "111288000"
// RTL Simulation : 851 / 3360 [100.00%] @ "111413000"
// RTL Simulation : 852 / 3360 [100.00%] @ "111538000"
// RTL Simulation : 853 / 3360 [100.00%] @ "111693000"
// RTL Simulation : 854 / 3360 [100.00%] @ "111848000"
// RTL Simulation : 855 / 3360 [100.00%] @ "111973000"
// RTL Simulation : 856 / 3360 [100.00%] @ "112098000"
// RTL Simulation : 857 / 3360 [100.00%] @ "112223000"
// RTL Simulation : 858 / 3360 [100.00%] @ "112348000"
// RTL Simulation : 859 / 3360 [100.00%] @ "112503000"
// RTL Simulation : 860 / 3360 [100.00%] @ "112658000"
// RTL Simulation : 861 / 3360 [100.00%] @ "112783000"
// RTL Simulation : 862 / 3360 [100.00%] @ "112908000"
// RTL Simulation : 863 / 3360 [100.00%] @ "113033000"
// RTL Simulation : 864 / 3360 [100.00%] @ "113158000"
// RTL Simulation : 865 / 3360 [100.00%] @ "113288000"
// RTL Simulation : 866 / 3360 [100.00%] @ "113418000"
// RTL Simulation : 867 / 3360 [100.00%] @ "113543000"
// RTL Simulation : 868 / 3360 [100.00%] @ "113668000"
// RTL Simulation : 869 / 3360 [100.00%] @ "113793000"
// RTL Simulation : 870 / 3360 [100.00%] @ "113918000"
// RTL Simulation : 871 / 3360 [100.00%] @ "114048000"
// RTL Simulation : 872 / 3360 [100.00%] @ "114178000"
// RTL Simulation : 873 / 3360 [100.00%] @ "114303000"
// RTL Simulation : 874 / 3360 [100.00%] @ "114428000"
// RTL Simulation : 875 / 3360 [100.00%] @ "114553000"
// RTL Simulation : 876 / 3360 [100.00%] @ "114678000"
// RTL Simulation : 877 / 3360 [100.00%] @ "114808000"
// RTL Simulation : 878 / 3360 [100.00%] @ "114938000"
// RTL Simulation : 879 / 3360 [100.00%] @ "115063000"
// RTL Simulation : 880 / 3360 [100.00%] @ "115188000"
// RTL Simulation : 881 / 3360 [100.00%] @ "115313000"
// RTL Simulation : 882 / 3360 [100.00%] @ "115438000"
// RTL Simulation : 883 / 3360 [100.00%] @ "115568000"
// RTL Simulation : 884 / 3360 [100.00%] @ "115698000"
// RTL Simulation : 885 / 3360 [100.00%] @ "115823000"
// RTL Simulation : 886 / 3360 [100.00%] @ "115948000"
// RTL Simulation : 887 / 3360 [100.00%] @ "116073000"
// RTL Simulation : 888 / 3360 [100.00%] @ "116198000"
// RTL Simulation : 889 / 3360 [100.00%] @ "116328000"
// RTL Simulation : 890 / 3360 [100.00%] @ "116458000"
// RTL Simulation : 891 / 3360 [100.00%] @ "116583000"
// RTL Simulation : 892 / 3360 [100.00%] @ "116708000"
// RTL Simulation : 893 / 3360 [100.00%] @ "116833000"
// RTL Simulation : 894 / 3360 [100.00%] @ "116958000"
// RTL Simulation : 895 / 3360 [100.00%] @ "117088000"
// RTL Simulation : 896 / 3360 [100.00%] @ "117218000"
// RTL Simulation : 897 / 3360 [100.00%] @ "117343000"
// RTL Simulation : 898 / 3360 [100.00%] @ "117468000"
// RTL Simulation : 899 / 3360 [100.00%] @ "117593000"
// RTL Simulation : 900 / 3360 [100.00%] @ "117718000"
// RTL Simulation : 901 / 3360 [100.00%] @ "117848000"
// RTL Simulation : 902 / 3360 [100.00%] @ "117978000"
// RTL Simulation : 903 / 3360 [100.00%] @ "118103000"
// RTL Simulation : 904 / 3360 [100.00%] @ "118228000"
// RTL Simulation : 905 / 3360 [100.00%] @ "118353000"
// RTL Simulation : 906 / 3360 [100.00%] @ "118478000"
// RTL Simulation : 907 / 3360 [100.00%] @ "118608000"
// RTL Simulation : 908 / 3360 [100.00%] @ "118738000"
// RTL Simulation : 909 / 3360 [100.00%] @ "118863000"
// RTL Simulation : 910 / 3360 [100.00%] @ "118988000"
// RTL Simulation : 911 / 3360 [100.00%] @ "119113000"
// RTL Simulation : 912 / 3360 [100.00%] @ "119238000"
// RTL Simulation : 913 / 3360 [100.00%] @ "119393000"
// RTL Simulation : 914 / 3360 [100.00%] @ "119548000"
// RTL Simulation : 915 / 3360 [100.00%] @ "119673000"
// RTL Simulation : 916 / 3360 [100.00%] @ "119798000"
// RTL Simulation : 917 / 3360 [100.00%] @ "119923000"
// RTL Simulation : 918 / 3360 [100.00%] @ "120048000"
// RTL Simulation : 919 / 3360 [100.00%] @ "120203000"
// RTL Simulation : 920 / 3360 [100.00%] @ "120358000"
// RTL Simulation : 921 / 3360 [100.00%] @ "120483000"
// RTL Simulation : 922 / 3360 [100.00%] @ "120608000"
// RTL Simulation : 923 / 3360 [100.00%] @ "120733000"
// RTL Simulation : 924 / 3360 [100.00%] @ "120858000"
// RTL Simulation : 925 / 3360 [100.00%] @ "121013000"
// RTL Simulation : 926 / 3360 [100.00%] @ "121168000"
// RTL Simulation : 927 / 3360 [100.00%] @ "121293000"
// RTL Simulation : 928 / 3360 [100.00%] @ "121418000"
// RTL Simulation : 929 / 3360 [100.00%] @ "121543000"
// RTL Simulation : 930 / 3360 [100.00%] @ "121668000"
// RTL Simulation : 931 / 3360 [100.00%] @ "121823000"
// RTL Simulation : 932 / 3360 [100.00%] @ "121978000"
// RTL Simulation : 933 / 3360 [100.00%] @ "122103000"
// RTL Simulation : 934 / 3360 [100.00%] @ "122228000"
// RTL Simulation : 935 / 3360 [100.00%] @ "122353000"
// RTL Simulation : 936 / 3360 [100.00%] @ "122478000"
// RTL Simulation : 937 / 3360 [100.00%] @ "122633000"
// RTL Simulation : 938 / 3360 [100.00%] @ "122788000"
// RTL Simulation : 939 / 3360 [100.00%] @ "122913000"
// RTL Simulation : 940 / 3360 [100.00%] @ "123038000"
// RTL Simulation : 941 / 3360 [100.00%] @ "123163000"
// RTL Simulation : 942 / 3360 [100.00%] @ "123288000"
// RTL Simulation : 943 / 3360 [100.00%] @ "123443000"
// RTL Simulation : 944 / 3360 [100.00%] @ "123598000"
// RTL Simulation : 945 / 3360 [100.00%] @ "123723000"
// RTL Simulation : 946 / 3360 [100.00%] @ "123848000"
// RTL Simulation : 947 / 3360 [100.00%] @ "123973000"
// RTL Simulation : 948 / 3360 [100.00%] @ "124098000"
// RTL Simulation : 949 / 3360 [100.00%] @ "124253000"
// RTL Simulation : 950 / 3360 [100.00%] @ "124408000"
// RTL Simulation : 951 / 3360 [100.00%] @ "124533000"
// RTL Simulation : 952 / 3360 [100.00%] @ "124658000"
// RTL Simulation : 953 / 3360 [100.00%] @ "124783000"
// RTL Simulation : 954 / 3360 [100.00%] @ "124908000"
// RTL Simulation : 955 / 3360 [100.00%] @ "125063000"
// RTL Simulation : 956 / 3360 [100.00%] @ "125218000"
// RTL Simulation : 957 / 3360 [100.00%] @ "125343000"
// RTL Simulation : 958 / 3360 [100.00%] @ "125468000"
// RTL Simulation : 959 / 3360 [100.00%] @ "125593000"
// RTL Simulation : 960 / 3360 [100.00%] @ "125718000"
// RTL Simulation : 961 / 3360 [100.00%] @ "125848000"
// RTL Simulation : 962 / 3360 [100.00%] @ "125978000"
// RTL Simulation : 963 / 3360 [100.00%] @ "126103000"
// RTL Simulation : 964 / 3360 [100.00%] @ "126228000"
// RTL Simulation : 965 / 3360 [100.00%] @ "126353000"
// RTL Simulation : 966 / 3360 [100.00%] @ "126478000"
// RTL Simulation : 967 / 3360 [100.00%] @ "126608000"
// RTL Simulation : 968 / 3360 [100.00%] @ "126738000"
// RTL Simulation : 969 / 3360 [100.00%] @ "126863000"
// RTL Simulation : 970 / 3360 [100.00%] @ "126988000"
// RTL Simulation : 971 / 3360 [100.00%] @ "127113000"
// RTL Simulation : 972 / 3360 [100.00%] @ "127238000"
// RTL Simulation : 973 / 3360 [100.00%] @ "127368000"
// RTL Simulation : 974 / 3360 [100.00%] @ "127498000"
// RTL Simulation : 975 / 3360 [100.00%] @ "127623000"
// RTL Simulation : 976 / 3360 [100.00%] @ "127748000"
// RTL Simulation : 977 / 3360 [100.00%] @ "127873000"
// RTL Simulation : 978 / 3360 [100.00%] @ "127998000"
// RTL Simulation : 979 / 3360 [100.00%] @ "128128000"
// RTL Simulation : 980 / 3360 [100.00%] @ "128258000"
// RTL Simulation : 981 / 3360 [100.00%] @ "128383000"
// RTL Simulation : 982 / 3360 [100.00%] @ "128508000"
// RTL Simulation : 983 / 3360 [100.00%] @ "128633000"
// RTL Simulation : 984 / 3360 [100.00%] @ "128758000"
// RTL Simulation : 985 / 3360 [100.00%] @ "128888000"
// RTL Simulation : 986 / 3360 [100.00%] @ "129018000"
// RTL Simulation : 987 / 3360 [100.00%] @ "129143000"
// RTL Simulation : 988 / 3360 [100.00%] @ "129268000"
// RTL Simulation : 989 / 3360 [100.00%] @ "129393000"
// RTL Simulation : 990 / 3360 [100.00%] @ "129518000"
// RTL Simulation : 991 / 3360 [100.00%] @ "129648000"
// RTL Simulation : 992 / 3360 [100.00%] @ "129778000"
// RTL Simulation : 993 / 3360 [100.00%] @ "129903000"
// RTL Simulation : 994 / 3360 [100.00%] @ "130028000"
// RTL Simulation : 995 / 3360 [100.00%] @ "130153000"
// RTL Simulation : 996 / 3360 [100.00%] @ "130278000"
// RTL Simulation : 997 / 3360 [100.00%] @ "130408000"
// RTL Simulation : 998 / 3360 [100.00%] @ "130538000"
// RTL Simulation : 999 / 3360 [100.00%] @ "130663000"
// RTL Simulation : 1000 / 3360 [100.00%] @ "130788000"
// RTL Simulation : 1001 / 3360 [100.00%] @ "130913000"
// RTL Simulation : 1002 / 3360 [100.00%] @ "131038000"
// RTL Simulation : 1003 / 3360 [100.00%] @ "131168000"
// RTL Simulation : 1004 / 3360 [100.00%] @ "131298000"
// RTL Simulation : 1005 / 3360 [100.00%] @ "131423000"
// RTL Simulation : 1006 / 3360 [100.00%] @ "131548000"
// RTL Simulation : 1007 / 3360 [100.00%] @ "131673000"
// RTL Simulation : 1008 / 3360 [100.00%] @ "131798000"
// RTL Simulation : 1009 / 3360 [100.00%] @ "131953000"
// RTL Simulation : 1010 / 3360 [100.00%] @ "132108000"
// RTL Simulation : 1011 / 3360 [100.00%] @ "132233000"
// RTL Simulation : 1012 / 3360 [100.00%] @ "132358000"
// RTL Simulation : 1013 / 3360 [100.00%] @ "132483000"
// RTL Simulation : 1014 / 3360 [100.00%] @ "132608000"
// RTL Simulation : 1015 / 3360 [100.00%] @ "132763000"
// RTL Simulation : 1016 / 3360 [100.00%] @ "132918000"
// RTL Simulation : 1017 / 3360 [100.00%] @ "133043000"
// RTL Simulation : 1018 / 3360 [100.00%] @ "133168000"
// RTL Simulation : 1019 / 3360 [100.00%] @ "133293000"
// RTL Simulation : 1020 / 3360 [100.00%] @ "133418000"
// RTL Simulation : 1021 / 3360 [100.00%] @ "133573000"
// RTL Simulation : 1022 / 3360 [100.00%] @ "133728000"
// RTL Simulation : 1023 / 3360 [100.00%] @ "133853000"
// RTL Simulation : 1024 / 3360 [100.00%] @ "133978000"
// RTL Simulation : 1025 / 3360 [100.00%] @ "134103000"
// RTL Simulation : 1026 / 3360 [100.00%] @ "134228000"
// RTL Simulation : 1027 / 3360 [100.00%] @ "134383000"
// RTL Simulation : 1028 / 3360 [100.00%] @ "134538000"
// RTL Simulation : 1029 / 3360 [100.00%] @ "134663000"
// RTL Simulation : 1030 / 3360 [100.00%] @ "134788000"
// RTL Simulation : 1031 / 3360 [100.00%] @ "134913000"
// RTL Simulation : 1032 / 3360 [100.00%] @ "135038000"
// RTL Simulation : 1033 / 3360 [100.00%] @ "135193000"
// RTL Simulation : 1034 / 3360 [100.00%] @ "135348000"
// RTL Simulation : 1035 / 3360 [100.00%] @ "135473000"
// RTL Simulation : 1036 / 3360 [100.00%] @ "135598000"
// RTL Simulation : 1037 / 3360 [100.00%] @ "135723000"
// RTL Simulation : 1038 / 3360 [100.00%] @ "135848000"
// RTL Simulation : 1039 / 3360 [100.00%] @ "136003000"
// RTL Simulation : 1040 / 3360 [100.00%] @ "136158000"
// RTL Simulation : 1041 / 3360 [100.00%] @ "136283000"
// RTL Simulation : 1042 / 3360 [100.00%] @ "136408000"
// RTL Simulation : 1043 / 3360 [100.00%] @ "136533000"
// RTL Simulation : 1044 / 3360 [100.00%] @ "136658000"
// RTL Simulation : 1045 / 3360 [100.00%] @ "136813000"
// RTL Simulation : 1046 / 3360 [100.00%] @ "136968000"
// RTL Simulation : 1047 / 3360 [100.00%] @ "137093000"
// RTL Simulation : 1048 / 3360 [100.00%] @ "137218000"
// RTL Simulation : 1049 / 3360 [100.00%] @ "137343000"
// RTL Simulation : 1050 / 3360 [100.00%] @ "137468000"
// RTL Simulation : 1051 / 3360 [100.00%] @ "137623000"
// RTL Simulation : 1052 / 3360 [100.00%] @ "137778000"
// RTL Simulation : 1053 / 3360 [100.00%] @ "137903000"
// RTL Simulation : 1054 / 3360 [100.00%] @ "138028000"
// RTL Simulation : 1055 / 3360 [100.00%] @ "138153000"
// RTL Simulation : 1056 / 3360 [100.00%] @ "138278000"
// RTL Simulation : 1057 / 3360 [100.00%] @ "138408000"
// RTL Simulation : 1058 / 3360 [100.00%] @ "138538000"
// RTL Simulation : 1059 / 3360 [100.00%] @ "138663000"
// RTL Simulation : 1060 / 3360 [100.00%] @ "138788000"
// RTL Simulation : 1061 / 3360 [100.00%] @ "138913000"
// RTL Simulation : 1062 / 3360 [100.00%] @ "139038000"
// RTL Simulation : 1063 / 3360 [100.00%] @ "139168000"
// RTL Simulation : 1064 / 3360 [100.00%] @ "139298000"
// RTL Simulation : 1065 / 3360 [100.00%] @ "139423000"
// RTL Simulation : 1066 / 3360 [100.00%] @ "139548000"
// RTL Simulation : 1067 / 3360 [100.00%] @ "139673000"
// RTL Simulation : 1068 / 3360 [100.00%] @ "139798000"
// RTL Simulation : 1069 / 3360 [100.00%] @ "139928000"
// RTL Simulation : 1070 / 3360 [100.00%] @ "140058000"
// RTL Simulation : 1071 / 3360 [100.00%] @ "140183000"
// RTL Simulation : 1072 / 3360 [100.00%] @ "140308000"
// RTL Simulation : 1073 / 3360 [100.00%] @ "140433000"
// RTL Simulation : 1074 / 3360 [100.00%] @ "140558000"
// RTL Simulation : 1075 / 3360 [100.00%] @ "140688000"
// RTL Simulation : 1076 / 3360 [100.00%] @ "140818000"
// RTL Simulation : 1077 / 3360 [100.00%] @ "140943000"
// RTL Simulation : 1078 / 3360 [100.00%] @ "141068000"
// RTL Simulation : 1079 / 3360 [100.00%] @ "141193000"
// RTL Simulation : 1080 / 3360 [100.00%] @ "141318000"
// RTL Simulation : 1081 / 3360 [100.00%] @ "141448000"
// RTL Simulation : 1082 / 3360 [100.00%] @ "141578000"
// RTL Simulation : 1083 / 3360 [100.00%] @ "141703000"
// RTL Simulation : 1084 / 3360 [100.00%] @ "141828000"
// RTL Simulation : 1085 / 3360 [100.00%] @ "141953000"
// RTL Simulation : 1086 / 3360 [100.00%] @ "142078000"
// RTL Simulation : 1087 / 3360 [100.00%] @ "142208000"
// RTL Simulation : 1088 / 3360 [100.00%] @ "142338000"
// RTL Simulation : 1089 / 3360 [100.00%] @ "142463000"
// RTL Simulation : 1090 / 3360 [100.00%] @ "142588000"
// RTL Simulation : 1091 / 3360 [100.00%] @ "142713000"
// RTL Simulation : 1092 / 3360 [100.00%] @ "142838000"
// RTL Simulation : 1093 / 3360 [100.00%] @ "142968000"
// RTL Simulation : 1094 / 3360 [100.00%] @ "143098000"
// RTL Simulation : 1095 / 3360 [100.00%] @ "143223000"
// RTL Simulation : 1096 / 3360 [100.00%] @ "143348000"
// RTL Simulation : 1097 / 3360 [100.00%] @ "143473000"
// RTL Simulation : 1098 / 3360 [100.00%] @ "143598000"
// RTL Simulation : 1099 / 3360 [100.00%] @ "143728000"
// RTL Simulation : 1100 / 3360 [100.00%] @ "143858000"
// RTL Simulation : 1101 / 3360 [100.00%] @ "143983000"
// RTL Simulation : 1102 / 3360 [100.00%] @ "144108000"
// RTL Simulation : 1103 / 3360 [100.00%] @ "144233000"
// RTL Simulation : 1104 / 3360 [100.00%] @ "144358000"
// RTL Simulation : 1105 / 3360 [100.00%] @ "144513000"
// RTL Simulation : 1106 / 3360 [100.00%] @ "144668000"
// RTL Simulation : 1107 / 3360 [100.00%] @ "144793000"
// RTL Simulation : 1108 / 3360 [100.00%] @ "144918000"
// RTL Simulation : 1109 / 3360 [100.00%] @ "145043000"
// RTL Simulation : 1110 / 3360 [100.00%] @ "145168000"
// RTL Simulation : 1111 / 3360 [100.00%] @ "145323000"
// RTL Simulation : 1112 / 3360 [100.00%] @ "145478000"
// RTL Simulation : 1113 / 3360 [100.00%] @ "145603000"
// RTL Simulation : 1114 / 3360 [100.00%] @ "145728000"
// RTL Simulation : 1115 / 3360 [100.00%] @ "145853000"
// RTL Simulation : 1116 / 3360 [100.00%] @ "145978000"
// RTL Simulation : 1117 / 3360 [100.00%] @ "146133000"
// RTL Simulation : 1118 / 3360 [100.00%] @ "146288000"
// RTL Simulation : 1119 / 3360 [100.00%] @ "146413000"
// RTL Simulation : 1120 / 3360 [100.00%] @ "146538000"
// RTL Simulation : 1121 / 3360 [100.00%] @ "146663000"
// RTL Simulation : 1122 / 3360 [100.00%] @ "146788000"
// RTL Simulation : 1123 / 3360 [100.00%] @ "146943000"
// RTL Simulation : 1124 / 3360 [100.00%] @ "147098000"
// RTL Simulation : 1125 / 3360 [100.00%] @ "147223000"
// RTL Simulation : 1126 / 3360 [100.00%] @ "147348000"
// RTL Simulation : 1127 / 3360 [100.00%] @ "147473000"
// RTL Simulation : 1128 / 3360 [100.00%] @ "147598000"
// RTL Simulation : 1129 / 3360 [100.00%] @ "147753000"
// RTL Simulation : 1130 / 3360 [100.00%] @ "147908000"
// RTL Simulation : 1131 / 3360 [100.00%] @ "148033000"
// RTL Simulation : 1132 / 3360 [100.00%] @ "148158000"
// RTL Simulation : 1133 / 3360 [100.00%] @ "148283000"
// RTL Simulation : 1134 / 3360 [100.00%] @ "148408000"
// RTL Simulation : 1135 / 3360 [100.00%] @ "148563000"
// RTL Simulation : 1136 / 3360 [100.00%] @ "148718000"
// RTL Simulation : 1137 / 3360 [100.00%] @ "148843000"
// RTL Simulation : 1138 / 3360 [100.00%] @ "148968000"
// RTL Simulation : 1139 / 3360 [100.00%] @ "149093000"
// RTL Simulation : 1140 / 3360 [100.00%] @ "149218000"
// RTL Simulation : 1141 / 3360 [100.00%] @ "149373000"
// RTL Simulation : 1142 / 3360 [100.00%] @ "149528000"
// RTL Simulation : 1143 / 3360 [100.00%] @ "149653000"
// RTL Simulation : 1144 / 3360 [100.00%] @ "149778000"
// RTL Simulation : 1145 / 3360 [100.00%] @ "149903000"
// RTL Simulation : 1146 / 3360 [100.00%] @ "150028000"
// RTL Simulation : 1147 / 3360 [100.00%] @ "150183000"
// RTL Simulation : 1148 / 3360 [100.00%] @ "150338000"
// RTL Simulation : 1149 / 3360 [100.00%] @ "150463000"
// RTL Simulation : 1150 / 3360 [100.00%] @ "150588000"
// RTL Simulation : 1151 / 3360 [100.00%] @ "150713000"
// RTL Simulation : 1152 / 3360 [100.00%] @ "150838000"
// RTL Simulation : 1153 / 3360 [100.00%] @ "150968000"
// RTL Simulation : 1154 / 3360 [100.00%] @ "151098000"
// RTL Simulation : 1155 / 3360 [100.00%] @ "151223000"
// RTL Simulation : 1156 / 3360 [100.00%] @ "151348000"
// RTL Simulation : 1157 / 3360 [100.00%] @ "151473000"
// RTL Simulation : 1158 / 3360 [100.00%] @ "151598000"
// RTL Simulation : 1159 / 3360 [100.00%] @ "151728000"
// RTL Simulation : 1160 / 3360 [100.00%] @ "151858000"
// RTL Simulation : 1161 / 3360 [100.00%] @ "151983000"
// RTL Simulation : 1162 / 3360 [100.00%] @ "152108000"
// RTL Simulation : 1163 / 3360 [100.00%] @ "152233000"
// RTL Simulation : 1164 / 3360 [100.00%] @ "152358000"
// RTL Simulation : 1165 / 3360 [100.00%] @ "152488000"
// RTL Simulation : 1166 / 3360 [100.00%] @ "152618000"
// RTL Simulation : 1167 / 3360 [100.00%] @ "152743000"
// RTL Simulation : 1168 / 3360 [100.00%] @ "152868000"
// RTL Simulation : 1169 / 3360 [100.00%] @ "152993000"
// RTL Simulation : 1170 / 3360 [100.00%] @ "153118000"
// RTL Simulation : 1171 / 3360 [100.00%] @ "153248000"
// RTL Simulation : 1172 / 3360 [100.00%] @ "153378000"
// RTL Simulation : 1173 / 3360 [100.00%] @ "153503000"
// RTL Simulation : 1174 / 3360 [100.00%] @ "153628000"
// RTL Simulation : 1175 / 3360 [100.00%] @ "153753000"
// RTL Simulation : 1176 / 3360 [100.00%] @ "153878000"
// RTL Simulation : 1177 / 3360 [100.00%] @ "154008000"
// RTL Simulation : 1178 / 3360 [100.00%] @ "154138000"
// RTL Simulation : 1179 / 3360 [100.00%] @ "154263000"
// RTL Simulation : 1180 / 3360 [100.00%] @ "154388000"
// RTL Simulation : 1181 / 3360 [100.00%] @ "154513000"
// RTL Simulation : 1182 / 3360 [100.00%] @ "154638000"
// RTL Simulation : 1183 / 3360 [100.00%] @ "154768000"
// RTL Simulation : 1184 / 3360 [100.00%] @ "154898000"
// RTL Simulation : 1185 / 3360 [100.00%] @ "155023000"
// RTL Simulation : 1186 / 3360 [100.00%] @ "155148000"
// RTL Simulation : 1187 / 3360 [100.00%] @ "155273000"
// RTL Simulation : 1188 / 3360 [100.00%] @ "155398000"
// RTL Simulation : 1189 / 3360 [100.00%] @ "155528000"
// RTL Simulation : 1190 / 3360 [100.00%] @ "155658000"
// RTL Simulation : 1191 / 3360 [100.00%] @ "155783000"
// RTL Simulation : 1192 / 3360 [100.00%] @ "155908000"
// RTL Simulation : 1193 / 3360 [100.00%] @ "156033000"
// RTL Simulation : 1194 / 3360 [100.00%] @ "156158000"
// RTL Simulation : 1195 / 3360 [100.00%] @ "156288000"
// RTL Simulation : 1196 / 3360 [100.00%] @ "156418000"
// RTL Simulation : 1197 / 3360 [100.00%] @ "156543000"
// RTL Simulation : 1198 / 3360 [100.00%] @ "156668000"
// RTL Simulation : 1199 / 3360 [100.00%] @ "156793000"
// RTL Simulation : 1200 / 3360 [100.00%] @ "156918000"
// RTL Simulation : 1201 / 3360 [100.00%] @ "157073000"
// RTL Simulation : 1202 / 3360 [100.00%] @ "157228000"
// RTL Simulation : 1203 / 3360 [100.00%] @ "157353000"
// RTL Simulation : 1204 / 3360 [100.00%] @ "157478000"
// RTL Simulation : 1205 / 3360 [100.00%] @ "157603000"
// RTL Simulation : 1206 / 3360 [100.00%] @ "157728000"
// RTL Simulation : 1207 / 3360 [100.00%] @ "157883000"
// RTL Simulation : 1208 / 3360 [100.00%] @ "158038000"
// RTL Simulation : 1209 / 3360 [100.00%] @ "158163000"
// RTL Simulation : 1210 / 3360 [100.00%] @ "158288000"
// RTL Simulation : 1211 / 3360 [100.00%] @ "158413000"
// RTL Simulation : 1212 / 3360 [100.00%] @ "158538000"
// RTL Simulation : 1213 / 3360 [100.00%] @ "158693000"
// RTL Simulation : 1214 / 3360 [100.00%] @ "158848000"
// RTL Simulation : 1215 / 3360 [100.00%] @ "158973000"
// RTL Simulation : 1216 / 3360 [100.00%] @ "159098000"
// RTL Simulation : 1217 / 3360 [100.00%] @ "159223000"
// RTL Simulation : 1218 / 3360 [100.00%] @ "159348000"
// RTL Simulation : 1219 / 3360 [100.00%] @ "159503000"
// RTL Simulation : 1220 / 3360 [100.00%] @ "159658000"
// RTL Simulation : 1221 / 3360 [100.00%] @ "159783000"
// RTL Simulation : 1222 / 3360 [100.00%] @ "159908000"
// RTL Simulation : 1223 / 3360 [100.00%] @ "160033000"
// RTL Simulation : 1224 / 3360 [100.00%] @ "160158000"
// RTL Simulation : 1225 / 3360 [100.00%] @ "160313000"
// RTL Simulation : 1226 / 3360 [100.00%] @ "160468000"
// RTL Simulation : 1227 / 3360 [100.00%] @ "160593000"
// RTL Simulation : 1228 / 3360 [100.00%] @ "160718000"
// RTL Simulation : 1229 / 3360 [100.00%] @ "160843000"
// RTL Simulation : 1230 / 3360 [100.00%] @ "160968000"
// RTL Simulation : 1231 / 3360 [100.00%] @ "161123000"
// RTL Simulation : 1232 / 3360 [100.00%] @ "161278000"
// RTL Simulation : 1233 / 3360 [100.00%] @ "161403000"
// RTL Simulation : 1234 / 3360 [100.00%] @ "161528000"
// RTL Simulation : 1235 / 3360 [100.00%] @ "161653000"
// RTL Simulation : 1236 / 3360 [100.00%] @ "161778000"
// RTL Simulation : 1237 / 3360 [100.00%] @ "161933000"
// RTL Simulation : 1238 / 3360 [100.00%] @ "162088000"
// RTL Simulation : 1239 / 3360 [100.00%] @ "162213000"
// RTL Simulation : 1240 / 3360 [100.00%] @ "162338000"
// RTL Simulation : 1241 / 3360 [100.00%] @ "162463000"
// RTL Simulation : 1242 / 3360 [100.00%] @ "162588000"
// RTL Simulation : 1243 / 3360 [100.00%] @ "162743000"
// RTL Simulation : 1244 / 3360 [100.00%] @ "162898000"
// RTL Simulation : 1245 / 3360 [100.00%] @ "163023000"
// RTL Simulation : 1246 / 3360 [100.00%] @ "163148000"
// RTL Simulation : 1247 / 3360 [100.00%] @ "163273000"
// RTL Simulation : 1248 / 3360 [100.00%] @ "163398000"
// RTL Simulation : 1249 / 3360 [100.00%] @ "163528000"
// RTL Simulation : 1250 / 3360 [100.00%] @ "163658000"
// RTL Simulation : 1251 / 3360 [100.00%] @ "163783000"
// RTL Simulation : 1252 / 3360 [100.00%] @ "163908000"
// RTL Simulation : 1253 / 3360 [100.00%] @ "164033000"
// RTL Simulation : 1254 / 3360 [100.00%] @ "164158000"
// RTL Simulation : 1255 / 3360 [100.00%] @ "164288000"
// RTL Simulation : 1256 / 3360 [100.00%] @ "164418000"
// RTL Simulation : 1257 / 3360 [100.00%] @ "164543000"
// RTL Simulation : 1258 / 3360 [100.00%] @ "164668000"
// RTL Simulation : 1259 / 3360 [100.00%] @ "164793000"
// RTL Simulation : 1260 / 3360 [100.00%] @ "164918000"
// RTL Simulation : 1261 / 3360 [100.00%] @ "165048000"
// RTL Simulation : 1262 / 3360 [100.00%] @ "165178000"
// RTL Simulation : 1263 / 3360 [100.00%] @ "165303000"
// RTL Simulation : 1264 / 3360 [100.00%] @ "165428000"
// RTL Simulation : 1265 / 3360 [100.00%] @ "165553000"
// RTL Simulation : 1266 / 3360 [100.00%] @ "165678000"
// RTL Simulation : 1267 / 3360 [100.00%] @ "165808000"
// RTL Simulation : 1268 / 3360 [100.00%] @ "165938000"
// RTL Simulation : 1269 / 3360 [100.00%] @ "166063000"
// RTL Simulation : 1270 / 3360 [100.00%] @ "166188000"
// RTL Simulation : 1271 / 3360 [100.00%] @ "166313000"
// RTL Simulation : 1272 / 3360 [100.00%] @ "166438000"
// RTL Simulation : 1273 / 3360 [100.00%] @ "166568000"
// RTL Simulation : 1274 / 3360 [100.00%] @ "166698000"
// RTL Simulation : 1275 / 3360 [100.00%] @ "166823000"
// RTL Simulation : 1276 / 3360 [100.00%] @ "166948000"
// RTL Simulation : 1277 / 3360 [100.00%] @ "167073000"
// RTL Simulation : 1278 / 3360 [100.00%] @ "167198000"
// RTL Simulation : 1279 / 3360 [100.00%] @ "167328000"
// RTL Simulation : 1280 / 3360 [100.00%] @ "167458000"
// RTL Simulation : 1281 / 3360 [100.00%] @ "167583000"
// RTL Simulation : 1282 / 3360 [100.00%] @ "167708000"
// RTL Simulation : 1283 / 3360 [100.00%] @ "167833000"
// RTL Simulation : 1284 / 3360 [100.00%] @ "167958000"
// RTL Simulation : 1285 / 3360 [100.00%] @ "168088000"
// RTL Simulation : 1286 / 3360 [100.00%] @ "168218000"
// RTL Simulation : 1287 / 3360 [100.00%] @ "168343000"
// RTL Simulation : 1288 / 3360 [100.00%] @ "168468000"
// RTL Simulation : 1289 / 3360 [100.00%] @ "168593000"
// RTL Simulation : 1290 / 3360 [100.00%] @ "168718000"
// RTL Simulation : 1291 / 3360 [100.00%] @ "168848000"
// RTL Simulation : 1292 / 3360 [100.00%] @ "168978000"
// RTL Simulation : 1293 / 3360 [100.00%] @ "169103000"
// RTL Simulation : 1294 / 3360 [100.00%] @ "169228000"
// RTL Simulation : 1295 / 3360 [100.00%] @ "169353000"
// RTL Simulation : 1296 / 3360 [100.00%] @ "169478000"
// RTL Simulation : 1297 / 3360 [100.00%] @ "169633000"
// RTL Simulation : 1298 / 3360 [100.00%] @ "169788000"
// RTL Simulation : 1299 / 3360 [100.00%] @ "169913000"
// RTL Simulation : 1300 / 3360 [100.00%] @ "170038000"
// RTL Simulation : 1301 / 3360 [100.00%] @ "170163000"
// RTL Simulation : 1302 / 3360 [100.00%] @ "170288000"
// RTL Simulation : 1303 / 3360 [100.00%] @ "170443000"
// RTL Simulation : 1304 / 3360 [100.00%] @ "170598000"
// RTL Simulation : 1305 / 3360 [100.00%] @ "170723000"
// RTL Simulation : 1306 / 3360 [100.00%] @ "170848000"
// RTL Simulation : 1307 / 3360 [100.00%] @ "170973000"
// RTL Simulation : 1308 / 3360 [100.00%] @ "171098000"
// RTL Simulation : 1309 / 3360 [100.00%] @ "171253000"
// RTL Simulation : 1310 / 3360 [100.00%] @ "171408000"
// RTL Simulation : 1311 / 3360 [100.00%] @ "171533000"
// RTL Simulation : 1312 / 3360 [100.00%] @ "171658000"
// RTL Simulation : 1313 / 3360 [100.00%] @ "171783000"
// RTL Simulation : 1314 / 3360 [100.00%] @ "171908000"
// RTL Simulation : 1315 / 3360 [100.00%] @ "172063000"
// RTL Simulation : 1316 / 3360 [100.00%] @ "172218000"
// RTL Simulation : 1317 / 3360 [100.00%] @ "172343000"
// RTL Simulation : 1318 / 3360 [100.00%] @ "172468000"
// RTL Simulation : 1319 / 3360 [100.00%] @ "172593000"
// RTL Simulation : 1320 / 3360 [100.00%] @ "172718000"
// RTL Simulation : 1321 / 3360 [100.00%] @ "172873000"
// RTL Simulation : 1322 / 3360 [100.00%] @ "173028000"
// RTL Simulation : 1323 / 3360 [100.00%] @ "173153000"
// RTL Simulation : 1324 / 3360 [100.00%] @ "173278000"
// RTL Simulation : 1325 / 3360 [100.00%] @ "173403000"
// RTL Simulation : 1326 / 3360 [100.00%] @ "173528000"
// RTL Simulation : 1327 / 3360 [100.00%] @ "173683000"
// RTL Simulation : 1328 / 3360 [100.00%] @ "173838000"
// RTL Simulation : 1329 / 3360 [100.00%] @ "173963000"
// RTL Simulation : 1330 / 3360 [100.00%] @ "174088000"
// RTL Simulation : 1331 / 3360 [100.00%] @ "174213000"
// RTL Simulation : 1332 / 3360 [100.00%] @ "174338000"
// RTL Simulation : 1333 / 3360 [100.00%] @ "174493000"
// RTL Simulation : 1334 / 3360 [100.00%] @ "174648000"
// RTL Simulation : 1335 / 3360 [100.00%] @ "174773000"
// RTL Simulation : 1336 / 3360 [100.00%] @ "174898000"
// RTL Simulation : 1337 / 3360 [100.00%] @ "175023000"
// RTL Simulation : 1338 / 3360 [100.00%] @ "175148000"
// RTL Simulation : 1339 / 3360 [100.00%] @ "175303000"
// RTL Simulation : 1340 / 3360 [100.00%] @ "175458000"
// RTL Simulation : 1341 / 3360 [100.00%] @ "175583000"
// RTL Simulation : 1342 / 3360 [100.00%] @ "175708000"
// RTL Simulation : 1343 / 3360 [100.00%] @ "175833000"
// RTL Simulation : 1344 / 3360 [100.00%] @ "175958000"
// RTL Simulation : 1345 / 3360 [100.00%] @ "176088000"
// RTL Simulation : 1346 / 3360 [100.00%] @ "176218000"
// RTL Simulation : 1347 / 3360 [100.00%] @ "176343000"
// RTL Simulation : 1348 / 3360 [100.00%] @ "176468000"
// RTL Simulation : 1349 / 3360 [100.00%] @ "176593000"
// RTL Simulation : 1350 / 3360 [100.00%] @ "176718000"
// RTL Simulation : 1351 / 3360 [100.00%] @ "176848000"
// RTL Simulation : 1352 / 3360 [100.00%] @ "176978000"
// RTL Simulation : 1353 / 3360 [100.00%] @ "177103000"
// RTL Simulation : 1354 / 3360 [100.00%] @ "177228000"
// RTL Simulation : 1355 / 3360 [100.00%] @ "177353000"
// RTL Simulation : 1356 / 3360 [100.00%] @ "177478000"
// RTL Simulation : 1357 / 3360 [100.00%] @ "177608000"
// RTL Simulation : 1358 / 3360 [100.00%] @ "177738000"
// RTL Simulation : 1359 / 3360 [100.00%] @ "177863000"
// RTL Simulation : 1360 / 3360 [100.00%] @ "177988000"
// RTL Simulation : 1361 / 3360 [100.00%] @ "178113000"
// RTL Simulation : 1362 / 3360 [100.00%] @ "178238000"
// RTL Simulation : 1363 / 3360 [100.00%] @ "178368000"
// RTL Simulation : 1364 / 3360 [100.00%] @ "178498000"
// RTL Simulation : 1365 / 3360 [100.00%] @ "178623000"
// RTL Simulation : 1366 / 3360 [100.00%] @ "178748000"
// RTL Simulation : 1367 / 3360 [100.00%] @ "178873000"
// RTL Simulation : 1368 / 3360 [100.00%] @ "178998000"
// RTL Simulation : 1369 / 3360 [100.00%] @ "179128000"
// RTL Simulation : 1370 / 3360 [100.00%] @ "179258000"
// RTL Simulation : 1371 / 3360 [100.00%] @ "179383000"
// RTL Simulation : 1372 / 3360 [100.00%] @ "179508000"
// RTL Simulation : 1373 / 3360 [100.00%] @ "179633000"
// RTL Simulation : 1374 / 3360 [100.00%] @ "179758000"
// RTL Simulation : 1375 / 3360 [100.00%] @ "179888000"
// RTL Simulation : 1376 / 3360 [100.00%] @ "180018000"
// RTL Simulation : 1377 / 3360 [100.00%] @ "180143000"
// RTL Simulation : 1378 / 3360 [100.00%] @ "180268000"
// RTL Simulation : 1379 / 3360 [100.00%] @ "180393000"
// RTL Simulation : 1380 / 3360 [100.00%] @ "180518000"
// RTL Simulation : 1381 / 3360 [100.00%] @ "180648000"
// RTL Simulation : 1382 / 3360 [100.00%] @ "180778000"
// RTL Simulation : 1383 / 3360 [100.00%] @ "180903000"
// RTL Simulation : 1384 / 3360 [100.00%] @ "181028000"
// RTL Simulation : 1385 / 3360 [100.00%] @ "181153000"
// RTL Simulation : 1386 / 3360 [100.00%] @ "181278000"
// RTL Simulation : 1387 / 3360 [100.00%] @ "181408000"
// RTL Simulation : 1388 / 3360 [100.00%] @ "181538000"
// RTL Simulation : 1389 / 3360 [100.00%] @ "181663000"
// RTL Simulation : 1390 / 3360 [100.00%] @ "181788000"
// RTL Simulation : 1391 / 3360 [100.00%] @ "181913000"
// RTL Simulation : 1392 / 3360 [100.00%] @ "182038000"
// RTL Simulation : 1393 / 3360 [100.00%] @ "182193000"
// RTL Simulation : 1394 / 3360 [100.00%] @ "182348000"
// RTL Simulation : 1395 / 3360 [100.00%] @ "182473000"
// RTL Simulation : 1396 / 3360 [100.00%] @ "182598000"
// RTL Simulation : 1397 / 3360 [100.00%] @ "182723000"
// RTL Simulation : 1398 / 3360 [100.00%] @ "182848000"
// RTL Simulation : 1399 / 3360 [100.00%] @ "183003000"
// RTL Simulation : 1400 / 3360 [100.00%] @ "183158000"
// RTL Simulation : 1401 / 3360 [100.00%] @ "183283000"
// RTL Simulation : 1402 / 3360 [100.00%] @ "183408000"
// RTL Simulation : 1403 / 3360 [100.00%] @ "183533000"
// RTL Simulation : 1404 / 3360 [100.00%] @ "183658000"
// RTL Simulation : 1405 / 3360 [100.00%] @ "183813000"
// RTL Simulation : 1406 / 3360 [100.00%] @ "183968000"
// RTL Simulation : 1407 / 3360 [100.00%] @ "184093000"
// RTL Simulation : 1408 / 3360 [100.00%] @ "184218000"
// RTL Simulation : 1409 / 3360 [100.00%] @ "184343000"
// RTL Simulation : 1410 / 3360 [100.00%] @ "184468000"
// RTL Simulation : 1411 / 3360 [100.00%] @ "184623000"
// RTL Simulation : 1412 / 3360 [100.00%] @ "184778000"
// RTL Simulation : 1413 / 3360 [100.00%] @ "184903000"
// RTL Simulation : 1414 / 3360 [100.00%] @ "185028000"
// RTL Simulation : 1415 / 3360 [100.00%] @ "185153000"
// RTL Simulation : 1416 / 3360 [100.00%] @ "185278000"
// RTL Simulation : 1417 / 3360 [100.00%] @ "185433000"
// RTL Simulation : 1418 / 3360 [100.00%] @ "185588000"
// RTL Simulation : 1419 / 3360 [100.00%] @ "185713000"
// RTL Simulation : 1420 / 3360 [100.00%] @ "185838000"
// RTL Simulation : 1421 / 3360 [100.00%] @ "185963000"
// RTL Simulation : 1422 / 3360 [100.00%] @ "186088000"
// RTL Simulation : 1423 / 3360 [100.00%] @ "186243000"
// RTL Simulation : 1424 / 3360 [100.00%] @ "186398000"
// RTL Simulation : 1425 / 3360 [100.00%] @ "186523000"
// RTL Simulation : 1426 / 3360 [100.00%] @ "186648000"
// RTL Simulation : 1427 / 3360 [100.00%] @ "186773000"
// RTL Simulation : 1428 / 3360 [100.00%] @ "186898000"
// RTL Simulation : 1429 / 3360 [100.00%] @ "187053000"
// RTL Simulation : 1430 / 3360 [100.00%] @ "187208000"
// RTL Simulation : 1431 / 3360 [100.00%] @ "187333000"
// RTL Simulation : 1432 / 3360 [100.00%] @ "187458000"
// RTL Simulation : 1433 / 3360 [100.00%] @ "187583000"
// RTL Simulation : 1434 / 3360 [100.00%] @ "187708000"
// RTL Simulation : 1435 / 3360 [100.00%] @ "187863000"
// RTL Simulation : 1436 / 3360 [100.00%] @ "188018000"
// RTL Simulation : 1437 / 3360 [100.00%] @ "188143000"
// RTL Simulation : 1438 / 3360 [100.00%] @ "188268000"
// RTL Simulation : 1439 / 3360 [100.00%] @ "188393000"
// RTL Simulation : 1440 / 3360 [100.00%] @ "188518000"
// RTL Simulation : 1441 / 3360 [100.00%] @ "188648000"
// RTL Simulation : 1442 / 3360 [100.00%] @ "188778000"
// RTL Simulation : 1443 / 3360 [100.00%] @ "188903000"
// RTL Simulation : 1444 / 3360 [100.00%] @ "189028000"
// RTL Simulation : 1445 / 3360 [100.00%] @ "189153000"
// RTL Simulation : 1446 / 3360 [100.00%] @ "189278000"
// RTL Simulation : 1447 / 3360 [100.00%] @ "189408000"
// RTL Simulation : 1448 / 3360 [100.00%] @ "189538000"
// RTL Simulation : 1449 / 3360 [100.00%] @ "189663000"
// RTL Simulation : 1450 / 3360 [100.00%] @ "189788000"
// RTL Simulation : 1451 / 3360 [100.00%] @ "189913000"
// RTL Simulation : 1452 / 3360 [100.00%] @ "190038000"
// RTL Simulation : 1453 / 3360 [100.00%] @ "190168000"
// RTL Simulation : 1454 / 3360 [100.00%] @ "190298000"
// RTL Simulation : 1455 / 3360 [100.00%] @ "190423000"
// RTL Simulation : 1456 / 3360 [100.00%] @ "190548000"
// RTL Simulation : 1457 / 3360 [100.00%] @ "190673000"
// RTL Simulation : 1458 / 3360 [100.00%] @ "190798000"
// RTL Simulation : 1459 / 3360 [100.00%] @ "190928000"
// RTL Simulation : 1460 / 3360 [100.00%] @ "191058000"
// RTL Simulation : 1461 / 3360 [100.00%] @ "191183000"
// RTL Simulation : 1462 / 3360 [100.00%] @ "191308000"
// RTL Simulation : 1463 / 3360 [100.00%] @ "191433000"
// RTL Simulation : 1464 / 3360 [100.00%] @ "191558000"
// RTL Simulation : 1465 / 3360 [100.00%] @ "191688000"
// RTL Simulation : 1466 / 3360 [100.00%] @ "191818000"
// RTL Simulation : 1467 / 3360 [100.00%] @ "191943000"
// RTL Simulation : 1468 / 3360 [100.00%] @ "192068000"
// RTL Simulation : 1469 / 3360 [100.00%] @ "192193000"
// RTL Simulation : 1470 / 3360 [100.00%] @ "192318000"
// RTL Simulation : 1471 / 3360 [100.00%] @ "192448000"
// RTL Simulation : 1472 / 3360 [100.00%] @ "192578000"
// RTL Simulation : 1473 / 3360 [100.00%] @ "192703000"
// RTL Simulation : 1474 / 3360 [100.00%] @ "192828000"
// RTL Simulation : 1475 / 3360 [100.00%] @ "192953000"
// RTL Simulation : 1476 / 3360 [100.00%] @ "193078000"
// RTL Simulation : 1477 / 3360 [100.00%] @ "193208000"
// RTL Simulation : 1478 / 3360 [100.00%] @ "193338000"
// RTL Simulation : 1479 / 3360 [100.00%] @ "193463000"
// RTL Simulation : 1480 / 3360 [100.00%] @ "193588000"
// RTL Simulation : 1481 / 3360 [100.00%] @ "193713000"
// RTL Simulation : 1482 / 3360 [100.00%] @ "193838000"
// RTL Simulation : 1483 / 3360 [100.00%] @ "193968000"
// RTL Simulation : 1484 / 3360 [100.00%] @ "194098000"
// RTL Simulation : 1485 / 3360 [100.00%] @ "194223000"
// RTL Simulation : 1486 / 3360 [100.00%] @ "194348000"
// RTL Simulation : 1487 / 3360 [100.00%] @ "194473000"
// RTL Simulation : 1488 / 3360 [100.00%] @ "194598000"
// RTL Simulation : 1489 / 3360 [100.00%] @ "194753000"
// RTL Simulation : 1490 / 3360 [100.00%] @ "194908000"
// RTL Simulation : 1491 / 3360 [100.00%] @ "195033000"
// RTL Simulation : 1492 / 3360 [100.00%] @ "195158000"
// RTL Simulation : 1493 / 3360 [100.00%] @ "195283000"
// RTL Simulation : 1494 / 3360 [100.00%] @ "195408000"
// RTL Simulation : 1495 / 3360 [100.00%] @ "195563000"
// RTL Simulation : 1496 / 3360 [100.00%] @ "195718000"
// RTL Simulation : 1497 / 3360 [100.00%] @ "195843000"
// RTL Simulation : 1498 / 3360 [100.00%] @ "195968000"
// RTL Simulation : 1499 / 3360 [100.00%] @ "196093000"
// RTL Simulation : 1500 / 3360 [100.00%] @ "196218000"
// RTL Simulation : 1501 / 3360 [100.00%] @ "196373000"
// RTL Simulation : 1502 / 3360 [100.00%] @ "196528000"
// RTL Simulation : 1503 / 3360 [100.00%] @ "196653000"
// RTL Simulation : 1504 / 3360 [100.00%] @ "196778000"
// RTL Simulation : 1505 / 3360 [100.00%] @ "196903000"
// RTL Simulation : 1506 / 3360 [100.00%] @ "197028000"
// RTL Simulation : 1507 / 3360 [100.00%] @ "197183000"
// RTL Simulation : 1508 / 3360 [100.00%] @ "197338000"
// RTL Simulation : 1509 / 3360 [100.00%] @ "197463000"
// RTL Simulation : 1510 / 3360 [100.00%] @ "197588000"
// RTL Simulation : 1511 / 3360 [100.00%] @ "197713000"
// RTL Simulation : 1512 / 3360 [100.00%] @ "197838000"
// RTL Simulation : 1513 / 3360 [100.00%] @ "197993000"
// RTL Simulation : 1514 / 3360 [100.00%] @ "198148000"
// RTL Simulation : 1515 / 3360 [100.00%] @ "198273000"
// RTL Simulation : 1516 / 3360 [100.00%] @ "198398000"
// RTL Simulation : 1517 / 3360 [100.00%] @ "198523000"
// RTL Simulation : 1518 / 3360 [100.00%] @ "198648000"
// RTL Simulation : 1519 / 3360 [100.00%] @ "198803000"
// RTL Simulation : 1520 / 3360 [100.00%] @ "198958000"
// RTL Simulation : 1521 / 3360 [100.00%] @ "199083000"
// RTL Simulation : 1522 / 3360 [100.00%] @ "199208000"
// RTL Simulation : 1523 / 3360 [100.00%] @ "199333000"
// RTL Simulation : 1524 / 3360 [100.00%] @ "199458000"
// RTL Simulation : 1525 / 3360 [100.00%] @ "199613000"
// RTL Simulation : 1526 / 3360 [100.00%] @ "199768000"
// RTL Simulation : 1527 / 3360 [100.00%] @ "199893000"
// RTL Simulation : 1528 / 3360 [100.00%] @ "200018000"
// RTL Simulation : 1529 / 3360 [100.00%] @ "200143000"
// RTL Simulation : 1530 / 3360 [100.00%] @ "200268000"
// RTL Simulation : 1531 / 3360 [100.00%] @ "200423000"
// RTL Simulation : 1532 / 3360 [100.00%] @ "200578000"
// RTL Simulation : 1533 / 3360 [100.00%] @ "200703000"
// RTL Simulation : 1534 / 3360 [100.00%] @ "200828000"
// RTL Simulation : 1535 / 3360 [100.00%] @ "200953000"
// RTL Simulation : 1536 / 3360 [100.00%] @ "201078000"
// RTL Simulation : 1537 / 3360 [100.00%] @ "201208000"
// RTL Simulation : 1538 / 3360 [100.00%] @ "201338000"
// RTL Simulation : 1539 / 3360 [100.00%] @ "201463000"
// RTL Simulation : 1540 / 3360 [100.00%] @ "201588000"
// RTL Simulation : 1541 / 3360 [100.00%] @ "201713000"
// RTL Simulation : 1542 / 3360 [100.00%] @ "201838000"
// RTL Simulation : 1543 / 3360 [100.00%] @ "201968000"
// RTL Simulation : 1544 / 3360 [100.00%] @ "202098000"
// RTL Simulation : 1545 / 3360 [100.00%] @ "202223000"
// RTL Simulation : 1546 / 3360 [100.00%] @ "202348000"
// RTL Simulation : 1547 / 3360 [100.00%] @ "202473000"
// RTL Simulation : 1548 / 3360 [100.00%] @ "202598000"
// RTL Simulation : 1549 / 3360 [100.00%] @ "202728000"
// RTL Simulation : 1550 / 3360 [100.00%] @ "202858000"
// RTL Simulation : 1551 / 3360 [100.00%] @ "202983000"
// RTL Simulation : 1552 / 3360 [100.00%] @ "203108000"
// RTL Simulation : 1553 / 3360 [100.00%] @ "203233000"
// RTL Simulation : 1554 / 3360 [100.00%] @ "203358000"
// RTL Simulation : 1555 / 3360 [100.00%] @ "203488000"
// RTL Simulation : 1556 / 3360 [100.00%] @ "203618000"
// RTL Simulation : 1557 / 3360 [100.00%] @ "203743000"
// RTL Simulation : 1558 / 3360 [100.00%] @ "203868000"
// RTL Simulation : 1559 / 3360 [100.00%] @ "203993000"
// RTL Simulation : 1560 / 3360 [100.00%] @ "204118000"
// RTL Simulation : 1561 / 3360 [100.00%] @ "204248000"
// RTL Simulation : 1562 / 3360 [100.00%] @ "204378000"
// RTL Simulation : 1563 / 3360 [100.00%] @ "204503000"
// RTL Simulation : 1564 / 3360 [100.00%] @ "204628000"
// RTL Simulation : 1565 / 3360 [100.00%] @ "204753000"
// RTL Simulation : 1566 / 3360 [100.00%] @ "204878000"
// RTL Simulation : 1567 / 3360 [100.00%] @ "205008000"
// RTL Simulation : 1568 / 3360 [100.00%] @ "205138000"
// RTL Simulation : 1569 / 3360 [100.00%] @ "205263000"
// RTL Simulation : 1570 / 3360 [100.00%] @ "205388000"
// RTL Simulation : 1571 / 3360 [100.00%] @ "205513000"
// RTL Simulation : 1572 / 3360 [100.00%] @ "205638000"
// RTL Simulation : 1573 / 3360 [100.00%] @ "205768000"
// RTL Simulation : 1574 / 3360 [100.00%] @ "205898000"
// RTL Simulation : 1575 / 3360 [100.00%] @ "206023000"
// RTL Simulation : 1576 / 3360 [100.00%] @ "206148000"
// RTL Simulation : 1577 / 3360 [100.00%] @ "206273000"
// RTL Simulation : 1578 / 3360 [100.00%] @ "206398000"
// RTL Simulation : 1579 / 3360 [100.00%] @ "206528000"
// RTL Simulation : 1580 / 3360 [100.00%] @ "206658000"
// RTL Simulation : 1581 / 3360 [100.00%] @ "206783000"
// RTL Simulation : 1582 / 3360 [100.00%] @ "206908000"
// RTL Simulation : 1583 / 3360 [100.00%] @ "207033000"
// RTL Simulation : 1584 / 3360 [100.00%] @ "207158000"
// RTL Simulation : 1585 / 3360 [100.00%] @ "207313000"
// RTL Simulation : 1586 / 3360 [100.00%] @ "207468000"
// RTL Simulation : 1587 / 3360 [100.00%] @ "207593000"
// RTL Simulation : 1588 / 3360 [100.00%] @ "207718000"
// RTL Simulation : 1589 / 3360 [100.00%] @ "207843000"
// RTL Simulation : 1590 / 3360 [100.00%] @ "207968000"
// RTL Simulation : 1591 / 3360 [100.00%] @ "208123000"
// RTL Simulation : 1592 / 3360 [100.00%] @ "208278000"
// RTL Simulation : 1593 / 3360 [100.00%] @ "208403000"
// RTL Simulation : 1594 / 3360 [100.00%] @ "208528000"
// RTL Simulation : 1595 / 3360 [100.00%] @ "208653000"
// RTL Simulation : 1596 / 3360 [100.00%] @ "208778000"
// RTL Simulation : 1597 / 3360 [100.00%] @ "208933000"
// RTL Simulation : 1598 / 3360 [100.00%] @ "209088000"
// RTL Simulation : 1599 / 3360 [100.00%] @ "209213000"
// RTL Simulation : 1600 / 3360 [100.00%] @ "209338000"
// RTL Simulation : 1601 / 3360 [100.00%] @ "209463000"
// RTL Simulation : 1602 / 3360 [100.00%] @ "209588000"
// RTL Simulation : 1603 / 3360 [100.00%] @ "209743000"
// RTL Simulation : 1604 / 3360 [100.00%] @ "209898000"
// RTL Simulation : 1605 / 3360 [100.00%] @ "210023000"
// RTL Simulation : 1606 / 3360 [100.00%] @ "210148000"
// RTL Simulation : 1607 / 3360 [100.00%] @ "210273000"
// RTL Simulation : 1608 / 3360 [100.00%] @ "210398000"
// RTL Simulation : 1609 / 3360 [100.00%] @ "210553000"
// RTL Simulation : 1610 / 3360 [100.00%] @ "210708000"
// RTL Simulation : 1611 / 3360 [100.00%] @ "210833000"
// RTL Simulation : 1612 / 3360 [100.00%] @ "210958000"
// RTL Simulation : 1613 / 3360 [100.00%] @ "211083000"
// RTL Simulation : 1614 / 3360 [100.00%] @ "211208000"
// RTL Simulation : 1615 / 3360 [100.00%] @ "211363000"
// RTL Simulation : 1616 / 3360 [100.00%] @ "211518000"
// RTL Simulation : 1617 / 3360 [100.00%] @ "211643000"
// RTL Simulation : 1618 / 3360 [100.00%] @ "211768000"
// RTL Simulation : 1619 / 3360 [100.00%] @ "211893000"
// RTL Simulation : 1620 / 3360 [100.00%] @ "212018000"
// RTL Simulation : 1621 / 3360 [100.00%] @ "212173000"
// RTL Simulation : 1622 / 3360 [100.00%] @ "212328000"
// RTL Simulation : 1623 / 3360 [100.00%] @ "212453000"
// RTL Simulation : 1624 / 3360 [100.00%] @ "212578000"
// RTL Simulation : 1625 / 3360 [100.00%] @ "212703000"
// RTL Simulation : 1626 / 3360 [100.00%] @ "212828000"
// RTL Simulation : 1627 / 3360 [100.00%] @ "212983000"
// RTL Simulation : 1628 / 3360 [100.00%] @ "213138000"
// RTL Simulation : 1629 / 3360 [100.00%] @ "213263000"
// RTL Simulation : 1630 / 3360 [100.00%] @ "213388000"
// RTL Simulation : 1631 / 3360 [100.00%] @ "213513000"
// RTL Simulation : 1632 / 3360 [100.00%] @ "213638000"
// RTL Simulation : 1633 / 3360 [100.00%] @ "213768000"
// RTL Simulation : 1634 / 3360 [100.00%] @ "213898000"
// RTL Simulation : 1635 / 3360 [100.00%] @ "214023000"
// RTL Simulation : 1636 / 3360 [100.00%] @ "214148000"
// RTL Simulation : 1637 / 3360 [100.00%] @ "214273000"
// RTL Simulation : 1638 / 3360 [100.00%] @ "214398000"
// RTL Simulation : 1639 / 3360 [100.00%] @ "214528000"
// RTL Simulation : 1640 / 3360 [100.00%] @ "214658000"
// RTL Simulation : 1641 / 3360 [100.00%] @ "214783000"
// RTL Simulation : 1642 / 3360 [100.00%] @ "214908000"
// RTL Simulation : 1643 / 3360 [100.00%] @ "215033000"
// RTL Simulation : 1644 / 3360 [100.00%] @ "215158000"
// RTL Simulation : 1645 / 3360 [100.00%] @ "215288000"
// RTL Simulation : 1646 / 3360 [100.00%] @ "215418000"
// RTL Simulation : 1647 / 3360 [100.00%] @ "215543000"
// RTL Simulation : 1648 / 3360 [100.00%] @ "215668000"
// RTL Simulation : 1649 / 3360 [100.00%] @ "215793000"
// RTL Simulation : 1650 / 3360 [100.00%] @ "215918000"
// RTL Simulation : 1651 / 3360 [100.00%] @ "216048000"
// RTL Simulation : 1652 / 3360 [100.00%] @ "216178000"
// RTL Simulation : 1653 / 3360 [100.00%] @ "216303000"
// RTL Simulation : 1654 / 3360 [100.00%] @ "216428000"
// RTL Simulation : 1655 / 3360 [100.00%] @ "216553000"
// RTL Simulation : 1656 / 3360 [100.00%] @ "216678000"
// RTL Simulation : 1657 / 3360 [100.00%] @ "216808000"
// RTL Simulation : 1658 / 3360 [100.00%] @ "216938000"
// RTL Simulation : 1659 / 3360 [100.00%] @ "217063000"
// RTL Simulation : 1660 / 3360 [100.00%] @ "217188000"
// RTL Simulation : 1661 / 3360 [100.00%] @ "217313000"
// RTL Simulation : 1662 / 3360 [100.00%] @ "217438000"
// RTL Simulation : 1663 / 3360 [100.00%] @ "217568000"
// RTL Simulation : 1664 / 3360 [100.00%] @ "217698000"
// RTL Simulation : 1665 / 3360 [100.00%] @ "217823000"
// RTL Simulation : 1666 / 3360 [100.00%] @ "217948000"
// RTL Simulation : 1667 / 3360 [100.00%] @ "218073000"
// RTL Simulation : 1668 / 3360 [100.00%] @ "218198000"
// RTL Simulation : 1669 / 3360 [100.00%] @ "218328000"
// RTL Simulation : 1670 / 3360 [100.00%] @ "218458000"
// RTL Simulation : 1671 / 3360 [100.00%] @ "218583000"
// RTL Simulation : 1672 / 3360 [100.00%] @ "218708000"
// RTL Simulation : 1673 / 3360 [100.00%] @ "218833000"
// RTL Simulation : 1674 / 3360 [100.00%] @ "218958000"
// RTL Simulation : 1675 / 3360 [100.00%] @ "219088000"
// RTL Simulation : 1676 / 3360 [100.00%] @ "219218000"
// RTL Simulation : 1677 / 3360 [100.00%] @ "219343000"
// RTL Simulation : 1678 / 3360 [100.00%] @ "219468000"
// RTL Simulation : 1679 / 3360 [100.00%] @ "219593000"
// RTL Simulation : 1680 / 3360 [100.00%] @ "219718000"
// RTL Simulation : 1681 / 3360 [100.00%] @ "219873000"
// RTL Simulation : 1682 / 3360 [100.00%] @ "220028000"
// RTL Simulation : 1683 / 3360 [100.00%] @ "220153000"
// RTL Simulation : 1684 / 3360 [100.00%] @ "220278000"
// RTL Simulation : 1685 / 3360 [100.00%] @ "220403000"
// RTL Simulation : 1686 / 3360 [100.00%] @ "220528000"
// RTL Simulation : 1687 / 3360 [100.00%] @ "220683000"
// RTL Simulation : 1688 / 3360 [100.00%] @ "220838000"
// RTL Simulation : 1689 / 3360 [100.00%] @ "220963000"
// RTL Simulation : 1690 / 3360 [100.00%] @ "221088000"
// RTL Simulation : 1691 / 3360 [100.00%] @ "221213000"
// RTL Simulation : 1692 / 3360 [100.00%] @ "221338000"
// RTL Simulation : 1693 / 3360 [100.00%] @ "221493000"
// RTL Simulation : 1694 / 3360 [100.00%] @ "221648000"
// RTL Simulation : 1695 / 3360 [100.00%] @ "221773000"
// RTL Simulation : 1696 / 3360 [100.00%] @ "221898000"
// RTL Simulation : 1697 / 3360 [100.00%] @ "222023000"
// RTL Simulation : 1698 / 3360 [100.00%] @ "222148000"
// RTL Simulation : 1699 / 3360 [100.00%] @ "222303000"
// RTL Simulation : 1700 / 3360 [100.00%] @ "222458000"
// RTL Simulation : 1701 / 3360 [100.00%] @ "222583000"
// RTL Simulation : 1702 / 3360 [100.00%] @ "222708000"
// RTL Simulation : 1703 / 3360 [100.00%] @ "222833000"
// RTL Simulation : 1704 / 3360 [100.00%] @ "222958000"
// RTL Simulation : 1705 / 3360 [100.00%] @ "223113000"
// RTL Simulation : 1706 / 3360 [100.00%] @ "223268000"
// RTL Simulation : 1707 / 3360 [100.00%] @ "223393000"
// RTL Simulation : 1708 / 3360 [100.00%] @ "223518000"
// RTL Simulation : 1709 / 3360 [100.00%] @ "223643000"
// RTL Simulation : 1710 / 3360 [100.00%] @ "223768000"
// RTL Simulation : 1711 / 3360 [100.00%] @ "223923000"
// RTL Simulation : 1712 / 3360 [100.00%] @ "224078000"
// RTL Simulation : 1713 / 3360 [100.00%] @ "224203000"
// RTL Simulation : 1714 / 3360 [100.00%] @ "224328000"
// RTL Simulation : 1715 / 3360 [100.00%] @ "224453000"
// RTL Simulation : 1716 / 3360 [100.00%] @ "224578000"
// RTL Simulation : 1717 / 3360 [100.00%] @ "224733000"
// RTL Simulation : 1718 / 3360 [100.00%] @ "224888000"
// RTL Simulation : 1719 / 3360 [100.00%] @ "225013000"
// RTL Simulation : 1720 / 3360 [100.00%] @ "225138000"
// RTL Simulation : 1721 / 3360 [100.00%] @ "225263000"
// RTL Simulation : 1722 / 3360 [100.00%] @ "225388000"
// RTL Simulation : 1723 / 3360 [100.00%] @ "225543000"
// RTL Simulation : 1724 / 3360 [100.00%] @ "225698000"
// RTL Simulation : 1725 / 3360 [100.00%] @ "225823000"
// RTL Simulation : 1726 / 3360 [100.00%] @ "225948000"
// RTL Simulation : 1727 / 3360 [100.00%] @ "226073000"
// RTL Simulation : 1728 / 3360 [100.00%] @ "226198000"
// RTL Simulation : 1729 / 3360 [100.00%] @ "226328000"
// RTL Simulation : 1730 / 3360 [100.00%] @ "226458000"
// RTL Simulation : 1731 / 3360 [100.00%] @ "226583000"
// RTL Simulation : 1732 / 3360 [100.00%] @ "226708000"
// RTL Simulation : 1733 / 3360 [100.00%] @ "226833000"
// RTL Simulation : 1734 / 3360 [100.00%] @ "226958000"
// RTL Simulation : 1735 / 3360 [100.00%] @ "227088000"
// RTL Simulation : 1736 / 3360 [100.00%] @ "227218000"
// RTL Simulation : 1737 / 3360 [100.00%] @ "227343000"
// RTL Simulation : 1738 / 3360 [100.00%] @ "227468000"
// RTL Simulation : 1739 / 3360 [100.00%] @ "227593000"
// RTL Simulation : 1740 / 3360 [100.00%] @ "227718000"
// RTL Simulation : 1741 / 3360 [100.00%] @ "227848000"
// RTL Simulation : 1742 / 3360 [100.00%] @ "227978000"
// RTL Simulation : 1743 / 3360 [100.00%] @ "228103000"
// RTL Simulation : 1744 / 3360 [100.00%] @ "228228000"
// RTL Simulation : 1745 / 3360 [100.00%] @ "228353000"
// RTL Simulation : 1746 / 3360 [100.00%] @ "228478000"
// RTL Simulation : 1747 / 3360 [100.00%] @ "228608000"
// RTL Simulation : 1748 / 3360 [100.00%] @ "228738000"
// RTL Simulation : 1749 / 3360 [100.00%] @ "228863000"
// RTL Simulation : 1750 / 3360 [100.00%] @ "228988000"
// RTL Simulation : 1751 / 3360 [100.00%] @ "229113000"
// RTL Simulation : 1752 / 3360 [100.00%] @ "229238000"
// RTL Simulation : 1753 / 3360 [100.00%] @ "229368000"
// RTL Simulation : 1754 / 3360 [100.00%] @ "229498000"
// RTL Simulation : 1755 / 3360 [100.00%] @ "229623000"
// RTL Simulation : 1756 / 3360 [100.00%] @ "229748000"
// RTL Simulation : 1757 / 3360 [100.00%] @ "229873000"
// RTL Simulation : 1758 / 3360 [100.00%] @ "229998000"
// RTL Simulation : 1759 / 3360 [100.00%] @ "230128000"
// RTL Simulation : 1760 / 3360 [100.00%] @ "230258000"
// RTL Simulation : 1761 / 3360 [100.00%] @ "230383000"
// RTL Simulation : 1762 / 3360 [100.00%] @ "230508000"
// RTL Simulation : 1763 / 3360 [100.00%] @ "230633000"
// RTL Simulation : 1764 / 3360 [100.00%] @ "230758000"
// RTL Simulation : 1765 / 3360 [100.00%] @ "230888000"
// RTL Simulation : 1766 / 3360 [100.00%] @ "231018000"
// RTL Simulation : 1767 / 3360 [100.00%] @ "231143000"
// RTL Simulation : 1768 / 3360 [100.00%] @ "231268000"
// RTL Simulation : 1769 / 3360 [100.00%] @ "231393000"
// RTL Simulation : 1770 / 3360 [100.00%] @ "231518000"
// RTL Simulation : 1771 / 3360 [100.00%] @ "231648000"
// RTL Simulation : 1772 / 3360 [100.00%] @ "231778000"
// RTL Simulation : 1773 / 3360 [100.00%] @ "231903000"
// RTL Simulation : 1774 / 3360 [100.00%] @ "232028000"
// RTL Simulation : 1775 / 3360 [100.00%] @ "232153000"
// RTL Simulation : 1776 / 3360 [100.00%] @ "232278000"
// RTL Simulation : 1777 / 3360 [100.00%] @ "232433000"
// RTL Simulation : 1778 / 3360 [100.00%] @ "232588000"
// RTL Simulation : 1779 / 3360 [100.00%] @ "232713000"
// RTL Simulation : 1780 / 3360 [100.00%] @ "232838000"
// RTL Simulation : 1781 / 3360 [100.00%] @ "232963000"
// RTL Simulation : 1782 / 3360 [100.00%] @ "233088000"
// RTL Simulation : 1783 / 3360 [100.00%] @ "233243000"
// RTL Simulation : 1784 / 3360 [100.00%] @ "233398000"
// RTL Simulation : 1785 / 3360 [100.00%] @ "233523000"
// RTL Simulation : 1786 / 3360 [100.00%] @ "233648000"
// RTL Simulation : 1787 / 3360 [100.00%] @ "233773000"
// RTL Simulation : 1788 / 3360 [100.00%] @ "233898000"
// RTL Simulation : 1789 / 3360 [100.00%] @ "234053000"
// RTL Simulation : 1790 / 3360 [100.00%] @ "234208000"
// RTL Simulation : 1791 / 3360 [100.00%] @ "234333000"
// RTL Simulation : 1792 / 3360 [100.00%] @ "234458000"
// RTL Simulation : 1793 / 3360 [100.00%] @ "234583000"
// RTL Simulation : 1794 / 3360 [100.00%] @ "234708000"
// RTL Simulation : 1795 / 3360 [100.00%] @ "234863000"
// RTL Simulation : 1796 / 3360 [100.00%] @ "235018000"
// RTL Simulation : 1797 / 3360 [100.00%] @ "235143000"
// RTL Simulation : 1798 / 3360 [100.00%] @ "235268000"
// RTL Simulation : 1799 / 3360 [100.00%] @ "235393000"
// RTL Simulation : 1800 / 3360 [100.00%] @ "235518000"
// RTL Simulation : 1801 / 3360 [100.00%] @ "235673000"
// RTL Simulation : 1802 / 3360 [100.00%] @ "235828000"
// RTL Simulation : 1803 / 3360 [100.00%] @ "235953000"
// RTL Simulation : 1804 / 3360 [100.00%] @ "236078000"
// RTL Simulation : 1805 / 3360 [100.00%] @ "236203000"
// RTL Simulation : 1806 / 3360 [100.00%] @ "236328000"
// RTL Simulation : 1807 / 3360 [100.00%] @ "236483000"
// RTL Simulation : 1808 / 3360 [100.00%] @ "236638000"
// RTL Simulation : 1809 / 3360 [100.00%] @ "236763000"
// RTL Simulation : 1810 / 3360 [100.00%] @ "236888000"
// RTL Simulation : 1811 / 3360 [100.00%] @ "237013000"
// RTL Simulation : 1812 / 3360 [100.00%] @ "237138000"
// RTL Simulation : 1813 / 3360 [100.00%] @ "237293000"
// RTL Simulation : 1814 / 3360 [100.00%] @ "237448000"
// RTL Simulation : 1815 / 3360 [100.00%] @ "237573000"
// RTL Simulation : 1816 / 3360 [100.00%] @ "237698000"
// RTL Simulation : 1817 / 3360 [100.00%] @ "237823000"
// RTL Simulation : 1818 / 3360 [100.00%] @ "237948000"
// RTL Simulation : 1819 / 3360 [100.00%] @ "238103000"
// RTL Simulation : 1820 / 3360 [100.00%] @ "238258000"
// RTL Simulation : 1821 / 3360 [100.00%] @ "238383000"
// RTL Simulation : 1822 / 3360 [100.00%] @ "238508000"
// RTL Simulation : 1823 / 3360 [100.00%] @ "238633000"
// RTL Simulation : 1824 / 3360 [100.00%] @ "238758000"
// RTL Simulation : 1825 / 3360 [100.00%] @ "238888000"
// RTL Simulation : 1826 / 3360 [100.00%] @ "239018000"
// RTL Simulation : 1827 / 3360 [100.00%] @ "239143000"
// RTL Simulation : 1828 / 3360 [100.00%] @ "239268000"
// RTL Simulation : 1829 / 3360 [100.00%] @ "239393000"
// RTL Simulation : 1830 / 3360 [100.00%] @ "239518000"
// RTL Simulation : 1831 / 3360 [100.00%] @ "239648000"
// RTL Simulation : 1832 / 3360 [100.00%] @ "239778000"
// RTL Simulation : 1833 / 3360 [100.00%] @ "239903000"
// RTL Simulation : 1834 / 3360 [100.00%] @ "240028000"
// RTL Simulation : 1835 / 3360 [100.00%] @ "240153000"
// RTL Simulation : 1836 / 3360 [100.00%] @ "240278000"
// RTL Simulation : 1837 / 3360 [100.00%] @ "240408000"
// RTL Simulation : 1838 / 3360 [100.00%] @ "240538000"
// RTL Simulation : 1839 / 3360 [100.00%] @ "240663000"
// RTL Simulation : 1840 / 3360 [100.00%] @ "240788000"
// RTL Simulation : 1841 / 3360 [100.00%] @ "240913000"
// RTL Simulation : 1842 / 3360 [100.00%] @ "241038000"
// RTL Simulation : 1843 / 3360 [100.00%] @ "241168000"
// RTL Simulation : 1844 / 3360 [100.00%] @ "241298000"
// RTL Simulation : 1845 / 3360 [100.00%] @ "241423000"
// RTL Simulation : 1846 / 3360 [100.00%] @ "241548000"
// RTL Simulation : 1847 / 3360 [100.00%] @ "241673000"
// RTL Simulation : 1848 / 3360 [100.00%] @ "241798000"
// RTL Simulation : 1849 / 3360 [100.00%] @ "241928000"
// RTL Simulation : 1850 / 3360 [100.00%] @ "242058000"
// RTL Simulation : 1851 / 3360 [100.00%] @ "242183000"
// RTL Simulation : 1852 / 3360 [100.00%] @ "242308000"
// RTL Simulation : 1853 / 3360 [100.00%] @ "242433000"
// RTL Simulation : 1854 / 3360 [100.00%] @ "242558000"
// RTL Simulation : 1855 / 3360 [100.00%] @ "242688000"
// RTL Simulation : 1856 / 3360 [100.00%] @ "242818000"
// RTL Simulation : 1857 / 3360 [100.00%] @ "242943000"
// RTL Simulation : 1858 / 3360 [100.00%] @ "243068000"
// RTL Simulation : 1859 / 3360 [100.00%] @ "243193000"
// RTL Simulation : 1860 / 3360 [100.00%] @ "243318000"
// RTL Simulation : 1861 / 3360 [100.00%] @ "243448000"
// RTL Simulation : 1862 / 3360 [100.00%] @ "243578000"
// RTL Simulation : 1863 / 3360 [100.00%] @ "243703000"
// RTL Simulation : 1864 / 3360 [100.00%] @ "243828000"
// RTL Simulation : 1865 / 3360 [100.00%] @ "243953000"
// RTL Simulation : 1866 / 3360 [100.00%] @ "244078000"
// RTL Simulation : 1867 / 3360 [100.00%] @ "244208000"
// RTL Simulation : 1868 / 3360 [100.00%] @ "244338000"
// RTL Simulation : 1869 / 3360 [100.00%] @ "244463000"
// RTL Simulation : 1870 / 3360 [100.00%] @ "244588000"
// RTL Simulation : 1871 / 3360 [100.00%] @ "244713000"
// RTL Simulation : 1872 / 3360 [100.00%] @ "244838000"
// RTL Simulation : 1873 / 3360 [100.00%] @ "244993000"
// RTL Simulation : 1874 / 3360 [100.00%] @ "245148000"
// RTL Simulation : 1875 / 3360 [100.00%] @ "245273000"
// RTL Simulation : 1876 / 3360 [100.00%] @ "245398000"
// RTL Simulation : 1877 / 3360 [100.00%] @ "245523000"
// RTL Simulation : 1878 / 3360 [100.00%] @ "245648000"
// RTL Simulation : 1879 / 3360 [100.00%] @ "245803000"
// RTL Simulation : 1880 / 3360 [100.00%] @ "245958000"
// RTL Simulation : 1881 / 3360 [100.00%] @ "246083000"
// RTL Simulation : 1882 / 3360 [100.00%] @ "246208000"
// RTL Simulation : 1883 / 3360 [100.00%] @ "246333000"
// RTL Simulation : 1884 / 3360 [100.00%] @ "246458000"
// RTL Simulation : 1885 / 3360 [100.00%] @ "246613000"
// RTL Simulation : 1886 / 3360 [100.00%] @ "246768000"
// RTL Simulation : 1887 / 3360 [100.00%] @ "246893000"
// RTL Simulation : 1888 / 3360 [100.00%] @ "247018000"
// RTL Simulation : 1889 / 3360 [100.00%] @ "247143000"
// RTL Simulation : 1890 / 3360 [100.00%] @ "247268000"
// RTL Simulation : 1891 / 3360 [100.00%] @ "247423000"
// RTL Simulation : 1892 / 3360 [100.00%] @ "247578000"
// RTL Simulation : 1893 / 3360 [100.00%] @ "247703000"
// RTL Simulation : 1894 / 3360 [100.00%] @ "247828000"
// RTL Simulation : 1895 / 3360 [100.00%] @ "247953000"
// RTL Simulation : 1896 / 3360 [100.00%] @ "248078000"
// RTL Simulation : 1897 / 3360 [100.00%] @ "248233000"
// RTL Simulation : 1898 / 3360 [100.00%] @ "248388000"
// RTL Simulation : 1899 / 3360 [100.00%] @ "248513000"
// RTL Simulation : 1900 / 3360 [100.00%] @ "248638000"
// RTL Simulation : 1901 / 3360 [100.00%] @ "248763000"
// RTL Simulation : 1902 / 3360 [100.00%] @ "248888000"
// RTL Simulation : 1903 / 3360 [100.00%] @ "249043000"
// RTL Simulation : 1904 / 3360 [100.00%] @ "249198000"
// RTL Simulation : 1905 / 3360 [100.00%] @ "249323000"
// RTL Simulation : 1906 / 3360 [100.00%] @ "249448000"
// RTL Simulation : 1907 / 3360 [100.00%] @ "249573000"
// RTL Simulation : 1908 / 3360 [100.00%] @ "249698000"
// RTL Simulation : 1909 / 3360 [100.00%] @ "249853000"
// RTL Simulation : 1910 / 3360 [100.00%] @ "250008000"
// RTL Simulation : 1911 / 3360 [100.00%] @ "250133000"
// RTL Simulation : 1912 / 3360 [100.00%] @ "250258000"
// RTL Simulation : 1913 / 3360 [100.00%] @ "250383000"
// RTL Simulation : 1914 / 3360 [100.00%] @ "250508000"
// RTL Simulation : 1915 / 3360 [100.00%] @ "250663000"
// RTL Simulation : 1916 / 3360 [100.00%] @ "250818000"
// RTL Simulation : 1917 / 3360 [100.00%] @ "250943000"
// RTL Simulation : 1918 / 3360 [100.00%] @ "251068000"
// RTL Simulation : 1919 / 3360 [100.00%] @ "251193000"
// RTL Simulation : 1920 / 3360 [100.00%] @ "251318000"
// RTL Simulation : 1921 / 3360 [100.00%] @ "251448000"
// RTL Simulation : 1922 / 3360 [100.00%] @ "251578000"
// RTL Simulation : 1923 / 3360 [100.00%] @ "251703000"
// RTL Simulation : 1924 / 3360 [100.00%] @ "251828000"
// RTL Simulation : 1925 / 3360 [100.00%] @ "251953000"
// RTL Simulation : 1926 / 3360 [100.00%] @ "252078000"
// RTL Simulation : 1927 / 3360 [100.00%] @ "252208000"
// RTL Simulation : 1928 / 3360 [100.00%] @ "252338000"
// RTL Simulation : 1929 / 3360 [100.00%] @ "252463000"
// RTL Simulation : 1930 / 3360 [100.00%] @ "252588000"
// RTL Simulation : 1931 / 3360 [100.00%] @ "252713000"
// RTL Simulation : 1932 / 3360 [100.00%] @ "252838000"
// RTL Simulation : 1933 / 3360 [100.00%] @ "252968000"
// RTL Simulation : 1934 / 3360 [100.00%] @ "253098000"
// RTL Simulation : 1935 / 3360 [100.00%] @ "253223000"
// RTL Simulation : 1936 / 3360 [100.00%] @ "253348000"
// RTL Simulation : 1937 / 3360 [100.00%] @ "253473000"
// RTL Simulation : 1938 / 3360 [100.00%] @ "253598000"
// RTL Simulation : 1939 / 3360 [100.00%] @ "253728000"
// RTL Simulation : 1940 / 3360 [100.00%] @ "253858000"
// RTL Simulation : 1941 / 3360 [100.00%] @ "253983000"
// RTL Simulation : 1942 / 3360 [100.00%] @ "254108000"
// RTL Simulation : 1943 / 3360 [100.00%] @ "254233000"
// RTL Simulation : 1944 / 3360 [100.00%] @ "254358000"
// RTL Simulation : 1945 / 3360 [100.00%] @ "254488000"
// RTL Simulation : 1946 / 3360 [100.00%] @ "254618000"
// RTL Simulation : 1947 / 3360 [100.00%] @ "254743000"
// RTL Simulation : 1948 / 3360 [100.00%] @ "254868000"
// RTL Simulation : 1949 / 3360 [100.00%] @ "254993000"
// RTL Simulation : 1950 / 3360 [100.00%] @ "255118000"
// RTL Simulation : 1951 / 3360 [100.00%] @ "255248000"
// RTL Simulation : 1952 / 3360 [100.00%] @ "255378000"
// RTL Simulation : 1953 / 3360 [100.00%] @ "255503000"
// RTL Simulation : 1954 / 3360 [100.00%] @ "255628000"
// RTL Simulation : 1955 / 3360 [100.00%] @ "255753000"
// RTL Simulation : 1956 / 3360 [100.00%] @ "255878000"
// RTL Simulation : 1957 / 3360 [100.00%] @ "256008000"
// RTL Simulation : 1958 / 3360 [100.00%] @ "256138000"
// RTL Simulation : 1959 / 3360 [100.00%] @ "256263000"
// RTL Simulation : 1960 / 3360 [100.00%] @ "256388000"
// RTL Simulation : 1961 / 3360 [100.00%] @ "256513000"
// RTL Simulation : 1962 / 3360 [100.00%] @ "256638000"
// RTL Simulation : 1963 / 3360 [100.00%] @ "256768000"
// RTL Simulation : 1964 / 3360 [100.00%] @ "256898000"
// RTL Simulation : 1965 / 3360 [100.00%] @ "257023000"
// RTL Simulation : 1966 / 3360 [100.00%] @ "257148000"
// RTL Simulation : 1967 / 3360 [100.00%] @ "257273000"
// RTL Simulation : 1968 / 3360 [100.00%] @ "257398000"
// RTL Simulation : 1969 / 3360 [100.00%] @ "257553000"
// RTL Simulation : 1970 / 3360 [100.00%] @ "257708000"
// RTL Simulation : 1971 / 3360 [100.00%] @ "257833000"
// RTL Simulation : 1972 / 3360 [100.00%] @ "257958000"
// RTL Simulation : 1973 / 3360 [100.00%] @ "258083000"
// RTL Simulation : 1974 / 3360 [100.00%] @ "258208000"
// RTL Simulation : 1975 / 3360 [100.00%] @ "258363000"
// RTL Simulation : 1976 / 3360 [100.00%] @ "258518000"
// RTL Simulation : 1977 / 3360 [100.00%] @ "258643000"
// RTL Simulation : 1978 / 3360 [100.00%] @ "258768000"
// RTL Simulation : 1979 / 3360 [100.00%] @ "258893000"
// RTL Simulation : 1980 / 3360 [100.00%] @ "259018000"
// RTL Simulation : 1981 / 3360 [100.00%] @ "259173000"
// RTL Simulation : 1982 / 3360 [100.00%] @ "259328000"
// RTL Simulation : 1983 / 3360 [100.00%] @ "259453000"
// RTL Simulation : 1984 / 3360 [100.00%] @ "259578000"
// RTL Simulation : 1985 / 3360 [100.00%] @ "259703000"
// RTL Simulation : 1986 / 3360 [100.00%] @ "259828000"
// RTL Simulation : 1987 / 3360 [100.00%] @ "259983000"
// RTL Simulation : 1988 / 3360 [100.00%] @ "260138000"
// RTL Simulation : 1989 / 3360 [100.00%] @ "260263000"
// RTL Simulation : 1990 / 3360 [100.00%] @ "260388000"
// RTL Simulation : 1991 / 3360 [100.00%] @ "260513000"
// RTL Simulation : 1992 / 3360 [100.00%] @ "260638000"
// RTL Simulation : 1993 / 3360 [100.00%] @ "260793000"
// RTL Simulation : 1994 / 3360 [100.00%] @ "260948000"
// RTL Simulation : 1995 / 3360 [100.00%] @ "261073000"
// RTL Simulation : 1996 / 3360 [100.00%] @ "261198000"
// RTL Simulation : 1997 / 3360 [100.00%] @ "261323000"
// RTL Simulation : 1998 / 3360 [100.00%] @ "261448000"
// RTL Simulation : 1999 / 3360 [100.00%] @ "261603000"
// RTL Simulation : 2000 / 3360 [100.00%] @ "261758000"
// RTL Simulation : 2001 / 3360 [100.00%] @ "261883000"
// RTL Simulation : 2002 / 3360 [100.00%] @ "262008000"
// RTL Simulation : 2003 / 3360 [100.00%] @ "262133000"
// RTL Simulation : 2004 / 3360 [100.00%] @ "262258000"
// RTL Simulation : 2005 / 3360 [100.00%] @ "262413000"
// RTL Simulation : 2006 / 3360 [100.00%] @ "262568000"
// RTL Simulation : 2007 / 3360 [100.00%] @ "262693000"
// RTL Simulation : 2008 / 3360 [100.00%] @ "262818000"
// RTL Simulation : 2009 / 3360 [100.00%] @ "262943000"
// RTL Simulation : 2010 / 3360 [100.00%] @ "263068000"
// RTL Simulation : 2011 / 3360 [100.00%] @ "263223000"
// RTL Simulation : 2012 / 3360 [100.00%] @ "263378000"
// RTL Simulation : 2013 / 3360 [100.00%] @ "263503000"
// RTL Simulation : 2014 / 3360 [100.00%] @ "263628000"
// RTL Simulation : 2015 / 3360 [100.00%] @ "263753000"
// RTL Simulation : 2016 / 3360 [100.00%] @ "263878000"
// RTL Simulation : 2017 / 3360 [100.00%] @ "264008000"
// RTL Simulation : 2018 / 3360 [100.00%] @ "264138000"
// RTL Simulation : 2019 / 3360 [100.00%] @ "264263000"
// RTL Simulation : 2020 / 3360 [100.00%] @ "264388000"
// RTL Simulation : 2021 / 3360 [100.00%] @ "264513000"
// RTL Simulation : 2022 / 3360 [100.00%] @ "264638000"
// RTL Simulation : 2023 / 3360 [100.00%] @ "264768000"
// RTL Simulation : 2024 / 3360 [100.00%] @ "264898000"
// RTL Simulation : 2025 / 3360 [100.00%] @ "265023000"
// RTL Simulation : 2026 / 3360 [100.00%] @ "265148000"
// RTL Simulation : 2027 / 3360 [100.00%] @ "265273000"
// RTL Simulation : 2028 / 3360 [100.00%] @ "265398000"
// RTL Simulation : 2029 / 3360 [100.00%] @ "265528000"
// RTL Simulation : 2030 / 3360 [100.00%] @ "265658000"
// RTL Simulation : 2031 / 3360 [100.00%] @ "265783000"
// RTL Simulation : 2032 / 3360 [100.00%] @ "265908000"
// RTL Simulation : 2033 / 3360 [100.00%] @ "266033000"
// RTL Simulation : 2034 / 3360 [100.00%] @ "266158000"
// RTL Simulation : 2035 / 3360 [100.00%] @ "266288000"
// RTL Simulation : 2036 / 3360 [100.00%] @ "266418000"
// RTL Simulation : 2037 / 3360 [100.00%] @ "266543000"
// RTL Simulation : 2038 / 3360 [100.00%] @ "266668000"
// RTL Simulation : 2039 / 3360 [100.00%] @ "266793000"
// RTL Simulation : 2040 / 3360 [100.00%] @ "266918000"
// RTL Simulation : 2041 / 3360 [100.00%] @ "267048000"
// RTL Simulation : 2042 / 3360 [100.00%] @ "267178000"
// RTL Simulation : 2043 / 3360 [100.00%] @ "267303000"
// RTL Simulation : 2044 / 3360 [100.00%] @ "267428000"
// RTL Simulation : 2045 / 3360 [100.00%] @ "267553000"
// RTL Simulation : 2046 / 3360 [100.00%] @ "267678000"
// RTL Simulation : 2047 / 3360 [100.00%] @ "267808000"
// RTL Simulation : 2048 / 3360 [100.00%] @ "267938000"
// RTL Simulation : 2049 / 3360 [100.00%] @ "268063000"
// RTL Simulation : 2050 / 3360 [100.00%] @ "268188000"
// RTL Simulation : 2051 / 3360 [100.00%] @ "268313000"
// RTL Simulation : 2052 / 3360 [100.00%] @ "268438000"
// RTL Simulation : 2053 / 3360 [100.00%] @ "268568000"
// RTL Simulation : 2054 / 3360 [100.00%] @ "268698000"
// RTL Simulation : 2055 / 3360 [100.00%] @ "268823000"
// RTL Simulation : 2056 / 3360 [100.00%] @ "268948000"
// RTL Simulation : 2057 / 3360 [100.00%] @ "269073000"
// RTL Simulation : 2058 / 3360 [100.00%] @ "269198000"
// RTL Simulation : 2059 / 3360 [100.00%] @ "269328000"
// RTL Simulation : 2060 / 3360 [100.00%] @ "269458000"
// RTL Simulation : 2061 / 3360 [100.00%] @ "269583000"
// RTL Simulation : 2062 / 3360 [100.00%] @ "269708000"
// RTL Simulation : 2063 / 3360 [100.00%] @ "269833000"
// RTL Simulation : 2064 / 3360 [100.00%] @ "269958000"
// RTL Simulation : 2065 / 3360 [100.00%] @ "270113000"
// RTL Simulation : 2066 / 3360 [100.00%] @ "270268000"
// RTL Simulation : 2067 / 3360 [100.00%] @ "270393000"
// RTL Simulation : 2068 / 3360 [100.00%] @ "270518000"
// RTL Simulation : 2069 / 3360 [100.00%] @ "270643000"
// RTL Simulation : 2070 / 3360 [100.00%] @ "270768000"
// RTL Simulation : 2071 / 3360 [100.00%] @ "270923000"
// RTL Simulation : 2072 / 3360 [100.00%] @ "271078000"
// RTL Simulation : 2073 / 3360 [100.00%] @ "271203000"
// RTL Simulation : 2074 / 3360 [100.00%] @ "271328000"
// RTL Simulation : 2075 / 3360 [100.00%] @ "271453000"
// RTL Simulation : 2076 / 3360 [100.00%] @ "271578000"
// RTL Simulation : 2077 / 3360 [100.00%] @ "271733000"
// RTL Simulation : 2078 / 3360 [100.00%] @ "271888000"
// RTL Simulation : 2079 / 3360 [100.00%] @ "272013000"
// RTL Simulation : 2080 / 3360 [100.00%] @ "272138000"
// RTL Simulation : 2081 / 3360 [100.00%] @ "272263000"
// RTL Simulation : 2082 / 3360 [100.00%] @ "272388000"
// RTL Simulation : 2083 / 3360 [100.00%] @ "272543000"
// RTL Simulation : 2084 / 3360 [100.00%] @ "272698000"
// RTL Simulation : 2085 / 3360 [100.00%] @ "272823000"
// RTL Simulation : 2086 / 3360 [100.00%] @ "272948000"
// RTL Simulation : 2087 / 3360 [100.00%] @ "273073000"
// RTL Simulation : 2088 / 3360 [100.00%] @ "273198000"
// RTL Simulation : 2089 / 3360 [100.00%] @ "273353000"
// RTL Simulation : 2090 / 3360 [100.00%] @ "273508000"
// RTL Simulation : 2091 / 3360 [100.00%] @ "273633000"
// RTL Simulation : 2092 / 3360 [100.00%] @ "273758000"
// RTL Simulation : 2093 / 3360 [100.00%] @ "273883000"
// RTL Simulation : 2094 / 3360 [100.00%] @ "274008000"
// RTL Simulation : 2095 / 3360 [100.00%] @ "274163000"
// RTL Simulation : 2096 / 3360 [100.00%] @ "274318000"
// RTL Simulation : 2097 / 3360 [100.00%] @ "274443000"
// RTL Simulation : 2098 / 3360 [100.00%] @ "274568000"
// RTL Simulation : 2099 / 3360 [100.00%] @ "274693000"
// RTL Simulation : 2100 / 3360 [100.00%] @ "274818000"
// RTL Simulation : 2101 / 3360 [100.00%] @ "274973000"
// RTL Simulation : 2102 / 3360 [100.00%] @ "275128000"
// RTL Simulation : 2103 / 3360 [100.00%] @ "275253000"
// RTL Simulation : 2104 / 3360 [100.00%] @ "275378000"
// RTL Simulation : 2105 / 3360 [100.00%] @ "275503000"
// RTL Simulation : 2106 / 3360 [100.00%] @ "275628000"
// RTL Simulation : 2107 / 3360 [100.00%] @ "275783000"
// RTL Simulation : 2108 / 3360 [100.00%] @ "275938000"
// RTL Simulation : 2109 / 3360 [100.00%] @ "276063000"
// RTL Simulation : 2110 / 3360 [100.00%] @ "276188000"
// RTL Simulation : 2111 / 3360 [100.00%] @ "276313000"
// RTL Simulation : 2112 / 3360 [100.00%] @ "276438000"
// RTL Simulation : 2113 / 3360 [100.00%] @ "276568000"
// RTL Simulation : 2114 / 3360 [100.00%] @ "276698000"
// RTL Simulation : 2115 / 3360 [100.00%] @ "276823000"
// RTL Simulation : 2116 / 3360 [100.00%] @ "276948000"
// RTL Simulation : 2117 / 3360 [100.00%] @ "277073000"
// RTL Simulation : 2118 / 3360 [100.00%] @ "277198000"
// RTL Simulation : 2119 / 3360 [100.00%] @ "277328000"
// RTL Simulation : 2120 / 3360 [100.00%] @ "277458000"
// RTL Simulation : 2121 / 3360 [100.00%] @ "277583000"
// RTL Simulation : 2122 / 3360 [100.00%] @ "277708000"
// RTL Simulation : 2123 / 3360 [100.00%] @ "277833000"
// RTL Simulation : 2124 / 3360 [100.00%] @ "277958000"
// RTL Simulation : 2125 / 3360 [100.00%] @ "278088000"
// RTL Simulation : 2126 / 3360 [100.00%] @ "278218000"
// RTL Simulation : 2127 / 3360 [100.00%] @ "278343000"
// RTL Simulation : 2128 / 3360 [100.00%] @ "278468000"
// RTL Simulation : 2129 / 3360 [100.00%] @ "278593000"
// RTL Simulation : 2130 / 3360 [100.00%] @ "278718000"
// RTL Simulation : 2131 / 3360 [100.00%] @ "278848000"
// RTL Simulation : 2132 / 3360 [100.00%] @ "278978000"
// RTL Simulation : 2133 / 3360 [100.00%] @ "279103000"
// RTL Simulation : 2134 / 3360 [100.00%] @ "279228000"
// RTL Simulation : 2135 / 3360 [100.00%] @ "279353000"
// RTL Simulation : 2136 / 3360 [100.00%] @ "279478000"
// RTL Simulation : 2137 / 3360 [100.00%] @ "279608000"
// RTL Simulation : 2138 / 3360 [100.00%] @ "279738000"
// RTL Simulation : 2139 / 3360 [100.00%] @ "279863000"
// RTL Simulation : 2140 / 3360 [100.00%] @ "279988000"
// RTL Simulation : 2141 / 3360 [100.00%] @ "280113000"
// RTL Simulation : 2142 / 3360 [100.00%] @ "280238000"
// RTL Simulation : 2143 / 3360 [100.00%] @ "280368000"
// RTL Simulation : 2144 / 3360 [100.00%] @ "280498000"
// RTL Simulation : 2145 / 3360 [100.00%] @ "280623000"
// RTL Simulation : 2146 / 3360 [100.00%] @ "280748000"
// RTL Simulation : 2147 / 3360 [100.00%] @ "280873000"
// RTL Simulation : 2148 / 3360 [100.00%] @ "280998000"
// RTL Simulation : 2149 / 3360 [100.00%] @ "281128000"
// RTL Simulation : 2150 / 3360 [100.00%] @ "281258000"
// RTL Simulation : 2151 / 3360 [100.00%] @ "281383000"
// RTL Simulation : 2152 / 3360 [100.00%] @ "281508000"
// RTL Simulation : 2153 / 3360 [100.00%] @ "281633000"
// RTL Simulation : 2154 / 3360 [100.00%] @ "281758000"
// RTL Simulation : 2155 / 3360 [100.00%] @ "281888000"
// RTL Simulation : 2156 / 3360 [100.00%] @ "282018000"
// RTL Simulation : 2157 / 3360 [100.00%] @ "282143000"
// RTL Simulation : 2158 / 3360 [100.00%] @ "282268000"
// RTL Simulation : 2159 / 3360 [100.00%] @ "282393000"
// RTL Simulation : 2160 / 3360 [100.00%] @ "282518000"
// RTL Simulation : 2161 / 3360 [100.00%] @ "282673000"
// RTL Simulation : 2162 / 3360 [100.00%] @ "282828000"
// RTL Simulation : 2163 / 3360 [100.00%] @ "282953000"
// RTL Simulation : 2164 / 3360 [100.00%] @ "283078000"
// RTL Simulation : 2165 / 3360 [100.00%] @ "283203000"
// RTL Simulation : 2166 / 3360 [100.00%] @ "283328000"
// RTL Simulation : 2167 / 3360 [100.00%] @ "283483000"
// RTL Simulation : 2168 / 3360 [100.00%] @ "283638000"
// RTL Simulation : 2169 / 3360 [100.00%] @ "283763000"
// RTL Simulation : 2170 / 3360 [100.00%] @ "283888000"
// RTL Simulation : 2171 / 3360 [100.00%] @ "284013000"
// RTL Simulation : 2172 / 3360 [100.00%] @ "284138000"
// RTL Simulation : 2173 / 3360 [100.00%] @ "284293000"
// RTL Simulation : 2174 / 3360 [100.00%] @ "284448000"
// RTL Simulation : 2175 / 3360 [100.00%] @ "284573000"
// RTL Simulation : 2176 / 3360 [100.00%] @ "284698000"
// RTL Simulation : 2177 / 3360 [100.00%] @ "284823000"
// RTL Simulation : 2178 / 3360 [100.00%] @ "284948000"
// RTL Simulation : 2179 / 3360 [100.00%] @ "285103000"
// RTL Simulation : 2180 / 3360 [100.00%] @ "285258000"
// RTL Simulation : 2181 / 3360 [100.00%] @ "285383000"
// RTL Simulation : 2182 / 3360 [100.00%] @ "285508000"
// RTL Simulation : 2183 / 3360 [100.00%] @ "285633000"
// RTL Simulation : 2184 / 3360 [100.00%] @ "285758000"
// RTL Simulation : 2185 / 3360 [100.00%] @ "285913000"
// RTL Simulation : 2186 / 3360 [100.00%] @ "286068000"
// RTL Simulation : 2187 / 3360 [100.00%] @ "286193000"
// RTL Simulation : 2188 / 3360 [100.00%] @ "286318000"
// RTL Simulation : 2189 / 3360 [100.00%] @ "286443000"
// RTL Simulation : 2190 / 3360 [100.00%] @ "286568000"
// RTL Simulation : 2191 / 3360 [100.00%] @ "286723000"
// RTL Simulation : 2192 / 3360 [100.00%] @ "286878000"
// RTL Simulation : 2193 / 3360 [100.00%] @ "287003000"
// RTL Simulation : 2194 / 3360 [100.00%] @ "287128000"
// RTL Simulation : 2195 / 3360 [100.00%] @ "287253000"
// RTL Simulation : 2196 / 3360 [100.00%] @ "287378000"
// RTL Simulation : 2197 / 3360 [100.00%] @ "287533000"
// RTL Simulation : 2198 / 3360 [100.00%] @ "287688000"
// RTL Simulation : 2199 / 3360 [100.00%] @ "287813000"
// RTL Simulation : 2200 / 3360 [100.00%] @ "287938000"
// RTL Simulation : 2201 / 3360 [100.00%] @ "288063000"
// RTL Simulation : 2202 / 3360 [100.00%] @ "288188000"
// RTL Simulation : 2203 / 3360 [100.00%] @ "288343000"
// RTL Simulation : 2204 / 3360 [100.00%] @ "288498000"
// RTL Simulation : 2205 / 3360 [100.00%] @ "288623000"
// RTL Simulation : 2206 / 3360 [100.00%] @ "288748000"
// RTL Simulation : 2207 / 3360 [100.00%] @ "288873000"
// RTL Simulation : 2208 / 3360 [100.00%] @ "288998000"
// RTL Simulation : 2209 / 3360 [100.00%] @ "289128000"
// RTL Simulation : 2210 / 3360 [100.00%] @ "289258000"
// RTL Simulation : 2211 / 3360 [100.00%] @ "289383000"
// RTL Simulation : 2212 / 3360 [100.00%] @ "289508000"
// RTL Simulation : 2213 / 3360 [100.00%] @ "289633000"
// RTL Simulation : 2214 / 3360 [100.00%] @ "289758000"
// RTL Simulation : 2215 / 3360 [100.00%] @ "289888000"
// RTL Simulation : 2216 / 3360 [100.00%] @ "290018000"
// RTL Simulation : 2217 / 3360 [100.00%] @ "290143000"
// RTL Simulation : 2218 / 3360 [100.00%] @ "290268000"
// RTL Simulation : 2219 / 3360 [100.00%] @ "290393000"
// RTL Simulation : 2220 / 3360 [100.00%] @ "290518000"
// RTL Simulation : 2221 / 3360 [100.00%] @ "290648000"
// RTL Simulation : 2222 / 3360 [100.00%] @ "290778000"
// RTL Simulation : 2223 / 3360 [100.00%] @ "290903000"
// RTL Simulation : 2224 / 3360 [100.00%] @ "291028000"
// RTL Simulation : 2225 / 3360 [100.00%] @ "291153000"
// RTL Simulation : 2226 / 3360 [100.00%] @ "291278000"
// RTL Simulation : 2227 / 3360 [100.00%] @ "291408000"
// RTL Simulation : 2228 / 3360 [100.00%] @ "291538000"
// RTL Simulation : 2229 / 3360 [100.00%] @ "291663000"
// RTL Simulation : 2230 / 3360 [100.00%] @ "291788000"
// RTL Simulation : 2231 / 3360 [100.00%] @ "291913000"
// RTL Simulation : 2232 / 3360 [100.00%] @ "292038000"
// RTL Simulation : 2233 / 3360 [100.00%] @ "292168000"
// RTL Simulation : 2234 / 3360 [100.00%] @ "292298000"
// RTL Simulation : 2235 / 3360 [100.00%] @ "292423000"
// RTL Simulation : 2236 / 3360 [100.00%] @ "292548000"
// RTL Simulation : 2237 / 3360 [100.00%] @ "292673000"
// RTL Simulation : 2238 / 3360 [100.00%] @ "292798000"
// RTL Simulation : 2239 / 3360 [100.00%] @ "292928000"
// RTL Simulation : 2240 / 3360 [100.00%] @ "293058000"
// RTL Simulation : 2241 / 3360 [100.00%] @ "293183000"
// RTL Simulation : 2242 / 3360 [100.00%] @ "293308000"
// RTL Simulation : 2243 / 3360 [100.00%] @ "293433000"
// RTL Simulation : 2244 / 3360 [100.00%] @ "293558000"
// RTL Simulation : 2245 / 3360 [100.00%] @ "293688000"
// RTL Simulation : 2246 / 3360 [100.00%] @ "293818000"
// RTL Simulation : 2247 / 3360 [100.00%] @ "293943000"
// RTL Simulation : 2248 / 3360 [100.00%] @ "294068000"
// RTL Simulation : 2249 / 3360 [100.00%] @ "294193000"
// RTL Simulation : 2250 / 3360 [100.00%] @ "294318000"
// RTL Simulation : 2251 / 3360 [100.00%] @ "294448000"
// RTL Simulation : 2252 / 3360 [100.00%] @ "294578000"
// RTL Simulation : 2253 / 3360 [100.00%] @ "294703000"
// RTL Simulation : 2254 / 3360 [100.00%] @ "294828000"
// RTL Simulation : 2255 / 3360 [100.00%] @ "294953000"
// RTL Simulation : 2256 / 3360 [100.00%] @ "295078000"
// RTL Simulation : 2257 / 3360 [100.00%] @ "295233000"
// RTL Simulation : 2258 / 3360 [100.00%] @ "295388000"
// RTL Simulation : 2259 / 3360 [100.00%] @ "295513000"
// RTL Simulation : 2260 / 3360 [100.00%] @ "295638000"
// RTL Simulation : 2261 / 3360 [100.00%] @ "295763000"
// RTL Simulation : 2262 / 3360 [100.00%] @ "295888000"
// RTL Simulation : 2263 / 3360 [100.00%] @ "296043000"
// RTL Simulation : 2264 / 3360 [100.00%] @ "296198000"
// RTL Simulation : 2265 / 3360 [100.00%] @ "296323000"
// RTL Simulation : 2266 / 3360 [100.00%] @ "296448000"
// RTL Simulation : 2267 / 3360 [100.00%] @ "296573000"
// RTL Simulation : 2268 / 3360 [100.00%] @ "296698000"
// RTL Simulation : 2269 / 3360 [100.00%] @ "296853000"
// RTL Simulation : 2270 / 3360 [100.00%] @ "297008000"
// RTL Simulation : 2271 / 3360 [100.00%] @ "297133000"
// RTL Simulation : 2272 / 3360 [100.00%] @ "297258000"
// RTL Simulation : 2273 / 3360 [100.00%] @ "297383000"
// RTL Simulation : 2274 / 3360 [100.00%] @ "297508000"
// RTL Simulation : 2275 / 3360 [100.00%] @ "297663000"
// RTL Simulation : 2276 / 3360 [100.00%] @ "297818000"
// RTL Simulation : 2277 / 3360 [100.00%] @ "297943000"
// RTL Simulation : 2278 / 3360 [100.00%] @ "298068000"
// RTL Simulation : 2279 / 3360 [100.00%] @ "298193000"
// RTL Simulation : 2280 / 3360 [100.00%] @ "298318000"
// RTL Simulation : 2281 / 3360 [100.00%] @ "298473000"
// RTL Simulation : 2282 / 3360 [100.00%] @ "298628000"
// RTL Simulation : 2283 / 3360 [100.00%] @ "298753000"
// RTL Simulation : 2284 / 3360 [100.00%] @ "298878000"
// RTL Simulation : 2285 / 3360 [100.00%] @ "299003000"
// RTL Simulation : 2286 / 3360 [100.00%] @ "299128000"
// RTL Simulation : 2287 / 3360 [100.00%] @ "299283000"
// RTL Simulation : 2288 / 3360 [100.00%] @ "299438000"
// RTL Simulation : 2289 / 3360 [100.00%] @ "299563000"
// RTL Simulation : 2290 / 3360 [100.00%] @ "299688000"
// RTL Simulation : 2291 / 3360 [100.00%] @ "299813000"
// RTL Simulation : 2292 / 3360 [100.00%] @ "299938000"
// RTL Simulation : 2293 / 3360 [100.00%] @ "300093000"
// RTL Simulation : 2294 / 3360 [100.00%] @ "300248000"
// RTL Simulation : 2295 / 3360 [100.00%] @ "300373000"
// RTL Simulation : 2296 / 3360 [100.00%] @ "300498000"
// RTL Simulation : 2297 / 3360 [100.00%] @ "300623000"
// RTL Simulation : 2298 / 3360 [100.00%] @ "300748000"
// RTL Simulation : 2299 / 3360 [100.00%] @ "300903000"
// RTL Simulation : 2300 / 3360 [100.00%] @ "301058000"
// RTL Simulation : 2301 / 3360 [100.00%] @ "301183000"
// RTL Simulation : 2302 / 3360 [100.00%] @ "301308000"
// RTL Simulation : 2303 / 3360 [100.00%] @ "301433000"
// RTL Simulation : 2304 / 3360 [100.00%] @ "301558000"
// RTL Simulation : 2305 / 3360 [100.00%] @ "301688000"
// RTL Simulation : 2306 / 3360 [100.00%] @ "301818000"
// RTL Simulation : 2307 / 3360 [100.00%] @ "301943000"
// RTL Simulation : 2308 / 3360 [100.00%] @ "302068000"
// RTL Simulation : 2309 / 3360 [100.00%] @ "302193000"
// RTL Simulation : 2310 / 3360 [100.00%] @ "302318000"
// RTL Simulation : 2311 / 3360 [100.00%] @ "302448000"
// RTL Simulation : 2312 / 3360 [100.00%] @ "302578000"
// RTL Simulation : 2313 / 3360 [100.00%] @ "302703000"
// RTL Simulation : 2314 / 3360 [100.00%] @ "302828000"
// RTL Simulation : 2315 / 3360 [100.00%] @ "302953000"
// RTL Simulation : 2316 / 3360 [100.00%] @ "303078000"
// RTL Simulation : 2317 / 3360 [100.00%] @ "303208000"
// RTL Simulation : 2318 / 3360 [100.00%] @ "303338000"
// RTL Simulation : 2319 / 3360 [100.00%] @ "303463000"
// RTL Simulation : 2320 / 3360 [100.00%] @ "303588000"
// RTL Simulation : 2321 / 3360 [100.00%] @ "303713000"
// RTL Simulation : 2322 / 3360 [100.00%] @ "303838000"
// RTL Simulation : 2323 / 3360 [100.00%] @ "303968000"
// RTL Simulation : 2324 / 3360 [100.00%] @ "304098000"
// RTL Simulation : 2325 / 3360 [100.00%] @ "304223000"
// RTL Simulation : 2326 / 3360 [100.00%] @ "304348000"
// RTL Simulation : 2327 / 3360 [100.00%] @ "304473000"
// RTL Simulation : 2328 / 3360 [100.00%] @ "304598000"
// RTL Simulation : 2329 / 3360 [100.00%] @ "304728000"
// RTL Simulation : 2330 / 3360 [100.00%] @ "304858000"
// RTL Simulation : 2331 / 3360 [100.00%] @ "304983000"
// RTL Simulation : 2332 / 3360 [100.00%] @ "305108000"
// RTL Simulation : 2333 / 3360 [100.00%] @ "305233000"
// RTL Simulation : 2334 / 3360 [100.00%] @ "305358000"
// RTL Simulation : 2335 / 3360 [100.00%] @ "305488000"
// RTL Simulation : 2336 / 3360 [100.00%] @ "305618000"
// RTL Simulation : 2337 / 3360 [100.00%] @ "305743000"
// RTL Simulation : 2338 / 3360 [100.00%] @ "305868000"
// RTL Simulation : 2339 / 3360 [100.00%] @ "305993000"
// RTL Simulation : 2340 / 3360 [100.00%] @ "306118000"
// RTL Simulation : 2341 / 3360 [100.00%] @ "306248000"
// RTL Simulation : 2342 / 3360 [100.00%] @ "306378000"
// RTL Simulation : 2343 / 3360 [100.00%] @ "306503000"
// RTL Simulation : 2344 / 3360 [100.00%] @ "306628000"
// RTL Simulation : 2345 / 3360 [100.00%] @ "306753000"
// RTL Simulation : 2346 / 3360 [100.00%] @ "306878000"
// RTL Simulation : 2347 / 3360 [100.00%] @ "307008000"
// RTL Simulation : 2348 / 3360 [100.00%] @ "307138000"
// RTL Simulation : 2349 / 3360 [100.00%] @ "307263000"
// RTL Simulation : 2350 / 3360 [100.00%] @ "307388000"
// RTL Simulation : 2351 / 3360 [100.00%] @ "307513000"
// RTL Simulation : 2352 / 3360 [100.00%] @ "307638000"
// RTL Simulation : 2353 / 3360 [100.00%] @ "307793000"
// RTL Simulation : 2354 / 3360 [100.00%] @ "307948000"
// RTL Simulation : 2355 / 3360 [100.00%] @ "308073000"
// RTL Simulation : 2356 / 3360 [100.00%] @ "308198000"
// RTL Simulation : 2357 / 3360 [100.00%] @ "308323000"
// RTL Simulation : 2358 / 3360 [100.00%] @ "308448000"
// RTL Simulation : 2359 / 3360 [100.00%] @ "308603000"
// RTL Simulation : 2360 / 3360 [100.00%] @ "308758000"
// RTL Simulation : 2361 / 3360 [100.00%] @ "308883000"
// RTL Simulation : 2362 / 3360 [100.00%] @ "309008000"
// RTL Simulation : 2363 / 3360 [100.00%] @ "309133000"
// RTL Simulation : 2364 / 3360 [100.00%] @ "309258000"
// RTL Simulation : 2365 / 3360 [100.00%] @ "309413000"
// RTL Simulation : 2366 / 3360 [100.00%] @ "309568000"
// RTL Simulation : 2367 / 3360 [100.00%] @ "309693000"
// RTL Simulation : 2368 / 3360 [100.00%] @ "309818000"
// RTL Simulation : 2369 / 3360 [100.00%] @ "309943000"
// RTL Simulation : 2370 / 3360 [100.00%] @ "310068000"
// RTL Simulation : 2371 / 3360 [100.00%] @ "310223000"
// RTL Simulation : 2372 / 3360 [100.00%] @ "310378000"
// RTL Simulation : 2373 / 3360 [100.00%] @ "310503000"
// RTL Simulation : 2374 / 3360 [100.00%] @ "310628000"
// RTL Simulation : 2375 / 3360 [100.00%] @ "310753000"
// RTL Simulation : 2376 / 3360 [100.00%] @ "310878000"
// RTL Simulation : 2377 / 3360 [100.00%] @ "311033000"
// RTL Simulation : 2378 / 3360 [100.00%] @ "311188000"
// RTL Simulation : 2379 / 3360 [100.00%] @ "311313000"
// RTL Simulation : 2380 / 3360 [100.00%] @ "311438000"
// RTL Simulation : 2381 / 3360 [100.00%] @ "311563000"
// RTL Simulation : 2382 / 3360 [100.00%] @ "311688000"
// RTL Simulation : 2383 / 3360 [100.00%] @ "311843000"
// RTL Simulation : 2384 / 3360 [100.00%] @ "311998000"
// RTL Simulation : 2385 / 3360 [100.00%] @ "312123000"
// RTL Simulation : 2386 / 3360 [100.00%] @ "312248000"
// RTL Simulation : 2387 / 3360 [100.00%] @ "312373000"
// RTL Simulation : 2388 / 3360 [100.00%] @ "312498000"
// RTL Simulation : 2389 / 3360 [100.00%] @ "312653000"
// RTL Simulation : 2390 / 3360 [100.00%] @ "312808000"
// RTL Simulation : 2391 / 3360 [100.00%] @ "312933000"
// RTL Simulation : 2392 / 3360 [100.00%] @ "313058000"
// RTL Simulation : 2393 / 3360 [100.00%] @ "313183000"
// RTL Simulation : 2394 / 3360 [100.00%] @ "313308000"
// RTL Simulation : 2395 / 3360 [100.00%] @ "313463000"
// RTL Simulation : 2396 / 3360 [100.00%] @ "313618000"
// RTL Simulation : 2397 / 3360 [100.00%] @ "313743000"
// RTL Simulation : 2398 / 3360 [100.00%] @ "313868000"
// RTL Simulation : 2399 / 3360 [100.00%] @ "313993000"
// RTL Simulation : 2400 / 3360 [100.00%] @ "314118000"
// RTL Simulation : 2401 / 3360 [100.00%] @ "314248000"
// RTL Simulation : 2402 / 3360 [100.00%] @ "314378000"
// RTL Simulation : 2403 / 3360 [100.00%] @ "314503000"
// RTL Simulation : 2404 / 3360 [100.00%] @ "314628000"
// RTL Simulation : 2405 / 3360 [100.00%] @ "314753000"
// RTL Simulation : 2406 / 3360 [100.00%] @ "314878000"
// RTL Simulation : 2407 / 3360 [100.00%] @ "315008000"
// RTL Simulation : 2408 / 3360 [100.00%] @ "315138000"
// RTL Simulation : 2409 / 3360 [100.00%] @ "315263000"
// RTL Simulation : 2410 / 3360 [100.00%] @ "315388000"
// RTL Simulation : 2411 / 3360 [100.00%] @ "315513000"
// RTL Simulation : 2412 / 3360 [100.00%] @ "315638000"
// RTL Simulation : 2413 / 3360 [100.00%] @ "315768000"
// RTL Simulation : 2414 / 3360 [100.00%] @ "315898000"
// RTL Simulation : 2415 / 3360 [100.00%] @ "316023000"
// RTL Simulation : 2416 / 3360 [100.00%] @ "316148000"
// RTL Simulation : 2417 / 3360 [100.00%] @ "316273000"
// RTL Simulation : 2418 / 3360 [100.00%] @ "316398000"
// RTL Simulation : 2419 / 3360 [100.00%] @ "316528000"
// RTL Simulation : 2420 / 3360 [100.00%] @ "316658000"
// RTL Simulation : 2421 / 3360 [100.00%] @ "316783000"
// RTL Simulation : 2422 / 3360 [100.00%] @ "316908000"
// RTL Simulation : 2423 / 3360 [100.00%] @ "317033000"
// RTL Simulation : 2424 / 3360 [100.00%] @ "317158000"
// RTL Simulation : 2425 / 3360 [100.00%] @ "317288000"
// RTL Simulation : 2426 / 3360 [100.00%] @ "317418000"
// RTL Simulation : 2427 / 3360 [100.00%] @ "317543000"
// RTL Simulation : 2428 / 3360 [100.00%] @ "317668000"
// RTL Simulation : 2429 / 3360 [100.00%] @ "317793000"
// RTL Simulation : 2430 / 3360 [100.00%] @ "317918000"
// RTL Simulation : 2431 / 3360 [100.00%] @ "318048000"
// RTL Simulation : 2432 / 3360 [100.00%] @ "318178000"
// RTL Simulation : 2433 / 3360 [100.00%] @ "318303000"
// RTL Simulation : 2434 / 3360 [100.00%] @ "318428000"
// RTL Simulation : 2435 / 3360 [100.00%] @ "318553000"
// RTL Simulation : 2436 / 3360 [100.00%] @ "318678000"
// RTL Simulation : 2437 / 3360 [100.00%] @ "318808000"
// RTL Simulation : 2438 / 3360 [100.00%] @ "318938000"
// RTL Simulation : 2439 / 3360 [100.00%] @ "319063000"
// RTL Simulation : 2440 / 3360 [100.00%] @ "319188000"
// RTL Simulation : 2441 / 3360 [100.00%] @ "319313000"
// RTL Simulation : 2442 / 3360 [100.00%] @ "319438000"
// RTL Simulation : 2443 / 3360 [100.00%] @ "319568000"
// RTL Simulation : 2444 / 3360 [100.00%] @ "319698000"
// RTL Simulation : 2445 / 3360 [100.00%] @ "319823000"
// RTL Simulation : 2446 / 3360 [100.00%] @ "319948000"
// RTL Simulation : 2447 / 3360 [100.00%] @ "320073000"
// RTL Simulation : 2448 / 3360 [100.00%] @ "320198000"
// RTL Simulation : 2449 / 3360 [100.00%] @ "320353000"
// RTL Simulation : 2450 / 3360 [100.00%] @ "320508000"
// RTL Simulation : 2451 / 3360 [100.00%] @ "320633000"
// RTL Simulation : 2452 / 3360 [100.00%] @ "320758000"
// RTL Simulation : 2453 / 3360 [100.00%] @ "320883000"
// RTL Simulation : 2454 / 3360 [100.00%] @ "321008000"
// RTL Simulation : 2455 / 3360 [100.00%] @ "321163000"
// RTL Simulation : 2456 / 3360 [100.00%] @ "321318000"
// RTL Simulation : 2457 / 3360 [100.00%] @ "321443000"
// RTL Simulation : 2458 / 3360 [100.00%] @ "321568000"
// RTL Simulation : 2459 / 3360 [100.00%] @ "321693000"
// RTL Simulation : 2460 / 3360 [100.00%] @ "321818000"
// RTL Simulation : 2461 / 3360 [100.00%] @ "321973000"
// RTL Simulation : 2462 / 3360 [100.00%] @ "322128000"
// RTL Simulation : 2463 / 3360 [100.00%] @ "322253000"
// RTL Simulation : 2464 / 3360 [100.00%] @ "322378000"
// RTL Simulation : 2465 / 3360 [100.00%] @ "322503000"
// RTL Simulation : 2466 / 3360 [100.00%] @ "322628000"
// RTL Simulation : 2467 / 3360 [100.00%] @ "322783000"
// RTL Simulation : 2468 / 3360 [100.00%] @ "322938000"
// RTL Simulation : 2469 / 3360 [100.00%] @ "323063000"
// RTL Simulation : 2470 / 3360 [100.00%] @ "323188000"
// RTL Simulation : 2471 / 3360 [100.00%] @ "323313000"
// RTL Simulation : 2472 / 3360 [100.00%] @ "323438000"
// RTL Simulation : 2473 / 3360 [100.00%] @ "323593000"
// RTL Simulation : 2474 / 3360 [100.00%] @ "323748000"
// RTL Simulation : 2475 / 3360 [100.00%] @ "323873000"
// RTL Simulation : 2476 / 3360 [100.00%] @ "323998000"
// RTL Simulation : 2477 / 3360 [100.00%] @ "324123000"
// RTL Simulation : 2478 / 3360 [100.00%] @ "324248000"
// RTL Simulation : 2479 / 3360 [100.00%] @ "324403000"
// RTL Simulation : 2480 / 3360 [100.00%] @ "324558000"
// RTL Simulation : 2481 / 3360 [100.00%] @ "324683000"
// RTL Simulation : 2482 / 3360 [100.00%] @ "324808000"
// RTL Simulation : 2483 / 3360 [100.00%] @ "324933000"
// RTL Simulation : 2484 / 3360 [100.00%] @ "325058000"
// RTL Simulation : 2485 / 3360 [100.00%] @ "325213000"
// RTL Simulation : 2486 / 3360 [100.00%] @ "325368000"
// RTL Simulation : 2487 / 3360 [100.00%] @ "325493000"
// RTL Simulation : 2488 / 3360 [100.00%] @ "325618000"
// RTL Simulation : 2489 / 3360 [100.00%] @ "325743000"
// RTL Simulation : 2490 / 3360 [100.00%] @ "325868000"
// RTL Simulation : 2491 / 3360 [100.00%] @ "326023000"
// RTL Simulation : 2492 / 3360 [100.00%] @ "326178000"
// RTL Simulation : 2493 / 3360 [100.00%] @ "326303000"
// RTL Simulation : 2494 / 3360 [100.00%] @ "326428000"
// RTL Simulation : 2495 / 3360 [100.00%] @ "326553000"
// RTL Simulation : 2496 / 3360 [100.00%] @ "326678000"
// RTL Simulation : 2497 / 3360 [100.00%] @ "326808000"
// RTL Simulation : 2498 / 3360 [100.00%] @ "326938000"
// RTL Simulation : 2499 / 3360 [100.00%] @ "327063000"
// RTL Simulation : 2500 / 3360 [100.00%] @ "327188000"
// RTL Simulation : 2501 / 3360 [100.00%] @ "327313000"
// RTL Simulation : 2502 / 3360 [100.00%] @ "327438000"
// RTL Simulation : 2503 / 3360 [100.00%] @ "327568000"
// RTL Simulation : 2504 / 3360 [100.00%] @ "327698000"
// RTL Simulation : 2505 / 3360 [100.00%] @ "327823000"
// RTL Simulation : 2506 / 3360 [100.00%] @ "327948000"
// RTL Simulation : 2507 / 3360 [100.00%] @ "328073000"
// RTL Simulation : 2508 / 3360 [100.00%] @ "328198000"
// RTL Simulation : 2509 / 3360 [100.00%] @ "328328000"
// RTL Simulation : 2510 / 3360 [100.00%] @ "328458000"
// RTL Simulation : 2511 / 3360 [100.00%] @ "328583000"
// RTL Simulation : 2512 / 3360 [100.00%] @ "328708000"
// RTL Simulation : 2513 / 3360 [100.00%] @ "328833000"
// RTL Simulation : 2514 / 3360 [100.00%] @ "328958000"
// RTL Simulation : 2515 / 3360 [100.00%] @ "329088000"
// RTL Simulation : 2516 / 3360 [100.00%] @ "329218000"
// RTL Simulation : 2517 / 3360 [100.00%] @ "329343000"
// RTL Simulation : 2518 / 3360 [100.00%] @ "329468000"
// RTL Simulation : 2519 / 3360 [100.00%] @ "329593000"
// RTL Simulation : 2520 / 3360 [100.00%] @ "329718000"
// RTL Simulation : 2521 / 3360 [100.00%] @ "329848000"
// RTL Simulation : 2522 / 3360 [100.00%] @ "329978000"
// RTL Simulation : 2523 / 3360 [100.00%] @ "330103000"
// RTL Simulation : 2524 / 3360 [100.00%] @ "330228000"
// RTL Simulation : 2525 / 3360 [100.00%] @ "330353000"
// RTL Simulation : 2526 / 3360 [100.00%] @ "330478000"
// RTL Simulation : 2527 / 3360 [100.00%] @ "330608000"
// RTL Simulation : 2528 / 3360 [100.00%] @ "330738000"
// RTL Simulation : 2529 / 3360 [100.00%] @ "330863000"
// RTL Simulation : 2530 / 3360 [100.00%] @ "330988000"
// RTL Simulation : 2531 / 3360 [100.00%] @ "331113000"
// RTL Simulation : 2532 / 3360 [100.00%] @ "331238000"
// RTL Simulation : 2533 / 3360 [100.00%] @ "331368000"
// RTL Simulation : 2534 / 3360 [100.00%] @ "331498000"
// RTL Simulation : 2535 / 3360 [100.00%] @ "331623000"
// RTL Simulation : 2536 / 3360 [100.00%] @ "331748000"
// RTL Simulation : 2537 / 3360 [100.00%] @ "331873000"
// RTL Simulation : 2538 / 3360 [100.00%] @ "331998000"
// RTL Simulation : 2539 / 3360 [100.00%] @ "332128000"
// RTL Simulation : 2540 / 3360 [100.00%] @ "332258000"
// RTL Simulation : 2541 / 3360 [100.00%] @ "332383000"
// RTL Simulation : 2542 / 3360 [100.00%] @ "332508000"
// RTL Simulation : 2543 / 3360 [100.00%] @ "332633000"
// RTL Simulation : 2544 / 3360 [100.00%] @ "332758000"
// RTL Simulation : 2545 / 3360 [100.00%] @ "332913000"
// RTL Simulation : 2546 / 3360 [100.00%] @ "333068000"
// RTL Simulation : 2547 / 3360 [100.00%] @ "333193000"
// RTL Simulation : 2548 / 3360 [100.00%] @ "333318000"
// RTL Simulation : 2549 / 3360 [100.00%] @ "333443000"
// RTL Simulation : 2550 / 3360 [100.00%] @ "333568000"
// RTL Simulation : 2551 / 3360 [100.00%] @ "333723000"
// RTL Simulation : 2552 / 3360 [100.00%] @ "333878000"
// RTL Simulation : 2553 / 3360 [100.00%] @ "334003000"
// RTL Simulation : 2554 / 3360 [100.00%] @ "334128000"
// RTL Simulation : 2555 / 3360 [100.00%] @ "334253000"
// RTL Simulation : 2556 / 3360 [100.00%] @ "334378000"
// RTL Simulation : 2557 / 3360 [100.00%] @ "334533000"
// RTL Simulation : 2558 / 3360 [100.00%] @ "334688000"
// RTL Simulation : 2559 / 3360 [100.00%] @ "334813000"
// RTL Simulation : 2560 / 3360 [100.00%] @ "334938000"
// RTL Simulation : 2561 / 3360 [100.00%] @ "335063000"
// RTL Simulation : 2562 / 3360 [100.00%] @ "335188000"
// RTL Simulation : 2563 / 3360 [100.00%] @ "335343000"
// RTL Simulation : 2564 / 3360 [100.00%] @ "335498000"
// RTL Simulation : 2565 / 3360 [100.00%] @ "335623000"
// RTL Simulation : 2566 / 3360 [100.00%] @ "335748000"
// RTL Simulation : 2567 / 3360 [100.00%] @ "335873000"
// RTL Simulation : 2568 / 3360 [100.00%] @ "335998000"
// RTL Simulation : 2569 / 3360 [100.00%] @ "336153000"
// RTL Simulation : 2570 / 3360 [100.00%] @ "336308000"
// RTL Simulation : 2571 / 3360 [100.00%] @ "336433000"
// RTL Simulation : 2572 / 3360 [100.00%] @ "336558000"
// RTL Simulation : 2573 / 3360 [100.00%] @ "336683000"
// RTL Simulation : 2574 / 3360 [100.00%] @ "336808000"
// RTL Simulation : 2575 / 3360 [100.00%] @ "336963000"
// RTL Simulation : 2576 / 3360 [100.00%] @ "337118000"
// RTL Simulation : 2577 / 3360 [100.00%] @ "337243000"
// RTL Simulation : 2578 / 3360 [100.00%] @ "337368000"
// RTL Simulation : 2579 / 3360 [100.00%] @ "337493000"
// RTL Simulation : 2580 / 3360 [100.00%] @ "337618000"
// RTL Simulation : 2581 / 3360 [100.00%] @ "337773000"
// RTL Simulation : 2582 / 3360 [100.00%] @ "337928000"
// RTL Simulation : 2583 / 3360 [100.00%] @ "338053000"
// RTL Simulation : 2584 / 3360 [100.00%] @ "338178000"
// RTL Simulation : 2585 / 3360 [100.00%] @ "338303000"
// RTL Simulation : 2586 / 3360 [100.00%] @ "338428000"
// RTL Simulation : 2587 / 3360 [100.00%] @ "338583000"
// RTL Simulation : 2588 / 3360 [100.00%] @ "338738000"
// RTL Simulation : 2589 / 3360 [100.00%] @ "338863000"
// RTL Simulation : 2590 / 3360 [100.00%] @ "338988000"
// RTL Simulation : 2591 / 3360 [100.00%] @ "339113000"
// RTL Simulation : 2592 / 3360 [100.00%] @ "339238000"
// RTL Simulation : 2593 / 3360 [100.00%] @ "339368000"
// RTL Simulation : 2594 / 3360 [100.00%] @ "339498000"
// RTL Simulation : 2595 / 3360 [100.00%] @ "339623000"
// RTL Simulation : 2596 / 3360 [100.00%] @ "339748000"
// RTL Simulation : 2597 / 3360 [100.00%] @ "339873000"
// RTL Simulation : 2598 / 3360 [100.00%] @ "339998000"
// RTL Simulation : 2599 / 3360 [100.00%] @ "340128000"
// RTL Simulation : 2600 / 3360 [100.00%] @ "340258000"
// RTL Simulation : 2601 / 3360 [100.00%] @ "340383000"
// RTL Simulation : 2602 / 3360 [100.00%] @ "340508000"
// RTL Simulation : 2603 / 3360 [100.00%] @ "340633000"
// RTL Simulation : 2604 / 3360 [100.00%] @ "340758000"
// RTL Simulation : 2605 / 3360 [100.00%] @ "340888000"
// RTL Simulation : 2606 / 3360 [100.00%] @ "341018000"
// RTL Simulation : 2607 / 3360 [100.00%] @ "341143000"
// RTL Simulation : 2608 / 3360 [100.00%] @ "341268000"
// RTL Simulation : 2609 / 3360 [100.00%] @ "341393000"
// RTL Simulation : 2610 / 3360 [100.00%] @ "341518000"
// RTL Simulation : 2611 / 3360 [100.00%] @ "341648000"
// RTL Simulation : 2612 / 3360 [100.00%] @ "341778000"
// RTL Simulation : 2613 / 3360 [100.00%] @ "341903000"
// RTL Simulation : 2614 / 3360 [100.00%] @ "342028000"
// RTL Simulation : 2615 / 3360 [100.00%] @ "342153000"
// RTL Simulation : 2616 / 3360 [100.00%] @ "342278000"
// RTL Simulation : 2617 / 3360 [100.00%] @ "342408000"
// RTL Simulation : 2618 / 3360 [100.00%] @ "342538000"
// RTL Simulation : 2619 / 3360 [100.00%] @ "342663000"
// RTL Simulation : 2620 / 3360 [100.00%] @ "342788000"
// RTL Simulation : 2621 / 3360 [100.00%] @ "342913000"
// RTL Simulation : 2622 / 3360 [100.00%] @ "343038000"
// RTL Simulation : 2623 / 3360 [100.00%] @ "343168000"
// RTL Simulation : 2624 / 3360 [100.00%] @ "343298000"
// RTL Simulation : 2625 / 3360 [100.00%] @ "343423000"
// RTL Simulation : 2626 / 3360 [100.00%] @ "343548000"
// RTL Simulation : 2627 / 3360 [100.00%] @ "343673000"
// RTL Simulation : 2628 / 3360 [100.00%] @ "343798000"
// RTL Simulation : 2629 / 3360 [100.00%] @ "343928000"
// RTL Simulation : 2630 / 3360 [100.00%] @ "344058000"
// RTL Simulation : 2631 / 3360 [100.00%] @ "344183000"
// RTL Simulation : 2632 / 3360 [100.00%] @ "344308000"
// RTL Simulation : 2633 / 3360 [100.00%] @ "344433000"
// RTL Simulation : 2634 / 3360 [100.00%] @ "344558000"
// RTL Simulation : 2635 / 3360 [100.00%] @ "344688000"
// RTL Simulation : 2636 / 3360 [100.00%] @ "344818000"
// RTL Simulation : 2637 / 3360 [100.00%] @ "344943000"
// RTL Simulation : 2638 / 3360 [100.00%] @ "345068000"
// RTL Simulation : 2639 / 3360 [100.00%] @ "345193000"
// RTL Simulation : 2640 / 3360 [100.00%] @ "345318000"
// RTL Simulation : 2641 / 3360 [100.00%] @ "345473000"
// RTL Simulation : 2642 / 3360 [100.00%] @ "345628000"
// RTL Simulation : 2643 / 3360 [100.00%] @ "345753000"
// RTL Simulation : 2644 / 3360 [100.00%] @ "345878000"
// RTL Simulation : 2645 / 3360 [100.00%] @ "346003000"
// RTL Simulation : 2646 / 3360 [100.00%] @ "346128000"
// RTL Simulation : 2647 / 3360 [100.00%] @ "346283000"
// RTL Simulation : 2648 / 3360 [100.00%] @ "346438000"
// RTL Simulation : 2649 / 3360 [100.00%] @ "346563000"
// RTL Simulation : 2650 / 3360 [100.00%] @ "346688000"
// RTL Simulation : 2651 / 3360 [100.00%] @ "346813000"
// RTL Simulation : 2652 / 3360 [100.00%] @ "346938000"
// RTL Simulation : 2653 / 3360 [100.00%] @ "347093000"
// RTL Simulation : 2654 / 3360 [100.00%] @ "347248000"
// RTL Simulation : 2655 / 3360 [100.00%] @ "347373000"
// RTL Simulation : 2656 / 3360 [100.00%] @ "347498000"
// RTL Simulation : 2657 / 3360 [100.00%] @ "347623000"
// RTL Simulation : 2658 / 3360 [100.00%] @ "347748000"
// RTL Simulation : 2659 / 3360 [100.00%] @ "347903000"
// RTL Simulation : 2660 / 3360 [100.00%] @ "348058000"
// RTL Simulation : 2661 / 3360 [100.00%] @ "348183000"
// RTL Simulation : 2662 / 3360 [100.00%] @ "348308000"
// RTL Simulation : 2663 / 3360 [100.00%] @ "348433000"
// RTL Simulation : 2664 / 3360 [100.00%] @ "348558000"
// RTL Simulation : 2665 / 3360 [100.00%] @ "348713000"
// RTL Simulation : 2666 / 3360 [100.00%] @ "348868000"
// RTL Simulation : 2667 / 3360 [100.00%] @ "348993000"
// RTL Simulation : 2668 / 3360 [100.00%] @ "349118000"
// RTL Simulation : 2669 / 3360 [100.00%] @ "349243000"
// RTL Simulation : 2670 / 3360 [100.00%] @ "349368000"
// RTL Simulation : 2671 / 3360 [100.00%] @ "349523000"
// RTL Simulation : 2672 / 3360 [100.00%] @ "349678000"
// RTL Simulation : 2673 / 3360 [100.00%] @ "349803000"
// RTL Simulation : 2674 / 3360 [100.00%] @ "349928000"
// RTL Simulation : 2675 / 3360 [100.00%] @ "350053000"
// RTL Simulation : 2676 / 3360 [100.00%] @ "350178000"
// RTL Simulation : 2677 / 3360 [100.00%] @ "350333000"
// RTL Simulation : 2678 / 3360 [100.00%] @ "350488000"
// RTL Simulation : 2679 / 3360 [100.00%] @ "350613000"
// RTL Simulation : 2680 / 3360 [100.00%] @ "350738000"
// RTL Simulation : 2681 / 3360 [100.00%] @ "350863000"
// RTL Simulation : 2682 / 3360 [100.00%] @ "350988000"
// RTL Simulation : 2683 / 3360 [100.00%] @ "351143000"
// RTL Simulation : 2684 / 3360 [100.00%] @ "351298000"
// RTL Simulation : 2685 / 3360 [100.00%] @ "351423000"
// RTL Simulation : 2686 / 3360 [100.00%] @ "351548000"
// RTL Simulation : 2687 / 3360 [100.00%] @ "351673000"
// RTL Simulation : 2688 / 3360 [100.00%] @ "351798000"
// RTL Simulation : 2689 / 3360 [100.00%] @ "351928000"
// RTL Simulation : 2690 / 3360 [100.00%] @ "352058000"
// RTL Simulation : 2691 / 3360 [100.00%] @ "352183000"
// RTL Simulation : 2692 / 3360 [100.00%] @ "352308000"
// RTL Simulation : 2693 / 3360 [100.00%] @ "352433000"
// RTL Simulation : 2694 / 3360 [100.00%] @ "352558000"
// RTL Simulation : 2695 / 3360 [100.00%] @ "352688000"
// RTL Simulation : 2696 / 3360 [100.00%] @ "352818000"
// RTL Simulation : 2697 / 3360 [100.00%] @ "352943000"
// RTL Simulation : 2698 / 3360 [100.00%] @ "353068000"
// RTL Simulation : 2699 / 3360 [100.00%] @ "353193000"
// RTL Simulation : 2700 / 3360 [100.00%] @ "353318000"
// RTL Simulation : 2701 / 3360 [100.00%] @ "353448000"
// RTL Simulation : 2702 / 3360 [100.00%] @ "353578000"
// RTL Simulation : 2703 / 3360 [100.00%] @ "353703000"
// RTL Simulation : 2704 / 3360 [100.00%] @ "353828000"
// RTL Simulation : 2705 / 3360 [100.00%] @ "353953000"
// RTL Simulation : 2706 / 3360 [100.00%] @ "354078000"
// RTL Simulation : 2707 / 3360 [100.00%] @ "354208000"
// RTL Simulation : 2708 / 3360 [100.00%] @ "354338000"
// RTL Simulation : 2709 / 3360 [100.00%] @ "354463000"
// RTL Simulation : 2710 / 3360 [100.00%] @ "354588000"
// RTL Simulation : 2711 / 3360 [100.00%] @ "354713000"
// RTL Simulation : 2712 / 3360 [100.00%] @ "354838000"
// RTL Simulation : 2713 / 3360 [100.00%] @ "354968000"
// RTL Simulation : 2714 / 3360 [100.00%] @ "355098000"
// RTL Simulation : 2715 / 3360 [100.00%] @ "355223000"
// RTL Simulation : 2716 / 3360 [100.00%] @ "355348000"
// RTL Simulation : 2717 / 3360 [100.00%] @ "355473000"
// RTL Simulation : 2718 / 3360 [100.00%] @ "355598000"
// RTL Simulation : 2719 / 3360 [100.00%] @ "355728000"
// RTL Simulation : 2720 / 3360 [100.00%] @ "355858000"
// RTL Simulation : 2721 / 3360 [100.00%] @ "355983000"
// RTL Simulation : 2722 / 3360 [100.00%] @ "356108000"
// RTL Simulation : 2723 / 3360 [100.00%] @ "356233000"
// RTL Simulation : 2724 / 3360 [100.00%] @ "356358000"
// RTL Simulation : 2725 / 3360 [100.00%] @ "356488000"
// RTL Simulation : 2726 / 3360 [100.00%] @ "356618000"
// RTL Simulation : 2727 / 3360 [100.00%] @ "356743000"
// RTL Simulation : 2728 / 3360 [100.00%] @ "356868000"
// RTL Simulation : 2729 / 3360 [100.00%] @ "356993000"
// RTL Simulation : 2730 / 3360 [100.00%] @ "357118000"
// RTL Simulation : 2731 / 3360 [100.00%] @ "357248000"
// RTL Simulation : 2732 / 3360 [100.00%] @ "357378000"
// RTL Simulation : 2733 / 3360 [100.00%] @ "357503000"
// RTL Simulation : 2734 / 3360 [100.00%] @ "357628000"
// RTL Simulation : 2735 / 3360 [100.00%] @ "357753000"
// RTL Simulation : 2736 / 3360 [100.00%] @ "357878000"
// RTL Simulation : 2737 / 3360 [100.00%] @ "358033000"
// RTL Simulation : 2738 / 3360 [100.00%] @ "358188000"
// RTL Simulation : 2739 / 3360 [100.00%] @ "358313000"
// RTL Simulation : 2740 / 3360 [100.00%] @ "358438000"
// RTL Simulation : 2741 / 3360 [100.00%] @ "358563000"
// RTL Simulation : 2742 / 3360 [100.00%] @ "358688000"
// RTL Simulation : 2743 / 3360 [100.00%] @ "358843000"
// RTL Simulation : 2744 / 3360 [100.00%] @ "358998000"
// RTL Simulation : 2745 / 3360 [100.00%] @ "359123000"
// RTL Simulation : 2746 / 3360 [100.00%] @ "359248000"
// RTL Simulation : 2747 / 3360 [100.00%] @ "359373000"
// RTL Simulation : 2748 / 3360 [100.00%] @ "359498000"
// RTL Simulation : 2749 / 3360 [100.00%] @ "359653000"
// RTL Simulation : 2750 / 3360 [100.00%] @ "359808000"
// RTL Simulation : 2751 / 3360 [100.00%] @ "359933000"
// RTL Simulation : 2752 / 3360 [100.00%] @ "360058000"
// RTL Simulation : 2753 / 3360 [100.00%] @ "360183000"
// RTL Simulation : 2754 / 3360 [100.00%] @ "360308000"
// RTL Simulation : 2755 / 3360 [100.00%] @ "360463000"
// RTL Simulation : 2756 / 3360 [100.00%] @ "360618000"
// RTL Simulation : 2757 / 3360 [100.00%] @ "360743000"
// RTL Simulation : 2758 / 3360 [100.00%] @ "360868000"
// RTL Simulation : 2759 / 3360 [100.00%] @ "360993000"
// RTL Simulation : 2760 / 3360 [100.00%] @ "361118000"
// RTL Simulation : 2761 / 3360 [100.00%] @ "361273000"
// RTL Simulation : 2762 / 3360 [100.00%] @ "361428000"
// RTL Simulation : 2763 / 3360 [100.00%] @ "361553000"
// RTL Simulation : 2764 / 3360 [100.00%] @ "361678000"
// RTL Simulation : 2765 / 3360 [100.00%] @ "361803000"
// RTL Simulation : 2766 / 3360 [100.00%] @ "361928000"
// RTL Simulation : 2767 / 3360 [100.00%] @ "362083000"
// RTL Simulation : 2768 / 3360 [100.00%] @ "362238000"
// RTL Simulation : 2769 / 3360 [100.00%] @ "362363000"
// RTL Simulation : 2770 / 3360 [100.00%] @ "362488000"
// RTL Simulation : 2771 / 3360 [100.00%] @ "362613000"
// RTL Simulation : 2772 / 3360 [100.00%] @ "362738000"
// RTL Simulation : 2773 / 3360 [100.00%] @ "362893000"
// RTL Simulation : 2774 / 3360 [100.00%] @ "363048000"
// RTL Simulation : 2775 / 3360 [100.00%] @ "363173000"
// RTL Simulation : 2776 / 3360 [100.00%] @ "363298000"
// RTL Simulation : 2777 / 3360 [100.00%] @ "363423000"
// RTL Simulation : 2778 / 3360 [100.00%] @ "363548000"
// RTL Simulation : 2779 / 3360 [100.00%] @ "363703000"
// RTL Simulation : 2780 / 3360 [100.00%] @ "363858000"
// RTL Simulation : 2781 / 3360 [100.00%] @ "363983000"
// RTL Simulation : 2782 / 3360 [100.00%] @ "364108000"
// RTL Simulation : 2783 / 3360 [100.00%] @ "364233000"
// RTL Simulation : 2784 / 3360 [100.00%] @ "364358000"
// RTL Simulation : 2785 / 3360 [100.00%] @ "364488000"
// RTL Simulation : 2786 / 3360 [100.00%] @ "364618000"
// RTL Simulation : 2787 / 3360 [100.00%] @ "364743000"
// RTL Simulation : 2788 / 3360 [100.00%] @ "364868000"
// RTL Simulation : 2789 / 3360 [100.00%] @ "364993000"
// RTL Simulation : 2790 / 3360 [100.00%] @ "365118000"
// RTL Simulation : 2791 / 3360 [100.00%] @ "365248000"
// RTL Simulation : 2792 / 3360 [100.00%] @ "365378000"
// RTL Simulation : 2793 / 3360 [100.00%] @ "365503000"
// RTL Simulation : 2794 / 3360 [100.00%] @ "365628000"
// RTL Simulation : 2795 / 3360 [100.00%] @ "365753000"
// RTL Simulation : 2796 / 3360 [100.00%] @ "365878000"
// RTL Simulation : 2797 / 3360 [100.00%] @ "366008000"
// RTL Simulation : 2798 / 3360 [100.00%] @ "366138000"
// RTL Simulation : 2799 / 3360 [100.00%] @ "366263000"
// RTL Simulation : 2800 / 3360 [100.00%] @ "366388000"
// RTL Simulation : 2801 / 3360 [100.00%] @ "366513000"
// RTL Simulation : 2802 / 3360 [100.00%] @ "366638000"
// RTL Simulation : 2803 / 3360 [100.00%] @ "366768000"
// RTL Simulation : 2804 / 3360 [100.00%] @ "366898000"
// RTL Simulation : 2805 / 3360 [100.00%] @ "367023000"
// RTL Simulation : 2806 / 3360 [100.00%] @ "367148000"
// RTL Simulation : 2807 / 3360 [100.00%] @ "367273000"
// RTL Simulation : 2808 / 3360 [100.00%] @ "367398000"
// RTL Simulation : 2809 / 3360 [100.00%] @ "367528000"
// RTL Simulation : 2810 / 3360 [100.00%] @ "367658000"
// RTL Simulation : 2811 / 3360 [100.00%] @ "367783000"
// RTL Simulation : 2812 / 3360 [100.00%] @ "367908000"
// RTL Simulation : 2813 / 3360 [100.00%] @ "368033000"
// RTL Simulation : 2814 / 3360 [100.00%] @ "368158000"
// RTL Simulation : 2815 / 3360 [100.00%] @ "368288000"
// RTL Simulation : 2816 / 3360 [100.00%] @ "368418000"
// RTL Simulation : 2817 / 3360 [100.00%] @ "368543000"
// RTL Simulation : 2818 / 3360 [100.00%] @ "368668000"
// RTL Simulation : 2819 / 3360 [100.00%] @ "368793000"
// RTL Simulation : 2820 / 3360 [100.00%] @ "368918000"
// RTL Simulation : 2821 / 3360 [100.00%] @ "369048000"
// RTL Simulation : 2822 / 3360 [100.00%] @ "369178000"
// RTL Simulation : 2823 / 3360 [100.00%] @ "369303000"
// RTL Simulation : 2824 / 3360 [100.00%] @ "369428000"
// RTL Simulation : 2825 / 3360 [100.00%] @ "369553000"
// RTL Simulation : 2826 / 3360 [100.00%] @ "369678000"
// RTL Simulation : 2827 / 3360 [100.00%] @ "369808000"
// RTL Simulation : 2828 / 3360 [100.00%] @ "369938000"
// RTL Simulation : 2829 / 3360 [100.00%] @ "370063000"
// RTL Simulation : 2830 / 3360 [100.00%] @ "370188000"
// RTL Simulation : 2831 / 3360 [100.00%] @ "370313000"
// RTL Simulation : 2832 / 3360 [100.00%] @ "370438000"
// RTL Simulation : 2833 / 3360 [100.00%] @ "370593000"
// RTL Simulation : 2834 / 3360 [100.00%] @ "370748000"
// RTL Simulation : 2835 / 3360 [100.00%] @ "370873000"
// RTL Simulation : 2836 / 3360 [100.00%] @ "370998000"
// RTL Simulation : 2837 / 3360 [100.00%] @ "371123000"
// RTL Simulation : 2838 / 3360 [100.00%] @ "371248000"
// RTL Simulation : 2839 / 3360 [100.00%] @ "371403000"
// RTL Simulation : 2840 / 3360 [100.00%] @ "371558000"
// RTL Simulation : 2841 / 3360 [100.00%] @ "371683000"
// RTL Simulation : 2842 / 3360 [100.00%] @ "371808000"
// RTL Simulation : 2843 / 3360 [100.00%] @ "371933000"
// RTL Simulation : 2844 / 3360 [100.00%] @ "372058000"
// RTL Simulation : 2845 / 3360 [100.00%] @ "372213000"
// RTL Simulation : 2846 / 3360 [100.00%] @ "372368000"
// RTL Simulation : 2847 / 3360 [100.00%] @ "372493000"
// RTL Simulation : 2848 / 3360 [100.00%] @ "372618000"
// RTL Simulation : 2849 / 3360 [100.00%] @ "372743000"
// RTL Simulation : 2850 / 3360 [100.00%] @ "372868000"
// RTL Simulation : 2851 / 3360 [100.00%] @ "373023000"
// RTL Simulation : 2852 / 3360 [100.00%] @ "373178000"
// RTL Simulation : 2853 / 3360 [100.00%] @ "373303000"
// RTL Simulation : 2854 / 3360 [100.00%] @ "373428000"
// RTL Simulation : 2855 / 3360 [100.00%] @ "373553000"
// RTL Simulation : 2856 / 3360 [100.00%] @ "373678000"
// RTL Simulation : 2857 / 3360 [100.00%] @ "373833000"
// RTL Simulation : 2858 / 3360 [100.00%] @ "373988000"
// RTL Simulation : 2859 / 3360 [100.00%] @ "374113000"
// RTL Simulation : 2860 / 3360 [100.00%] @ "374238000"
// RTL Simulation : 2861 / 3360 [100.00%] @ "374363000"
// RTL Simulation : 2862 / 3360 [100.00%] @ "374488000"
// RTL Simulation : 2863 / 3360 [100.00%] @ "374643000"
// RTL Simulation : 2864 / 3360 [100.00%] @ "374798000"
// RTL Simulation : 2865 / 3360 [100.00%] @ "374923000"
// RTL Simulation : 2866 / 3360 [100.00%] @ "375048000"
// RTL Simulation : 2867 / 3360 [100.00%] @ "375173000"
// RTL Simulation : 2868 / 3360 [100.00%] @ "375298000"
// RTL Simulation : 2869 / 3360 [100.00%] @ "375453000"
// RTL Simulation : 2870 / 3360 [100.00%] @ "375608000"
// RTL Simulation : 2871 / 3360 [100.00%] @ "375733000"
// RTL Simulation : 2872 / 3360 [100.00%] @ "375858000"
// RTL Simulation : 2873 / 3360 [100.00%] @ "375983000"
// RTL Simulation : 2874 / 3360 [100.00%] @ "376108000"
// RTL Simulation : 2875 / 3360 [100.00%] @ "376263000"
// RTL Simulation : 2876 / 3360 [100.00%] @ "376418000"
// RTL Simulation : 2877 / 3360 [100.00%] @ "376543000"
// RTL Simulation : 2878 / 3360 [100.00%] @ "376668000"
// RTL Simulation : 2879 / 3360 [100.00%] @ "376793000"
// RTL Simulation : 2880 / 3360 [100.00%] @ "376918000"
// RTL Simulation : 2881 / 3360 [100.00%] @ "377048000"
// RTL Simulation : 2882 / 3360 [100.00%] @ "377178000"
// RTL Simulation : 2883 / 3360 [100.00%] @ "377303000"
// RTL Simulation : 2884 / 3360 [100.00%] @ "377428000"
// RTL Simulation : 2885 / 3360 [100.00%] @ "377553000"
// RTL Simulation : 2886 / 3360 [100.00%] @ "377678000"
// RTL Simulation : 2887 / 3360 [100.00%] @ "377808000"
// RTL Simulation : 2888 / 3360 [100.00%] @ "377938000"
// RTL Simulation : 2889 / 3360 [100.00%] @ "378063000"
// RTL Simulation : 2890 / 3360 [100.00%] @ "378188000"
// RTL Simulation : 2891 / 3360 [100.00%] @ "378313000"
// RTL Simulation : 2892 / 3360 [100.00%] @ "378438000"
// RTL Simulation : 2893 / 3360 [100.00%] @ "378568000"
// RTL Simulation : 2894 / 3360 [100.00%] @ "378698000"
// RTL Simulation : 2895 / 3360 [100.00%] @ "378823000"
// RTL Simulation : 2896 / 3360 [100.00%] @ "378948000"
// RTL Simulation : 2897 / 3360 [100.00%] @ "379073000"
// RTL Simulation : 2898 / 3360 [100.00%] @ "379198000"
// RTL Simulation : 2899 / 3360 [100.00%] @ "379328000"
// RTL Simulation : 2900 / 3360 [100.00%] @ "379458000"
// RTL Simulation : 2901 / 3360 [100.00%] @ "379583000"
// RTL Simulation : 2902 / 3360 [100.00%] @ "379708000"
// RTL Simulation : 2903 / 3360 [100.00%] @ "379833000"
// RTL Simulation : 2904 / 3360 [100.00%] @ "379958000"
// RTL Simulation : 2905 / 3360 [100.00%] @ "380088000"
// RTL Simulation : 2906 / 3360 [100.00%] @ "380218000"
// RTL Simulation : 2907 / 3360 [100.00%] @ "380343000"
// RTL Simulation : 2908 / 3360 [100.00%] @ "380468000"
// RTL Simulation : 2909 / 3360 [100.00%] @ "380593000"
// RTL Simulation : 2910 / 3360 [100.00%] @ "380718000"
// RTL Simulation : 2911 / 3360 [100.00%] @ "380848000"
// RTL Simulation : 2912 / 3360 [100.00%] @ "380978000"
// RTL Simulation : 2913 / 3360 [100.00%] @ "381103000"
// RTL Simulation : 2914 / 3360 [100.00%] @ "381228000"
// RTL Simulation : 2915 / 3360 [100.00%] @ "381353000"
// RTL Simulation : 2916 / 3360 [100.00%] @ "381478000"
// RTL Simulation : 2917 / 3360 [100.00%] @ "381608000"
// RTL Simulation : 2918 / 3360 [100.00%] @ "381738000"
// RTL Simulation : 2919 / 3360 [100.00%] @ "381863000"
// RTL Simulation : 2920 / 3360 [100.00%] @ "381988000"
// RTL Simulation : 2921 / 3360 [100.00%] @ "382113000"
// RTL Simulation : 2922 / 3360 [100.00%] @ "382238000"
// RTL Simulation : 2923 / 3360 [100.00%] @ "382368000"
// RTL Simulation : 2924 / 3360 [100.00%] @ "382498000"
// RTL Simulation : 2925 / 3360 [100.00%] @ "382623000"
// RTL Simulation : 2926 / 3360 [100.00%] @ "382748000"
// RTL Simulation : 2927 / 3360 [100.00%] @ "382873000"
// RTL Simulation : 2928 / 3360 [100.00%] @ "382998000"
// RTL Simulation : 2929 / 3360 [100.00%] @ "383153000"
// RTL Simulation : 2930 / 3360 [100.00%] @ "383308000"
// RTL Simulation : 2931 / 3360 [100.00%] @ "383433000"
// RTL Simulation : 2932 / 3360 [100.00%] @ "383558000"
// RTL Simulation : 2933 / 3360 [100.00%] @ "383683000"
// RTL Simulation : 2934 / 3360 [100.00%] @ "383808000"
// RTL Simulation : 2935 / 3360 [100.00%] @ "383963000"
// RTL Simulation : 2936 / 3360 [100.00%] @ "384118000"
// RTL Simulation : 2937 / 3360 [100.00%] @ "384243000"
// RTL Simulation : 2938 / 3360 [100.00%] @ "384368000"
// RTL Simulation : 2939 / 3360 [100.00%] @ "384493000"
// RTL Simulation : 2940 / 3360 [100.00%] @ "384618000"
// RTL Simulation : 2941 / 3360 [100.00%] @ "384773000"
// RTL Simulation : 2942 / 3360 [100.00%] @ "384928000"
// RTL Simulation : 2943 / 3360 [100.00%] @ "385053000"
// RTL Simulation : 2944 / 3360 [100.00%] @ "385178000"
// RTL Simulation : 2945 / 3360 [100.00%] @ "385303000"
// RTL Simulation : 2946 / 3360 [100.00%] @ "385428000"
// RTL Simulation : 2947 / 3360 [100.00%] @ "385583000"
// RTL Simulation : 2948 / 3360 [100.00%] @ "385738000"
// RTL Simulation : 2949 / 3360 [100.00%] @ "385863000"
// RTL Simulation : 2950 / 3360 [100.00%] @ "385988000"
// RTL Simulation : 2951 / 3360 [100.00%] @ "386113000"
// RTL Simulation : 2952 / 3360 [100.00%] @ "386238000"
// RTL Simulation : 2953 / 3360 [100.00%] @ "386393000"
// RTL Simulation : 2954 / 3360 [100.00%] @ "386548000"
// RTL Simulation : 2955 / 3360 [100.00%] @ "386673000"
// RTL Simulation : 2956 / 3360 [100.00%] @ "386798000"
// RTL Simulation : 2957 / 3360 [100.00%] @ "386923000"
// RTL Simulation : 2958 / 3360 [100.00%] @ "387048000"
// RTL Simulation : 2959 / 3360 [100.00%] @ "387203000"
// RTL Simulation : 2960 / 3360 [100.00%] @ "387358000"
// RTL Simulation : 2961 / 3360 [100.00%] @ "387483000"
// RTL Simulation : 2962 / 3360 [100.00%] @ "387608000"
// RTL Simulation : 2963 / 3360 [100.00%] @ "387733000"
// RTL Simulation : 2964 / 3360 [100.00%] @ "387858000"
// RTL Simulation : 2965 / 3360 [100.00%] @ "388013000"
// RTL Simulation : 2966 / 3360 [100.00%] @ "388168000"
// RTL Simulation : 2967 / 3360 [100.00%] @ "388293000"
// RTL Simulation : 2968 / 3360 [100.00%] @ "388418000"
// RTL Simulation : 2969 / 3360 [100.00%] @ "388543000"
// RTL Simulation : 2970 / 3360 [100.00%] @ "388668000"
// RTL Simulation : 2971 / 3360 [100.00%] @ "388823000"
// RTL Simulation : 2972 / 3360 [100.00%] @ "388978000"
// RTL Simulation : 2973 / 3360 [100.00%] @ "389103000"
// RTL Simulation : 2974 / 3360 [100.00%] @ "389228000"
// RTL Simulation : 2975 / 3360 [100.00%] @ "389353000"
// RTL Simulation : 2976 / 3360 [100.00%] @ "389478000"
// RTL Simulation : 2977 / 3360 [100.00%] @ "389608000"
// RTL Simulation : 2978 / 3360 [100.00%] @ "389738000"
// RTL Simulation : 2979 / 3360 [100.00%] @ "389863000"
// RTL Simulation : 2980 / 3360 [100.00%] @ "389988000"
// RTL Simulation : 2981 / 3360 [100.00%] @ "390113000"
// RTL Simulation : 2982 / 3360 [100.00%] @ "390238000"
// RTL Simulation : 2983 / 3360 [100.00%] @ "390368000"
// RTL Simulation : 2984 / 3360 [100.00%] @ "390498000"
// RTL Simulation : 2985 / 3360 [100.00%] @ "390623000"
// RTL Simulation : 2986 / 3360 [100.00%] @ "390748000"
// RTL Simulation : 2987 / 3360 [100.00%] @ "390873000"
// RTL Simulation : 2988 / 3360 [100.00%] @ "390998000"
// RTL Simulation : 2989 / 3360 [100.00%] @ "391128000"
// RTL Simulation : 2990 / 3360 [100.00%] @ "391258000"
// RTL Simulation : 2991 / 3360 [100.00%] @ "391383000"
// RTL Simulation : 2992 / 3360 [100.00%] @ "391508000"
// RTL Simulation : 2993 / 3360 [100.00%] @ "391633000"
// RTL Simulation : 2994 / 3360 [100.00%] @ "391758000"
// RTL Simulation : 2995 / 3360 [100.00%] @ "391888000"
// RTL Simulation : 2996 / 3360 [100.00%] @ "392018000"
// RTL Simulation : 2997 / 3360 [100.00%] @ "392143000"
// RTL Simulation : 2998 / 3360 [100.00%] @ "392268000"
// RTL Simulation : 2999 / 3360 [100.00%] @ "392393000"
// RTL Simulation : 3000 / 3360 [100.00%] @ "392518000"
// RTL Simulation : 3001 / 3360 [100.00%] @ "392648000"
// RTL Simulation : 3002 / 3360 [100.00%] @ "392778000"
// RTL Simulation : 3003 / 3360 [100.00%] @ "392903000"
// RTL Simulation : 3004 / 3360 [100.00%] @ "393028000"
// RTL Simulation : 3005 / 3360 [100.00%] @ "393153000"
// RTL Simulation : 3006 / 3360 [100.00%] @ "393278000"
// RTL Simulation : 3007 / 3360 [100.00%] @ "393408000"
// RTL Simulation : 3008 / 3360 [100.00%] @ "393538000"
// RTL Simulation : 3009 / 3360 [100.00%] @ "393663000"
// RTL Simulation : 3010 / 3360 [100.00%] @ "393788000"
// RTL Simulation : 3011 / 3360 [100.00%] @ "393913000"
// RTL Simulation : 3012 / 3360 [100.00%] @ "394038000"
// RTL Simulation : 3013 / 3360 [100.00%] @ "394168000"
// RTL Simulation : 3014 / 3360 [100.00%] @ "394298000"
// RTL Simulation : 3015 / 3360 [100.00%] @ "394423000"
// RTL Simulation : 3016 / 3360 [100.00%] @ "394548000"
// RTL Simulation : 3017 / 3360 [100.00%] @ "394673000"
// RTL Simulation : 3018 / 3360 [100.00%] @ "394798000"
// RTL Simulation : 3019 / 3360 [100.00%] @ "394928000"
// RTL Simulation : 3020 / 3360 [100.00%] @ "395058000"
// RTL Simulation : 3021 / 3360 [100.00%] @ "395183000"
// RTL Simulation : 3022 / 3360 [100.00%] @ "395308000"
// RTL Simulation : 3023 / 3360 [100.00%] @ "395433000"
// RTL Simulation : 3024 / 3360 [100.00%] @ "395558000"
// RTL Simulation : 3025 / 3360 [100.00%] @ "395713000"
// RTL Simulation : 3026 / 3360 [100.00%] @ "395868000"
// RTL Simulation : 3027 / 3360 [100.00%] @ "395993000"
// RTL Simulation : 3028 / 3360 [100.00%] @ "396118000"
// RTL Simulation : 3029 / 3360 [100.00%] @ "396243000"
// RTL Simulation : 3030 / 3360 [100.00%] @ "396368000"
// RTL Simulation : 3031 / 3360 [100.00%] @ "396523000"
// RTL Simulation : 3032 / 3360 [100.00%] @ "396678000"
// RTL Simulation : 3033 / 3360 [100.00%] @ "396803000"
// RTL Simulation : 3034 / 3360 [100.00%] @ "396928000"
// RTL Simulation : 3035 / 3360 [100.00%] @ "397053000"
// RTL Simulation : 3036 / 3360 [100.00%] @ "397178000"
// RTL Simulation : 3037 / 3360 [100.00%] @ "397333000"
// RTL Simulation : 3038 / 3360 [100.00%] @ "397488000"
// RTL Simulation : 3039 / 3360 [100.00%] @ "397613000"
// RTL Simulation : 3040 / 3360 [100.00%] @ "397738000"
// RTL Simulation : 3041 / 3360 [100.00%] @ "397863000"
// RTL Simulation : 3042 / 3360 [100.00%] @ "397988000"
// RTL Simulation : 3043 / 3360 [100.00%] @ "398143000"
// RTL Simulation : 3044 / 3360 [100.00%] @ "398298000"
// RTL Simulation : 3045 / 3360 [100.00%] @ "398423000"
// RTL Simulation : 3046 / 3360 [100.00%] @ "398548000"
// RTL Simulation : 3047 / 3360 [100.00%] @ "398673000"
// RTL Simulation : 3048 / 3360 [100.00%] @ "398798000"
// RTL Simulation : 3049 / 3360 [100.00%] @ "398953000"
// RTL Simulation : 3050 / 3360 [100.00%] @ "399108000"
// RTL Simulation : 3051 / 3360 [100.00%] @ "399233000"
// RTL Simulation : 3052 / 3360 [100.00%] @ "399358000"
// RTL Simulation : 3053 / 3360 [100.00%] @ "399483000"
// RTL Simulation : 3054 / 3360 [100.00%] @ "399608000"
// RTL Simulation : 3055 / 3360 [100.00%] @ "399763000"
// RTL Simulation : 3056 / 3360 [100.00%] @ "399918000"
// RTL Simulation : 3057 / 3360 [100.00%] @ "400043000"
// RTL Simulation : 3058 / 3360 [100.00%] @ "400168000"
// RTL Simulation : 3059 / 3360 [100.00%] @ "400293000"
// RTL Simulation : 3060 / 3360 [100.00%] @ "400418000"
// RTL Simulation : 3061 / 3360 [100.00%] @ "400573000"
// RTL Simulation : 3062 / 3360 [100.00%] @ "400728000"
// RTL Simulation : 3063 / 3360 [100.00%] @ "400853000"
// RTL Simulation : 3064 / 3360 [100.00%] @ "400978000"
// RTL Simulation : 3065 / 3360 [100.00%] @ "401103000"
// RTL Simulation : 3066 / 3360 [100.00%] @ "401228000"
// RTL Simulation : 3067 / 3360 [100.00%] @ "401383000"
// RTL Simulation : 3068 / 3360 [100.00%] @ "401538000"
// RTL Simulation : 3069 / 3360 [100.00%] @ "401663000"
// RTL Simulation : 3070 / 3360 [100.00%] @ "401788000"
// RTL Simulation : 3071 / 3360 [100.00%] @ "401913000"
// RTL Simulation : 3072 / 3360 [100.00%] @ "402038000"
// RTL Simulation : 3073 / 3360 [100.00%] @ "402168000"
// RTL Simulation : 3074 / 3360 [100.00%] @ "402298000"
// RTL Simulation : 3075 / 3360 [100.00%] @ "402423000"
// RTL Simulation : 3076 / 3360 [100.00%] @ "402548000"
// RTL Simulation : 3077 / 3360 [100.00%] @ "402673000"
// RTL Simulation : 3078 / 3360 [100.00%] @ "402798000"
// RTL Simulation : 3079 / 3360 [100.00%] @ "402928000"
// RTL Simulation : 3080 / 3360 [100.00%] @ "403058000"
// RTL Simulation : 3081 / 3360 [100.00%] @ "403183000"
// RTL Simulation : 3082 / 3360 [100.00%] @ "403308000"
// RTL Simulation : 3083 / 3360 [100.00%] @ "403433000"
// RTL Simulation : 3084 / 3360 [100.00%] @ "403558000"
// RTL Simulation : 3085 / 3360 [100.00%] @ "403688000"
// RTL Simulation : 3086 / 3360 [100.00%] @ "403818000"
// RTL Simulation : 3087 / 3360 [100.00%] @ "403943000"
// RTL Simulation : 3088 / 3360 [100.00%] @ "404068000"
// RTL Simulation : 3089 / 3360 [100.00%] @ "404193000"
// RTL Simulation : 3090 / 3360 [100.00%] @ "404318000"
// RTL Simulation : 3091 / 3360 [100.00%] @ "404448000"
// RTL Simulation : 3092 / 3360 [100.00%] @ "404578000"
// RTL Simulation : 3093 / 3360 [100.00%] @ "404703000"
// RTL Simulation : 3094 / 3360 [100.00%] @ "404828000"
// RTL Simulation : 3095 / 3360 [100.00%] @ "404953000"
// RTL Simulation : 3096 / 3360 [100.00%] @ "405078000"
// RTL Simulation : 3097 / 3360 [100.00%] @ "405208000"
// RTL Simulation : 3098 / 3360 [100.00%] @ "405338000"
// RTL Simulation : 3099 / 3360 [100.00%] @ "405463000"
// RTL Simulation : 3100 / 3360 [100.00%] @ "405588000"
// RTL Simulation : 3101 / 3360 [100.00%] @ "405713000"
// RTL Simulation : 3102 / 3360 [100.00%] @ "405838000"
// RTL Simulation : 3103 / 3360 [100.00%] @ "405968000"
// RTL Simulation : 3104 / 3360 [100.00%] @ "406098000"
// RTL Simulation : 3105 / 3360 [100.00%] @ "406223000"
// RTL Simulation : 3106 / 3360 [100.00%] @ "406348000"
// RTL Simulation : 3107 / 3360 [100.00%] @ "406473000"
// RTL Simulation : 3108 / 3360 [100.00%] @ "406598000"
// RTL Simulation : 3109 / 3360 [100.00%] @ "406728000"
// RTL Simulation : 3110 / 3360 [100.00%] @ "406858000"
// RTL Simulation : 3111 / 3360 [100.00%] @ "406983000"
// RTL Simulation : 3112 / 3360 [100.00%] @ "407108000"
// RTL Simulation : 3113 / 3360 [100.00%] @ "407233000"
// RTL Simulation : 3114 / 3360 [100.00%] @ "407358000"
// RTL Simulation : 3115 / 3360 [100.00%] @ "407488000"
// RTL Simulation : 3116 / 3360 [100.00%] @ "407618000"
// RTL Simulation : 3117 / 3360 [100.00%] @ "407743000"
// RTL Simulation : 3118 / 3360 [100.00%] @ "407868000"
// RTL Simulation : 3119 / 3360 [100.00%] @ "407993000"
// RTL Simulation : 3120 / 3360 [100.00%] @ "408118000"
// RTL Simulation : 3121 / 3360 [100.00%] @ "408273000"
// RTL Simulation : 3122 / 3360 [100.00%] @ "408428000"
// RTL Simulation : 3123 / 3360 [100.00%] @ "408553000"
// RTL Simulation : 3124 / 3360 [100.00%] @ "408678000"
// RTL Simulation : 3125 / 3360 [100.00%] @ "408803000"
// RTL Simulation : 3126 / 3360 [100.00%] @ "408928000"
// RTL Simulation : 3127 / 3360 [100.00%] @ "409083000"
// RTL Simulation : 3128 / 3360 [100.00%] @ "409238000"
// RTL Simulation : 3129 / 3360 [100.00%] @ "409363000"
// RTL Simulation : 3130 / 3360 [100.00%] @ "409488000"
// RTL Simulation : 3131 / 3360 [100.00%] @ "409613000"
// RTL Simulation : 3132 / 3360 [100.00%] @ "409738000"
// RTL Simulation : 3133 / 3360 [100.00%] @ "409893000"
// RTL Simulation : 3134 / 3360 [100.00%] @ "410048000"
// RTL Simulation : 3135 / 3360 [100.00%] @ "410173000"
// RTL Simulation : 3136 / 3360 [100.00%] @ "410298000"
// RTL Simulation : 3137 / 3360 [100.00%] @ "410423000"
// RTL Simulation : 3138 / 3360 [100.00%] @ "410548000"
// RTL Simulation : 3139 / 3360 [100.00%] @ "410703000"
// RTL Simulation : 3140 / 3360 [100.00%] @ "410858000"
// RTL Simulation : 3141 / 3360 [100.00%] @ "410983000"
// RTL Simulation : 3142 / 3360 [100.00%] @ "411108000"
// RTL Simulation : 3143 / 3360 [100.00%] @ "411233000"
// RTL Simulation : 3144 / 3360 [100.00%] @ "411358000"
// RTL Simulation : 3145 / 3360 [100.00%] @ "411513000"
// RTL Simulation : 3146 / 3360 [100.00%] @ "411668000"
// RTL Simulation : 3147 / 3360 [100.00%] @ "411793000"
// RTL Simulation : 3148 / 3360 [100.00%] @ "411918000"
// RTL Simulation : 3149 / 3360 [100.00%] @ "412043000"
// RTL Simulation : 3150 / 3360 [100.00%] @ "412168000"
// RTL Simulation : 3151 / 3360 [100.00%] @ "412323000"
// RTL Simulation : 3152 / 3360 [100.00%] @ "412478000"
// RTL Simulation : 3153 / 3360 [100.00%] @ "412603000"
// RTL Simulation : 3154 / 3360 [100.00%] @ "412728000"
// RTL Simulation : 3155 / 3360 [100.00%] @ "412853000"
// RTL Simulation : 3156 / 3360 [100.00%] @ "412978000"
// RTL Simulation : 3157 / 3360 [100.00%] @ "413133000"
// RTL Simulation : 3158 / 3360 [100.00%] @ "413288000"
// RTL Simulation : 3159 / 3360 [100.00%] @ "413413000"
// RTL Simulation : 3160 / 3360 [100.00%] @ "413538000"
// RTL Simulation : 3161 / 3360 [100.00%] @ "413663000"
// RTL Simulation : 3162 / 3360 [100.00%] @ "413788000"
// RTL Simulation : 3163 / 3360 [100.00%] @ "413943000"
// RTL Simulation : 3164 / 3360 [100.00%] @ "414098000"
// RTL Simulation : 3165 / 3360 [100.00%] @ "414223000"
// RTL Simulation : 3166 / 3360 [100.00%] @ "414348000"
// RTL Simulation : 3167 / 3360 [100.00%] @ "414473000"
// RTL Simulation : 3168 / 3360 [100.00%] @ "414598000"
// RTL Simulation : 3169 / 3360 [100.00%] @ "414728000"
// RTL Simulation : 3170 / 3360 [100.00%] @ "414858000"
// RTL Simulation : 3171 / 3360 [100.00%] @ "414983000"
// RTL Simulation : 3172 / 3360 [100.00%] @ "415108000"
// RTL Simulation : 3173 / 3360 [100.00%] @ "415233000"
// RTL Simulation : 3174 / 3360 [100.00%] @ "415358000"
// RTL Simulation : 3175 / 3360 [100.00%] @ "415488000"
// RTL Simulation : 3176 / 3360 [100.00%] @ "415618000"
// RTL Simulation : 3177 / 3360 [100.00%] @ "415743000"
// RTL Simulation : 3178 / 3360 [100.00%] @ "415868000"
// RTL Simulation : 3179 / 3360 [100.00%] @ "415993000"
// RTL Simulation : 3180 / 3360 [100.00%] @ "416118000"
// RTL Simulation : 3181 / 3360 [100.00%] @ "416248000"
// RTL Simulation : 3182 / 3360 [100.00%] @ "416378000"
// RTL Simulation : 3183 / 3360 [100.00%] @ "416503000"
// RTL Simulation : 3184 / 3360 [100.00%] @ "416628000"
// RTL Simulation : 3185 / 3360 [100.00%] @ "416753000"
// RTL Simulation : 3186 / 3360 [100.00%] @ "416878000"
// RTL Simulation : 3187 / 3360 [100.00%] @ "417008000"
// RTL Simulation : 3188 / 3360 [100.00%] @ "417138000"
// RTL Simulation : 3189 / 3360 [100.00%] @ "417263000"
// RTL Simulation : 3190 / 3360 [100.00%] @ "417388000"
// RTL Simulation : 3191 / 3360 [100.00%] @ "417513000"
// RTL Simulation : 3192 / 3360 [100.00%] @ "417638000"
// RTL Simulation : 3193 / 3360 [100.00%] @ "417768000"
// RTL Simulation : 3194 / 3360 [100.00%] @ "417898000"
// RTL Simulation : 3195 / 3360 [100.00%] @ "418023000"
// RTL Simulation : 3196 / 3360 [100.00%] @ "418148000"
// RTL Simulation : 3197 / 3360 [100.00%] @ "418273000"
// RTL Simulation : 3198 / 3360 [100.00%] @ "418398000"
// RTL Simulation : 3199 / 3360 [100.00%] @ "418528000"
// RTL Simulation : 3200 / 3360 [100.00%] @ "418658000"
// RTL Simulation : 3201 / 3360 [100.00%] @ "418783000"
// RTL Simulation : 3202 / 3360 [100.00%] @ "418908000"
// RTL Simulation : 3203 / 3360 [100.00%] @ "419033000"
// RTL Simulation : 3204 / 3360 [100.00%] @ "419158000"
// RTL Simulation : 3205 / 3360 [100.00%] @ "419288000"
// RTL Simulation : 3206 / 3360 [100.00%] @ "419418000"
// RTL Simulation : 3207 / 3360 [100.00%] @ "419543000"
// RTL Simulation : 3208 / 3360 [100.00%] @ "419668000"
// RTL Simulation : 3209 / 3360 [100.00%] @ "419793000"
// RTL Simulation : 3210 / 3360 [100.00%] @ "419918000"
// RTL Simulation : 3211 / 3360 [100.00%] @ "420048000"
// RTL Simulation : 3212 / 3360 [100.00%] @ "420178000"
// RTL Simulation : 3213 / 3360 [100.00%] @ "420303000"
// RTL Simulation : 3214 / 3360 [100.00%] @ "420428000"
// RTL Simulation : 3215 / 3360 [100.00%] @ "420553000"
// RTL Simulation : 3216 / 3360 [100.00%] @ "420678000"
// RTL Simulation : 3217 / 3360 [100.00%] @ "420833000"
// RTL Simulation : 3218 / 3360 [100.00%] @ "420988000"
// RTL Simulation : 3219 / 3360 [100.00%] @ "421113000"
// RTL Simulation : 3220 / 3360 [100.00%] @ "421238000"
// RTL Simulation : 3221 / 3360 [100.00%] @ "421363000"
// RTL Simulation : 3222 / 3360 [100.00%] @ "421488000"
// RTL Simulation : 3223 / 3360 [100.00%] @ "421643000"
// RTL Simulation : 3224 / 3360 [100.00%] @ "421798000"
// RTL Simulation : 3225 / 3360 [100.00%] @ "421923000"
// RTL Simulation : 3226 / 3360 [100.00%] @ "422048000"
// RTL Simulation : 3227 / 3360 [100.00%] @ "422173000"
// RTL Simulation : 3228 / 3360 [100.00%] @ "422298000"
// RTL Simulation : 3229 / 3360 [100.00%] @ "422453000"
// RTL Simulation : 3230 / 3360 [100.00%] @ "422608000"
// RTL Simulation : 3231 / 3360 [100.00%] @ "422733000"
// RTL Simulation : 3232 / 3360 [100.00%] @ "422858000"
// RTL Simulation : 3233 / 3360 [100.00%] @ "422983000"
// RTL Simulation : 3234 / 3360 [100.00%] @ "423108000"
// RTL Simulation : 3235 / 3360 [100.00%] @ "423263000"
// RTL Simulation : 3236 / 3360 [100.00%] @ "423418000"
// RTL Simulation : 3237 / 3360 [100.00%] @ "423543000"
// RTL Simulation : 3238 / 3360 [100.00%] @ "423668000"
// RTL Simulation : 3239 / 3360 [100.00%] @ "423793000"
// RTL Simulation : 3240 / 3360 [100.00%] @ "423918000"
// RTL Simulation : 3241 / 3360 [100.00%] @ "424073000"
// RTL Simulation : 3242 / 3360 [100.00%] @ "424228000"
// RTL Simulation : 3243 / 3360 [100.00%] @ "424353000"
// RTL Simulation : 3244 / 3360 [100.00%] @ "424478000"
// RTL Simulation : 3245 / 3360 [100.00%] @ "424603000"
// RTL Simulation : 3246 / 3360 [100.00%] @ "424728000"
// RTL Simulation : 3247 / 3360 [100.00%] @ "424883000"
// RTL Simulation : 3248 / 3360 [100.00%] @ "425038000"
// RTL Simulation : 3249 / 3360 [100.00%] @ "425163000"
// RTL Simulation : 3250 / 3360 [100.00%] @ "425288000"
// RTL Simulation : 3251 / 3360 [100.00%] @ "425413000"
// RTL Simulation : 3252 / 3360 [100.00%] @ "425538000"
// RTL Simulation : 3253 / 3360 [100.00%] @ "425693000"
// RTL Simulation : 3254 / 3360 [100.00%] @ "425848000"
// RTL Simulation : 3255 / 3360 [100.00%] @ "425973000"
// RTL Simulation : 3256 / 3360 [100.00%] @ "426098000"
// RTL Simulation : 3257 / 3360 [100.00%] @ "426223000"
// RTL Simulation : 3258 / 3360 [100.00%] @ "426348000"
// RTL Simulation : 3259 / 3360 [100.00%] @ "426503000"
// RTL Simulation : 3260 / 3360 [100.00%] @ "426658000"
// RTL Simulation : 3261 / 3360 [100.00%] @ "426783000"
// RTL Simulation : 3262 / 3360 [100.00%] @ "426908000"
// RTL Simulation : 3263 / 3360 [100.00%] @ "427033000"
// RTL Simulation : 3264 / 3360 [100.00%] @ "427158000"
// RTL Simulation : 3265 / 3360 [100.00%] @ "427288000"
// RTL Simulation : 3266 / 3360 [100.00%] @ "427418000"
// RTL Simulation : 3267 / 3360 [100.00%] @ "427543000"
// RTL Simulation : 3268 / 3360 [100.00%] @ "427668000"
// RTL Simulation : 3269 / 3360 [100.00%] @ "427793000"
// RTL Simulation : 3270 / 3360 [100.00%] @ "427918000"
// RTL Simulation : 3271 / 3360 [100.00%] @ "428048000"
// RTL Simulation : 3272 / 3360 [100.00%] @ "428178000"
// RTL Simulation : 3273 / 3360 [100.00%] @ "428303000"
// RTL Simulation : 3274 / 3360 [100.00%] @ "428428000"
// RTL Simulation : 3275 / 3360 [100.00%] @ "428553000"
// RTL Simulation : 3276 / 3360 [100.00%] @ "428678000"
// RTL Simulation : 3277 / 3360 [100.00%] @ "428808000"
// RTL Simulation : 3278 / 3360 [100.00%] @ "428938000"
// RTL Simulation : 3279 / 3360 [100.00%] @ "429063000"
// RTL Simulation : 3280 / 3360 [100.00%] @ "429188000"
// RTL Simulation : 3281 / 3360 [100.00%] @ "429313000"
// RTL Simulation : 3282 / 3360 [100.00%] @ "429438000"
// RTL Simulation : 3283 / 3360 [100.00%] @ "429568000"
// RTL Simulation : 3284 / 3360 [100.00%] @ "429698000"
// RTL Simulation : 3285 / 3360 [100.00%] @ "429823000"
// RTL Simulation : 3286 / 3360 [100.00%] @ "429948000"
// RTL Simulation : 3287 / 3360 [100.00%] @ "430073000"
// RTL Simulation : 3288 / 3360 [100.00%] @ "430198000"
// RTL Simulation : 3289 / 3360 [100.00%] @ "430328000"
// RTL Simulation : 3290 / 3360 [100.00%] @ "430458000"
// RTL Simulation : 3291 / 3360 [100.00%] @ "430583000"
// RTL Simulation : 3292 / 3360 [100.00%] @ "430708000"
// RTL Simulation : 3293 / 3360 [100.00%] @ "430833000"
// RTL Simulation : 3294 / 3360 [100.00%] @ "430958000"
// RTL Simulation : 3295 / 3360 [100.00%] @ "431088000"
// RTL Simulation : 3296 / 3360 [100.00%] @ "431218000"
// RTL Simulation : 3297 / 3360 [100.00%] @ "431343000"
// RTL Simulation : 3298 / 3360 [100.00%] @ "431468000"
// RTL Simulation : 3299 / 3360 [100.00%] @ "431593000"
// RTL Simulation : 3300 / 3360 [100.00%] @ "431718000"
// RTL Simulation : 3301 / 3360 [100.00%] @ "431848000"
// RTL Simulation : 3302 / 3360 [100.00%] @ "431978000"
// RTL Simulation : 3303 / 3360 [100.00%] @ "432103000"
// RTL Simulation : 3304 / 3360 [100.00%] @ "432228000"
// RTL Simulation : 3305 / 3360 [100.00%] @ "432353000"
// RTL Simulation : 3306 / 3360 [100.00%] @ "432478000"
// RTL Simulation : 3307 / 3360 [100.00%] @ "432608000"
// RTL Simulation : 3308 / 3360 [100.00%] @ "432738000"
// RTL Simulation : 3309 / 3360 [100.00%] @ "432863000"
// RTL Simulation : 3310 / 3360 [100.00%] @ "432988000"
// RTL Simulation : 3311 / 3360 [100.00%] @ "433113000"
// RTL Simulation : 3312 / 3360 [100.00%] @ "433238000"
// RTL Simulation : 3313 / 3360 [100.00%] @ "433393000"
// RTL Simulation : 3314 / 3360 [100.00%] @ "433548000"
// RTL Simulation : 3315 / 3360 [100.00%] @ "433673000"
// RTL Simulation : 3316 / 3360 [100.00%] @ "433798000"
// RTL Simulation : 3317 / 3360 [100.00%] @ "433923000"
// RTL Simulation : 3318 / 3360 [100.00%] @ "434048000"
// RTL Simulation : 3319 / 3360 [100.00%] @ "434203000"
// RTL Simulation : 3320 / 3360 [100.00%] @ "434358000"
// RTL Simulation : 3321 / 3360 [100.00%] @ "434483000"
// RTL Simulation : 3322 / 3360 [100.00%] @ "434608000"
// RTL Simulation : 3323 / 3360 [100.00%] @ "434733000"
// RTL Simulation : 3324 / 3360 [100.00%] @ "434858000"
// RTL Simulation : 3325 / 3360 [100.00%] @ "435013000"
// RTL Simulation : 3326 / 3360 [100.00%] @ "435168000"
// RTL Simulation : 3327 / 3360 [100.00%] @ "435293000"
// RTL Simulation : 3328 / 3360 [100.00%] @ "435418000"
// RTL Simulation : 3329 / 3360 [100.00%] @ "435543000"
// RTL Simulation : 3330 / 3360 [100.00%] @ "435668000"
// RTL Simulation : 3331 / 3360 [100.00%] @ "435823000"
// RTL Simulation : 3332 / 3360 [100.00%] @ "435978000"
// RTL Simulation : 3333 / 3360 [100.00%] @ "436103000"
// RTL Simulation : 3334 / 3360 [100.00%] @ "436228000"
// RTL Simulation : 3335 / 3360 [100.00%] @ "436353000"
// RTL Simulation : 3336 / 3360 [100.00%] @ "436478000"
// RTL Simulation : 3337 / 3360 [100.00%] @ "436633000"
// RTL Simulation : 3338 / 3360 [100.00%] @ "436788000"
// RTL Simulation : 3339 / 3360 [100.00%] @ "436913000"
// RTL Simulation : 3340 / 3360 [100.00%] @ "437038000"
// RTL Simulation : 3341 / 3360 [100.00%] @ "437163000"
// RTL Simulation : 3342 / 3360 [100.00%] @ "437288000"
// RTL Simulation : 3343 / 3360 [100.00%] @ "437443000"
// RTL Simulation : 3344 / 3360 [100.00%] @ "437598000"
// RTL Simulation : 3345 / 3360 [100.00%] @ "437723000"
// RTL Simulation : 3346 / 3360 [100.00%] @ "437848000"
// RTL Simulation : 3347 / 3360 [100.00%] @ "437973000"
// RTL Simulation : 3348 / 3360 [100.00%] @ "438098000"
// RTL Simulation : 3349 / 3360 [100.00%] @ "438253000"
// RTL Simulation : 3350 / 3360 [100.00%] @ "438408000"
// RTL Simulation : 3351 / 3360 [100.00%] @ "438533000"
// RTL Simulation : 3352 / 3360 [100.00%] @ "438658000"
// RTL Simulation : 3353 / 3360 [100.00%] @ "438783000"
// RTL Simulation : 3354 / 3360 [100.00%] @ "438908000"
// RTL Simulation : 3355 / 3360 [100.00%] @ "439063000"
// RTL Simulation : 3356 / 3360 [100.00%] @ "439218000"
// RTL Simulation : 3357 / 3360 [100.00%] @ "439343000"
// RTL Simulation : 3358 / 3360 [100.00%] @ "439468000"
// RTL Simulation : 3359 / 3360 [100.00%] @ "439593000"
// RTL Simulation : 3360 / 3360 [100.00%] @ "439718000"
////////////////////////////////////////////////////////////////////////////////////
$finish called at time : 439747500 ps : File "/home/chenchingwen/Course2025/SoC/labA/RTL_Verification/lab1/duc_prj/solution1/sim/verilog/duc.autotb.v" Line 402
## quit
INFO: [Common 17-206] Exiting xsim at Wed Apr  9 15:17:06 2025...
INFO: [COSIM 212-316] Starting C post checking ...
Files duc_i.dat and golden/duc_i.dat differ
Files duc_q.dat and golden/duc_q.dat differ

 *** DUC hardware test ~PASSED ! *** 

INFO: [COSIM 212-1000] *** C/RTL co-simulation finished: PASS ***
INFO: [HLS 200-111] Finished Command cosim_design CPU user time: 42.48 seconds. CPU system time: 3.56 seconds. Elapsed time: 43.56 seconds; current allocated memory: 4.266 MB.
INFO: [HLS 200-112] Total CPU user time: 45.14 seconds. Total CPU system time: 3.93 seconds. Total elapsed time: 56.43 seconds; peak allocated memory: 755.066 MB.
