#-----------------------------------------------------------
# xsim v2022.2 (64-bit)
# SW Build 3671981 on Fri Oct 14 04:59:54 MDT 2022
# IP Build 3669848 on Fri Oct 14 08:30:02 MDT 2022
# Start of session at: Wed May 21 16:49:01 2025
# Process ID: 429598
# Current directory: /home/chingwen/Project/aahls/Vitis-Tutorials/Hardware_Acceleration/Design_Tutorials/07-host-code-opt/reference-files/sync/.run/429546/hw_em/device0/binary_0/behav_waveform/xsim
# Command line: xsim -log simulate.log -mode tcl -source {xsim.dir/pfm_top_wrapper_behav/xsim_script.tcl}
# Log file: /home/chingwen/Project/aahls/Vitis-Tutorials/Hardware_Acceleration/Design_Tutorials/07-host-code-opt/reference-files/sync/.run/429546/hw_em/device0/binary_0/behav_waveform/xsim/simulate.log
# Journal file: /home/chingwen/Project/aahls/Vitis-Tutorials/Hardware_Acceleration/Design_Tutorials/07-host-code-opt/reference-files/sync/.run/429546/hw_em/device0/binary_0/behav_waveform/xsim/xsim.jou
# Running On: chingwen-TRX50-AERO-D, OS: Linux, CPU Frequency: 1631.122 MHz, CPU Physical cores: 32, Host memory: 66836 MB
#-----------------------------------------------------------
source xsim.dir/pfm_top_wrapper_behav/xsim_script.tcl
# xsim {pfm_top_wrapper_behav} -wdb {xilinx_u280_gen3x16_xdma_1_202211_1-0-pass.hw_emu.xilinx_u280_gen3x16_xdma_1_202211_1.wdb} -autoloadwcfg -tclbatch {pfm_top_wrapper.tcl} -key {Behavioral:sim_1:Functional:pfm_top_wrapper} -protoinst {protoinst_files/bd_f615.protoinst} -protoinst {protoinst_files/bd_27a1.protoinst} -protoinst {protoinst_files/bd_e7f0.protoinst} -protoinst {protoinst_files/bd_065e.protoinst} -protoinst {protoinst_files/bd_5607.protoinst} -protoinst {protoinst_files/bd_d216.protoinst} -protoinst {protoinst_files/bd_074a.protoinst} -protoinst {protoinst_files/bd_5dca.protoinst} -protoinst {protoinst_files/pfm_dynamic.protoinst} -protoinst {protoinst_files/bd_387c.protoinst} -protoinst {protoinst_files/pfm_top.protoinst} -protoinst {./dr_behav.protoinst}
WARNING::[ XTLM::751 ] Deprecated.! Please instantiate Memory Manager with this pointer (sc_module pointer).
WARNING::[ XTLM::751 ] Deprecated.! Please instantiate Memory Manager with this pointer (sc_module pointer).
WARNING::[ XTLM::751 ] Deprecated.! Please instantiate Memory Manager with this pointer (sc_module pointer).
WARNING::[ XTLM::751 ] Deprecated.! Please instantiate Memory Manager with this pointer (sc_module pointer).
WARNING::[ XTLM::751 ] Deprecated.! Please instantiate Memory Manager with this pointer (sc_module pointer).
WARNING::[ XTLM::751 ] Deprecated.! Please instantiate Memory Manager with this pointer (sc_module pointer).

Warning: (W570) attempt to use an empty process handle ignored: dont_initialize()
In file: sc_process_handle.h:290
WARNING::[ XTLM::751 ] Deprecated.! Please instantiate Memory Manager with this pointer (sc_module pointer).

Info: (I804) /IEEE_Std_1666/deprecated: sc_object::get_parent() is deprecated, use get_parent_object() instead

Info: (I804) /IEEE_Std_1666/deprecated: sc_sensitive_pos is deprecated use sc_sensitive << with pos() instead
INFO: [Wavedata 42-565] Reading protoinst file protoinst_files/bd_f615.protoinst
WARNING: [Wavedata 42-558] Couldn't load one or more protocol instances from protoinst file protoinst_files/bd_f615.protoinst for the following reason(s):
There are no instances of module "bd_f615" in the design.

INFO: [Wavedata 42-565] Reading protoinst file protoinst_files/bd_27a1.protoinst
WARNING: [Wavedata 42-558] Couldn't load one or more protocol instances from protoinst file protoinst_files/bd_27a1.protoinst for the following reason(s):
There are no instances of module "bd_27a1" in the design.

INFO: [Wavedata 42-565] Reading protoinst file protoinst_files/bd_e7f0.protoinst
WARNING: [Wavedata 42-558] Couldn't load one or more protocol instances from protoinst file protoinst_files/bd_e7f0.protoinst for the following reason(s):
There are no instances of module "bd_e7f0" in the design.

INFO: [Wavedata 42-565] Reading protoinst file protoinst_files/bd_065e.protoinst
WARNING: [Wavedata 42-558] Couldn't load one or more protocol instances from protoinst file protoinst_files/bd_065e.protoinst for the following reason(s):
There are no instances of module "bd_065e" in the design.

INFO: [Wavedata 42-565] Reading protoinst file protoinst_files/bd_5607.protoinst
WARNING: [Wavedata 42-558] Couldn't load one or more protocol instances from protoinst file protoinst_files/bd_5607.protoinst for the following reason(s):
There are no instances of module "bd_5607" in the design.

INFO: [Wavedata 42-565] Reading protoinst file protoinst_files/bd_d216.protoinst
INFO: [Wavedata 42-564]   Found protocol instance at /pfm_top_wrapper/pfm_top_i/pfm_dynamic_inst/memory_subsystem/inst//interconnect/M00_AXI
INFO: [Wavedata 42-564]   Found protocol instance at /pfm_top_wrapper/pfm_top_i/pfm_dynamic_inst/memory_subsystem/inst//interconnect/M00_AXI1
INFO: [Wavedata 42-564]   Found protocol instance at /pfm_top_wrapper/pfm_top_i/pfm_dynamic_inst/memory_subsystem/inst//interconnect/S00_AXI
INFO: [Wavedata 42-564]   Found protocol instance at /pfm_top_wrapper/pfm_top_i/pfm_dynamic_inst/memory_subsystem/inst//interconnect/S01_AXI
INFO: [Wavedata 42-564]   Found protocol instance at /pfm_top_wrapper/pfm_top_i/pfm_dynamic_inst/memory_subsystem/inst//interconnect/S02_AXI
INFO: [Wavedata 42-564]   Found protocol instance at /pfm_top_wrapper/pfm_top_i/pfm_dynamic_inst/memory_subsystem/inst//interconnect/S03_AXI
INFO: [Wavedata 42-564]   Found protocol instance at /pfm_top_wrapper/pfm_top_i/pfm_dynamic_inst/memory_subsystem/inst//interconnect/interconnect_ddr4_mem00/M00_AXI
INFO: [Wavedata 42-564]   Found protocol instance at /pfm_top_wrapper/pfm_top_i/pfm_dynamic_inst/memory_subsystem/inst//interconnect/interconnect_ddr4_mem00/S00_AXI
INFO: [Wavedata 42-564]   Found protocol instance at /pfm_top_wrapper/pfm_top_i/pfm_dynamic_inst/memory_subsystem/inst//interconnect/interconnect_ddr4_mem00/S01_AXI
INFO: [Wavedata 42-564]   Found protocol instance at /pfm_top_wrapper/pfm_top_i/pfm_dynamic_inst/memory_subsystem/inst//interconnect/interconnect_ddr4_mem01/M00_AXI
INFO: [Wavedata 42-564]   Found protocol instance at /pfm_top_wrapper/pfm_top_i/pfm_dynamic_inst/memory_subsystem/inst//interconnect/interconnect_ddr4_mem01/S00_AXI
INFO: [Wavedata 42-564]   Found protocol instance at /pfm_top_wrapper/pfm_top_i/pfm_dynamic_inst/memory_subsystem/inst//interconnect/interconnect_ddr4_mem01/S01_AXI
INFO: [Wavedata 42-564]   Found protocol instance at /pfm_top_wrapper/pfm_top_i/pfm_dynamic_inst/memory_subsystem/inst//memory/C0_DDR4_S_AXI
INFO: [Wavedata 42-564]   Found protocol instance at /pfm_top_wrapper/pfm_top_i/pfm_dynamic_inst/memory_subsystem/inst//memory/C0_DDR4_S_AXI1
INFO: [Wavedata 42-564]   Found protocol instance at /pfm_top_wrapper/pfm_top_i/pfm_dynamic_inst/memory_subsystem/inst//memory/S_AXI_CTRL
INFO: [Wavedata 42-564]   Found protocol instance at /pfm_top_wrapper/pfm_top_i/pfm_dynamic_inst/memory_subsystem/inst//memory/ddr4_mem00/C0_DDR4_S_AXI
INFO: [Wavedata 42-564]   Found protocol instance at /pfm_top_wrapper/pfm_top_i/pfm_dynamic_inst/memory_subsystem/inst//memory/ddr4_mem00/C0_DDR4_S_AXI_CTRL
INFO: [Wavedata 42-564]   Found protocol instance at /pfm_top_wrapper/pfm_top_i/pfm_dynamic_inst/memory_subsystem/inst//memory/ddr4_mem00_ctrl_cc/M_AXI
INFO: [Wavedata 42-564]   Found protocol instance at /pfm_top_wrapper/pfm_top_i/pfm_dynamic_inst/memory_subsystem/inst//memory/ddr4_mem00_ctrl_cc/S_AXI
INFO: [Wavedata 42-564]   Found protocol instance at /pfm_top_wrapper/pfm_top_i/pfm_dynamic_inst/memory_subsystem/inst//memory/ddr4_mem01/C0_DDR4_S_AXI
INFO: [Wavedata 42-564]   Found protocol instance at /pfm_top_wrapper/pfm_top_i/pfm_dynamic_inst/memory_subsystem/inst//memory/ddr4_mem01/C0_DDR4_S_AXI_CTRL
INFO: [Wavedata 42-564]   Found protocol instance at /pfm_top_wrapper/pfm_top_i/pfm_dynamic_inst/memory_subsystem/inst//memory/ddr4_mem01_ctrl_cc/M_AXI
INFO: [Wavedata 42-564]   Found protocol instance at /pfm_top_wrapper/pfm_top_i/pfm_dynamic_inst/memory_subsystem/inst//memory/ddr4_mem01_ctrl_cc/S_AXI
INFO: [Wavedata 42-564]   Found protocol instance at /pfm_top_wrapper/pfm_top_i/pfm_dynamic_inst/memory_subsystem/inst//memory/interconnect_ddrmem_ctrl/M00_AXI
INFO: [Wavedata 42-564]   Found protocol instance at /pfm_top_wrapper/pfm_top_i/pfm_dynamic_inst/memory_subsystem/inst//memory/interconnect_ddrmem_ctrl/M01_AXI
INFO: [Wavedata 42-564]   Found protocol instance at /pfm_top_wrapper/pfm_top_i/pfm_dynamic_inst/memory_subsystem/inst//memory/interconnect_ddrmem_ctrl/S00_AXI
INFO: [Wavedata 42-565] Reading protoinst file protoinst_files/bd_074a.protoinst
WARNING: [Wavedata 42-558] Couldn't load one or more protocol instances from protoinst file protoinst_files/bd_074a.protoinst for the following reason(s):
There are no instances of module "bd_074a" in the design.

INFO: [Wavedata 42-565] Reading protoinst file protoinst_files/bd_5dca.protoinst
INFO: [Wavedata 42-564]   Found protocol instance at /pfm_top_wrapper/pfm_top_i/pfm_dynamic_inst/hmss_0/inst//axi_apb_bridge_inst/AXI4_LITE
INFO: [Wavedata 42-564]   Found protocol instance at /pfm_top_wrapper/pfm_top_i/pfm_dynamic_inst/hmss_0/inst//hbm_inst/SAXI_12
INFO: [Wavedata 42-564]   Found protocol instance at /pfm_top_wrapper/pfm_top_i/pfm_dynamic_inst/hmss_0/inst//path_12/M_AXI
INFO: [Wavedata 42-564]   Found protocol instance at /pfm_top_wrapper/pfm_top_i/pfm_dynamic_inst/hmss_0/inst//path_12/S00_AXI
INFO: [Wavedata 42-564]   Found protocol instance at /pfm_top_wrapper/pfm_top_i/pfm_dynamic_inst/hmss_0/inst//path_12/interconnect0_12/M00_AXI
INFO: [Wavedata 42-564]   Found protocol instance at /pfm_top_wrapper/pfm_top_i/pfm_dynamic_inst/hmss_0/inst//path_12/interconnect0_12/S00_AXI
INFO: [Wavedata 42-564]   Found protocol instance at /pfm_top_wrapper/pfm_top_i/pfm_dynamic_inst/hmss_0/inst//path_12/slice0_12/M_AXI
INFO: [Wavedata 42-564]   Found protocol instance at /pfm_top_wrapper/pfm_top_i/pfm_dynamic_inst/hmss_0/inst//path_12/slice0_12/S_AXI
INFO: [Wavedata 42-564]   Found protocol instance at /pfm_top_wrapper/pfm_top_i/pfm_dynamic_inst/hmss_0/inst//vip_S00/M_AXI
INFO: [Wavedata 42-564]   Found protocol instance at /pfm_top_wrapper/pfm_top_i/pfm_dynamic_inst/hmss_0/inst//vip_S00/S_AXI
INFO: [Wavedata 42-565] Reading protoinst file protoinst_files/pfm_dynamic.protoinst
INFO: [Wavedata 42-564]   Found protocol instance at /pfm_top_wrapper/pfm_top_i/pfm_dynamic_inst//axi_bram_null_0/S_AXI
INFO: [Wavedata 42-564]   Found protocol instance at /pfm_top_wrapper/pfm_top_i/pfm_dynamic_inst//hmss_0/S00_AXI
INFO: [Wavedata 42-564]   Found protocol instance at /pfm_top_wrapper/pfm_top_i/pfm_dynamic_inst//hmss_0/S_AXI_CTRL
INFO: [Wavedata 42-564]   Found protocol instance at /pfm_top_wrapper/pfm_top_i/pfm_dynamic_inst//memory_subsystem/M00_AXI
INFO: [Wavedata 42-564]   Found protocol instance at /pfm_top_wrapper/pfm_top_i/pfm_dynamic_inst//memory_subsystem/S00_AXI
INFO: [Wavedata 42-564]   Found protocol instance at /pfm_top_wrapper/pfm_top_i/pfm_dynamic_inst//memory_subsystem/S01_AXI
INFO: [Wavedata 42-564]   Found protocol instance at /pfm_top_wrapper/pfm_top_i/pfm_dynamic_inst//memory_subsystem/S02_AXI
INFO: [Wavedata 42-564]   Found protocol instance at /pfm_top_wrapper/pfm_top_i/pfm_dynamic_inst//memory_subsystem/S03_AXI
INFO: [Wavedata 42-564]   Found protocol instance at /pfm_top_wrapper/pfm_top_i/pfm_dynamic_inst//memory_subsystem/S_AXI_CTRL
INFO: [Wavedata 42-564]   Found protocol instance at /pfm_top_wrapper/pfm_top_i/pfm_dynamic_inst//pass_1/m_axi_p0
INFO: [Wavedata 42-564]   Found protocol instance at /pfm_top_wrapper/pfm_top_i/pfm_dynamic_inst//pass_1/m_axi_p1
INFO: [Wavedata 42-564]   Found protocol instance at /pfm_top_wrapper/pfm_top_i/pfm_dynamic_inst//pass_1/s_axi_control
INFO: [Wavedata 42-564]   Found protocol instance at /pfm_top_wrapper/pfm_top_i/pfm_dynamic_inst//profile_vip_0/M_AXI
INFO: [Wavedata 42-564]   Found protocol instance at /pfm_top_wrapper/pfm_top_i/pfm_dynamic_inst//profile_vip_0/S_AXI
INFO: [Wavedata 42-564]   Found protocol instance at /pfm_top_wrapper/pfm_top_i/pfm_dynamic_inst//slr0/BLP_S_AXI_CTRL_USER_00
INFO: [Wavedata 42-564]   Found protocol instance at /pfm_top_wrapper/pfm_top_i/pfm_dynamic_inst//slr0/M02_AXI
INFO: [Wavedata 42-564]   Found protocol instance at /pfm_top_wrapper/pfm_top_i/pfm_dynamic_inst//slr0/interconnect_axilite_user_0/M00_AXI
INFO: [Wavedata 42-564]   Found protocol instance at /pfm_top_wrapper/pfm_top_i/pfm_dynamic_inst//slr0/interconnect_axilite_user_0/M02_AXI
INFO: [Wavedata 42-564]   Found protocol instance at /pfm_top_wrapper/pfm_top_i/pfm_dynamic_inst//slr0/interconnect_axilite_user_0/S00_AXI
INFO: [Wavedata 42-564]   Found protocol instance at /pfm_top_wrapper/pfm_top_i/pfm_dynamic_inst//slr0/interconnect_axilite_user_0/m00_couplers/M_AXI
INFO: [Wavedata 42-564]   Found protocol instance at /pfm_top_wrapper/pfm_top_i/pfm_dynamic_inst//slr0/interconnect_axilite_user_0/m00_couplers/S_AXI
INFO: [Wavedata 42-564]   Found protocol instance at /pfm_top_wrapper/pfm_top_i/pfm_dynamic_inst//slr0/interconnect_axilite_user_0/m01_couplers/M_AXI
INFO: [Wavedata 42-564]   Found protocol instance at /pfm_top_wrapper/pfm_top_i/pfm_dynamic_inst//slr0/interconnect_axilite_user_0/m01_couplers/S_AXI
INFO: [Wavedata 42-564]   Found protocol instance at /pfm_top_wrapper/pfm_top_i/pfm_dynamic_inst//slr0/interconnect_axilite_user_0/m01_couplers/m01_regslice/M_AXI
INFO: [Wavedata 42-564]   Found protocol instance at /pfm_top_wrapper/pfm_top_i/pfm_dynamic_inst//slr0/interconnect_axilite_user_0/m01_couplers/m01_regslice/S_AXI
INFO: [Wavedata 42-564]   Found protocol instance at /pfm_top_wrapper/pfm_top_i/pfm_dynamic_inst//slr0/interconnect_axilite_user_0/m02_couplers/M_AXI
INFO: [Wavedata 42-564]   Found protocol instance at /pfm_top_wrapper/pfm_top_i/pfm_dynamic_inst//slr0/interconnect_axilite_user_0/m02_couplers/S_AXI
INFO: [Wavedata 42-564]   Found protocol instance at /pfm_top_wrapper/pfm_top_i/pfm_dynamic_inst//slr0/interconnect_axilite_user_0/m02_couplers/auto_cc/M_AXI
INFO: [Wavedata 42-564]   Found protocol instance at /pfm_top_wrapper/pfm_top_i/pfm_dynamic_inst//slr0/interconnect_axilite_user_0/m02_couplers/auto_cc/S_AXI
INFO: [Wavedata 42-564]   Found protocol instance at /pfm_top_wrapper/pfm_top_i/pfm_dynamic_inst//slr0/interconnect_axilite_user_0/m02_couplers/m02_regslice/M_AXI
INFO: [Wavedata 42-564]   Found protocol instance at /pfm_top_wrapper/pfm_top_i/pfm_dynamic_inst//slr0/interconnect_axilite_user_0/m02_couplers/m02_regslice/S_AXI
INFO: [Wavedata 42-564]   Found protocol instance at /pfm_top_wrapper/pfm_top_i/pfm_dynamic_inst//slr0/interconnect_axilite_user_0/s00_couplers/M_AXI
INFO: [Wavedata 42-564]   Found protocol instance at /pfm_top_wrapper/pfm_top_i/pfm_dynamic_inst//slr0/interconnect_axilite_user_0/s00_couplers/S_AXI
INFO: [Wavedata 42-564]   Found protocol instance at /pfm_top_wrapper/pfm_top_i/pfm_dynamic_inst//slr0/interconnect_axilite_user_0/xbar/M00_AXI
INFO: [Wavedata 42-564]   Found protocol instance at /pfm_top_wrapper/pfm_top_i/pfm_dynamic_inst//slr0/interconnect_axilite_user_0/xbar/M01_AXI
INFO: [Wavedata 42-564]   Found protocol instance at /pfm_top_wrapper/pfm_top_i/pfm_dynamic_inst//slr0/interconnect_axilite_user_0/xbar/M02_AXI
INFO: [Wavedata 42-564]   Found protocol instance at /pfm_top_wrapper/pfm_top_i/pfm_dynamic_inst//slr0/interconnect_axilite_user_0/xbar/S00_AXI
INFO: [Wavedata 42-564]   Found protocol instance at /pfm_top_wrapper/pfm_top_i/pfm_dynamic_inst//slr0/to_delete_kernel_ctrl_0/S_AXI
INFO: [Wavedata 42-564]   Found protocol instance at /pfm_top_wrapper/pfm_top_i/pfm_dynamic_inst//slr1/BLP_S_AXI_CTRL_USER_01
INFO: [Wavedata 42-564]   Found protocol instance at /pfm_top_wrapper/pfm_top_i/pfm_dynamic_inst//slr1/interconnect_axilite_user_1/M00_AXI
INFO: [Wavedata 42-564]   Found protocol instance at /pfm_top_wrapper/pfm_top_i/pfm_dynamic_inst//slr1/interconnect_axilite_user_1/S00_AXI
INFO: [Wavedata 42-564]   Found protocol instance at /pfm_top_wrapper/pfm_top_i/pfm_dynamic_inst//slr1/interconnect_axilite_user_1/s00_couplers/M_AXI
INFO: [Wavedata 42-564]   Found protocol instance at /pfm_top_wrapper/pfm_top_i/pfm_dynamic_inst//slr1/interconnect_axilite_user_1/s00_couplers/S_AXI
INFO: [Wavedata 42-564]   Found protocol instance at /pfm_top_wrapper/pfm_top_i/pfm_dynamic_inst//slr1/to_delete_kernel_ctrl_1/S_AXI
INFO: [Wavedata 42-564]   Found protocol instance at /pfm_top_wrapper/pfm_top_i/pfm_dynamic_inst//slr2/BLP_S_AXI_CTRL_USER_02
INFO: [Wavedata 42-564]   Found protocol instance at /pfm_top_wrapper/pfm_top_i/pfm_dynamic_inst//slr2/interconnect_axilite_user_2/M00_AXI
INFO: [Wavedata 42-564]   Found protocol instance at /pfm_top_wrapper/pfm_top_i/pfm_dynamic_inst//slr2/interconnect_axilite_user_2/S00_AXI
INFO: [Wavedata 42-564]   Found protocol instance at /pfm_top_wrapper/pfm_top_i/pfm_dynamic_inst//slr2/interconnect_axilite_user_2/s00_couplers/M_AXI
INFO: [Wavedata 42-564]   Found protocol instance at /pfm_top_wrapper/pfm_top_i/pfm_dynamic_inst//slr2/interconnect_axilite_user_2/s00_couplers/S_AXI
INFO: [Wavedata 42-564]   Found protocol instance at /pfm_top_wrapper/pfm_top_i/pfm_dynamic_inst//slr2/to_delete_kernel_ctrl_2/S_AXI
INFO: [Wavedata 42-564]   Found protocol instance at /pfm_top_wrapper/pfm_top_i/pfm_dynamic_inst//smartconn_data_0/M00_AXI
INFO: [Wavedata 42-564]   Found protocol instance at /pfm_top_wrapper/pfm_top_i/pfm_dynamic_inst//smartconn_data_0/M01_AXI
INFO: [Wavedata 42-564]   Found protocol instance at /pfm_top_wrapper/pfm_top_i/pfm_dynamic_inst//smartconn_data_0/M02_AXI
INFO: [Wavedata 42-564]   Found protocol instance at /pfm_top_wrapper/pfm_top_i/pfm_dynamic_inst//smartconn_data_0/M03_AXI
INFO: [Wavedata 42-564]   Found protocol instance at /pfm_top_wrapper/pfm_top_i/pfm_dynamic_inst//smartconn_data_0/S00_AXI
INFO: [Wavedata 42-565] Reading protoinst file protoinst_files/bd_387c.protoinst
WARNING: [Wavedata 42-558] Couldn't load one or more protocol instances from protoinst file protoinst_files/bd_387c.protoinst for the following reason(s):
There are no instances of module "bd_387c" in the design.

INFO: [Wavedata 42-565] Reading protoinst file protoinst_files/pfm_top.protoinst
INFO: [Wavedata 42-564]   Found protocol instance at /pfm_top_wrapper/pfm_top_i//pfm_dynamic_inst/BLP_M_AXI_DATA_C2H_00
INFO: [Wavedata 42-564]   Found protocol instance at /pfm_top_wrapper/pfm_top_i//pfm_dynamic_inst/BLP_S_AXI_CTRL_USER_00
INFO: [Wavedata 42-564]   Found protocol instance at /pfm_top_wrapper/pfm_top_i//pfm_dynamic_inst/BLP_S_AXI_CTRL_USER_01
INFO: [Wavedata 42-564]   Found protocol instance at /pfm_top_wrapper/pfm_top_i//pfm_dynamic_inst/BLP_S_AXI_CTRL_USER_02
INFO: [Wavedata 42-564]   Found protocol instance at /pfm_top_wrapper/pfm_top_i//pfm_dynamic_inst/BLP_S_AXI_DATA_H2C_00
INFO: [Wavedata 42-564]   Found protocol instance at /pfm_top_wrapper/pfm_top_i//static_region/M00_AXI
INFO: [Wavedata 42-564]   Found protocol instance at /pfm_top_wrapper/pfm_top_i//static_region/M01_AXI
INFO: [Wavedata 42-564]   Found protocol instance at /pfm_top_wrapper/pfm_top_i//static_region/M02_AXI
INFO: [Wavedata 42-564]   Found protocol instance at /pfm_top_wrapper/pfm_top_i//static_region/M_AXIMM
INFO: [Common 17-14] Message 'Wavedata 42-564' appears 100 times and further instances of the messages will be disabled. Use the Tcl command set_msg_config to change the current settings.
INFO: [Wavedata 42-565] Reading protoinst file ./dr_behav.protoinst
Time resolution is 1 ps
source pfm_top_wrapper.tcl
## if { [file exists vitis_params.tcl] } {
##   source vitis_params.tcl
## }
## if { [info exists ::env(USER_PRE_SIM_SCRIPT)] } {
##   if { [catch {source $::env(USER_PRE_SIM_SCRIPT)} msg] } {
##     puts $msg
##   }
## }
## if { [file exists pre_sim_tool_scripts.tcl] } {
##   source pre_sim_tool_scripts.tcl
## }
### if { [file exists preprocess_profile.tcl] } {
###   if { [catch {source -notrace preprocess_profile.tcl} msg] } {
###     puts $msg 
###   }
### }
### if { [info exists ::env(XILINX_SC_HW_EMU)] } {
###   source $::env(XILINX_VITIS)/system_compiler/examples/sc_hw_emu_pre_xsim.tcl
### }
## puts "We are running simulator for infinite time. Added some default signals in the waveform. You can pause simulation and add signals and then resume the simulaion again."
We are running simulator for infinite time. Added some default signals in the waveform. You can pause simulation and add signals and then resume the simulaion again.
## puts ""

## puts "Stopping at breakpoint in simulator also stops the host code execution"
Stopping at breakpoint in simulator also stops the host code execution
## puts ""

## if { [info exists ::env(VITIS_LAUNCH_WAVEFORM_GUI) ] } {
##   run 1ns
## } else {
##   run all
## }
-> v30 setup
slot_size=0x1000
num_slots=16
num_slot_masks=1
num_cus=3
num_cu_masks=1
cu_offset=16
cu_base_address=0x0
cq_int_enabled=0
mb_host_int_enabled=0
dataflow_enabled=0
kds_30=0
dmsg=0
echo=0
polling=1
cu interrupt mask : cannot convert
<- setup
-->configure_mb
configure cmd found in slot(0)
features=0x0041
cu(0) addr(0x1c010000) handshake(0x1) encodedaddr(0x1c010001)
-> v30 setup
slot_size=0x200
num_slots=128
num_slot_masks=4
num_cus=1
num_cu_masks=1
cu_offset=16
cu_base_address=0x1c010000
cq_int_enabled=0
mb_host_int_enabled=1
dataflow_enabled=1
kds_30=0
dmsg=0
echo=0
polling=1
cu interrupt mask : cannot convert
<- setup
slot(0) [running -> free]
<--configure_mb

Warning: (W505) object already exists: .pfm_top_wrapper.pfm_top_i.static_region.sim_qdma_0.inst.simulate_single_cycle.region_0x1800000000_0x1fffffffff. Latter declaration will be renamed to .pfm_top_wrapper.pfm_top_i.static_region.sim_qdma_0.inst.simulate_single_cycle.region_0x1800000000_0x1fffffffff_0
In file: sc_object_manager.cpp:161
In process: .pfm_top_wrapper.pfm_top_i.static_region.sim_qdma_0.inst.simulate_single_cycle @ 671198 ns

Warning: (W505) object already exists: .pfm_top_wrapper.pfm_top_i.static_region.sim_qdma_0.inst.simulate_single_cycle.region_0x2000000000_0x3fffffffff. Latter declaration will be renamed to .pfm_top_wrapper.pfm_top_i.static_region.sim_qdma_0.inst.simulate_single_cycle.region_0x2000000000_0x3fffffffff_0
In file: sc_object_manager.cpp:161
In process: .pfm_top_wrapper.pfm_top_i.static_region.sim_qdma_0.inst.simulate_single_cycle @ 671198 ns

Warning: (W505) object already exists: .pfm_top_wrapper.pfm_top_i.static_region.sim_qdma_0.inst.simulate_single_cycle.region_0x4000000000_0x7fffffffff. Latter declaration will be renamed to .pfm_top_wrapper.pfm_top_i.static_region.sim_qdma_0.inst.simulate_single_cycle.region_0x4000000000_0x7fffffffff_0
In file: sc_object_manager.cpp:161
In process: .pfm_top_wrapper.pfm_top_i.static_region.sim_qdma_0.inst.simulate_single_cycle @ 671198 ns

Warning: (W505) object already exists: .pfm_top_wrapper.pfm_top_i.static_region.sim_qdma_0.inst.simulate_single_cycle.region_0x8000000000_0xffffffffff. Latter declaration will be renamed to .pfm_top_wrapper.pfm_top_i.static_region.sim_qdma_0.inst.simulate_single_cycle.region_0x8000000000_0xffffffffff_0
In file: sc_object_manager.cpp:161
In process: .pfm_top_wrapper.pfm_top_i.static_region.sim_qdma_0.inst.simulate_single_cycle @ 671198 ns

Warning: (W505) object already exists: .pfm_top_wrapper.pfm_top_i.static_region.sim_qdma_0.inst.simulate_single_cycle.region_0x10000000000_0x11fffffffff. Latter declaration will be renamed to .pfm_top_wrapper.pfm_top_i.static_region.sim_qdma_0.inst.simulate_single_cycle.region_0x10000000000_0x11fffffffff_0
In file: sc_object_manager.cpp:161
In process: .pfm_top_wrapper.pfm_top_i.static_region.sim_qdma_0.inst.simulate_single_cycle @ 671198 ns

Warning: (W505) object already exists: .pfm_top_wrapper.pfm_top_i.static_region.sim_qdma_0.inst.simulate_single_cycle.region_0x1000100000_0x10001fffff. Latter declaration will be renamed to .pfm_top_wrapper.pfm_top_i.static_region.sim_qdma_0.inst.simulate_single_cycle.region_0x1000100000_0x10001fffff_0
In file: sc_object_manager.cpp:161
In process: .pfm_top_wrapper.pfm_top_i.static_region.sim_qdma_0.inst.simulate_single_cycle @ 673960 ns

Warning: (W505) object already exists: .pfm_top_wrapper.pfm_top_i.static_region.sim_qdma_0.inst.simulate_single_cycle.region_0x1400100000_0x14001fffff. Latter declaration will be renamed to .pfm_top_wrapper.pfm_top_i.static_region.sim_qdma_0.inst.simulate_single_cycle.region_0x1400100000_0x14001fffff_0
In file: sc_object_manager.cpp:161
In process: .pfm_top_wrapper.pfm_top_i.static_region.sim_qdma_0.inst.simulate_single_cycle @ 675306701 ps

Warning: (W505) object already exists: .pfm_top_wrapper.pfm_top_i.static_region.sim_qdma_0.inst.simulate_single_cycle.region_0x1000300000_0x10003fffff. Latter declaration will be renamed to .pfm_top_wrapper.pfm_top_i.static_region.sim_qdma_0.inst.simulate_single_cycle.region_0x1000300000_0x10003fffff_0
In file: sc_object_manager.cpp:161
In process: .pfm_top_wrapper.pfm_top_i.static_region.sim_qdma_0.inst.simulate_single_cycle @ 766013172 ps

Warning: (W505) object already exists: .pfm_top_wrapper.pfm_top_i.static_region.sim_qdma_0.inst.simulate_single_cycle.region_0x1400300000_0x14003fffff. Latter declaration will be renamed to .pfm_top_wrapper.pfm_top_i.static_region.sim_qdma_0.inst.simulate_single_cycle.region_0x1400300000_0x14003fffff_0
In file: sc_object_manager.cpp:161
In process: .pfm_top_wrapper.pfm_top_i.static_region.sim_qdma_0.inst.simulate_single_cycle @ 767430122 ps

Warning: (W505) object already exists: .pfm_top_wrapper.pfm_top_i.static_region.sim_qdma_0.inst.simulate_single_cycle.region_0x1000500000_0x10005fffff. Latter declaration will be renamed to .pfm_top_wrapper.pfm_top_i.static_region.sim_qdma_0.inst.simulate_single_cycle.region_0x1000500000_0x10005fffff_0
In file: sc_object_manager.cpp:161
In process: .pfm_top_wrapper.pfm_top_i.static_region.sim_qdma_0.inst.simulate_single_cycle @ 771675971 ps

Warning: (W505) object already exists: .pfm_top_wrapper.pfm_top_i.static_region.sim_qdma_0.inst.simulate_single_cycle.region_0x1400500000_0x14005fffff. Latter declaration will be renamed to .pfm_top_wrapper.pfm_top_i.static_region.sim_qdma_0.inst.simulate_single_cycle.region_0x1400500000_0x14005fffff_0
In file: sc_object_manager.cpp:161
In process: .pfm_top_wrapper.pfm_top_i.static_region.sim_qdma_0.inst.simulate_single_cycle @ 773046245 ps

Warning: (W505) object already exists: .pfm_top_wrapper.pfm_top_i.static_region.sim_qdma_0.inst.simulate_single_cycle.region_0x1000700000_0x10007fffff. Latter declaration will be renamed to .pfm_top_wrapper.pfm_top_i.static_region.sim_qdma_0.inst.simulate_single_cycle.region_0x1000700000_0x10007fffff_0
In file: sc_object_manager.cpp:161
In process: .pfm_top_wrapper.pfm_top_i.static_region.sim_qdma_0.inst.simulate_single_cycle @ 777312261 ps

Warning: (W505) object already exists: .pfm_top_wrapper.pfm_top_i.static_region.sim_qdma_0.inst.simulate_single_cycle.region_0x1400700000_0x14007fffff. Latter declaration will be renamed to .pfm_top_wrapper.pfm_top_i.static_region.sim_qdma_0.inst.simulate_single_cycle.region_0x1400700000_0x14007fffff_0
In file: sc_object_manager.cpp:161
In process: .pfm_top_wrapper.pfm_top_i.static_region.sim_qdma_0.inst.simulate_single_cycle @ 778729 ns

Warning: (W505) object already exists: .pfm_top_wrapper.pfm_top_i.static_region.sim_qdma_0.inst.simulate_single_cycle.region_0x1000900000_0x10009fffff. Latter declaration will be renamed to .pfm_top_wrapper.pfm_top_i.static_region.sim_qdma_0.inst.simulate_single_cycle.region_0x1000900000_0x10009fffff_0
In file: sc_object_manager.cpp:161
In process: .pfm_top_wrapper.pfm_top_i.static_region.sim_qdma_0.inst.simulate_single_cycle @ 782871543 ps

Warning: (W505) object already exists: .pfm_top_wrapper.pfm_top_i.static_region.sim_qdma_0.inst.simulate_single_cycle.region_0x1400900000_0x14009fffff. Latter declaration will be renamed to .pfm_top_wrapper.pfm_top_i.static_region.sim_qdma_0.inst.simulate_single_cycle.region_0x1400900000_0x14009fffff_0
In file: sc_object_manager.cpp:161
In process: .pfm_top_wrapper.pfm_top_i.static_region.sim_qdma_0.inst.simulate_single_cycle @ 784185140 ps
$stop called at time : 2070215628 ps
run: Time (s): cpu = 00:00:00.01 ; elapsed = 00:00:41 . Memory (MB): peak = 1262.219 ; gain = 3.109 ; free physical = 17715 ; free virtual = 56578
## if { [file exists post_sim_tool_scripts.tcl] } {
##   source post_sim_tool_scripts.tcl
## }
### if { [file exists profile.tcl] } {
###   if { [catch {source -notrace profile.tcl } msg] } {
###     puts $msg
###   }
### }
Waiting for protocol analyzers to complete...
Done!
Unable to find signal: /pfm_top_wrapper/pfm_top_i/pfm_dynamic_inst/pass_1/inst//grp_pass_dataflow_fu_88/grp_pass_dataflow_fu_88.dataflowTxWaveData.OutStanding
Unable to find signal: /pfm_top_wrapper/pfm_top_i/pfm_dynamic_inst/pass_1/inst//grp_pass_dataflow_fu_88/grp_pass_dataflow_fu_88.iterationsWave_0
Unable to find signal: /pfm_top_wrapper/pfm_top_i/pfm_dynamic_inst/pass_1/inst//grp_pass_dataflow_fu_88/grp_pass_dataflow_fu_88.iterationsWave_1
Unable to find signal: /pfm_top_wrapper/pfm_top_i/pfm_dynamic_inst/pass_1/inst//grp_pass_dataflow_fu_88/grp_pass_dataflow_fu_88.iterationsWave_2
Unable to find signal: /pfm_top_wrapper/pfm_top_i/pfm_dynamic_inst/pass_1/inst//grp_pass_dataflow_fu_88/grp_pass_dataflow_fu_88.iterationsWave_3
Unable to find signal: /pfm_top_wrapper/pfm_top_i/pfm_dynamic_inst/pass_1/inst//grp_pass_dataflow_fu_88/grp_pass_dataflow_fu_88.iterationsWave_4
Unable to find signal: /pfm_top_wrapper/pfm_top_i/pfm_dynamic_inst/pass_1/inst//grp_pass_dataflow_fu_88/grp_pass_dataflow_fu_88.iterationsWave_5
Unable to find signal: /pfm_top_wrapper/pfm_top_i/pfm_dynamic_inst/pass_1/inst//grp_pass_dataflow_fu_88/grp_pass_dataflow_fu_88.iterationsWave_6
Unable to find signal: /pfm_top_wrapper/pfm_top_i/pfm_dynamic_inst/pass_1/inst//grp_pass_dataflow_fu_88/grp_pass_dataflow_fu_88.iterationsWave_7
Unable to find signal: /pfm_top_wrapper/pfm_top_i/pfm_dynamic_inst/pass_1/inst//grp_pass_dataflow_fu_88/grp_pass_dataflow_fu_88.iterationsWave_8
Unable to find signal: /pfm_top_wrapper/pfm_top_i/pfm_dynamic_inst/pass_1/inst//grp_pass_dataflow_fu_88/grp_pass_dataflow_fu_88.iterationsWave_9
Unable to find signal: /pfm_top_wrapper/pfm_top_i/pfm_dynamic_inst/pass_1/inst//grp_pass_dataflow_fu_88/grp_pass_dataflow_fu_88.iterationsWave_10
Unable to find signal: /pfm_top_wrapper/pfm_top_i/pfm_dynamic_inst/pass_1/inst//grp_pass_dataflow_fu_88/grp_pass_dataflow_fu_88.iterationsWave_11
Unable to find signal: /pfm_top_wrapper/pfm_top_i/pfm_dynamic_inst/pass_1/inst//grp_pass_dataflow_fu_88/grp_pass_dataflow_fu_88.iterationsWave_12
Unable to find signal: /pfm_top_wrapper/pfm_top_i/pfm_dynamic_inst/pass_1/inst//grp_pass_dataflow_fu_88/grp_pass_dataflow_fu_88.iterationsWave_13
Unable to find signal: /pfm_top_wrapper/pfm_top_i/pfm_dynamic_inst/pass_1/inst//grp_pass_dataflow_fu_88/grp_pass_dataflow_fu_88.iterationsWave_14
Unable to find signal: /pfm_top_wrapper/pfm_top_i/pfm_dynamic_inst/pass_1/inst//grp_pass_dataflow_fu_88/grp_pass_dataflow_fu_88.iterationsWave_15
Unable to find signal: /pfm_top_wrapper/pfm_top_i/pfm_dynamic_inst/pass_1/inst//grp_pass_dataflow_fu_88/grp_pass_dataflow_fu_88.iterationsWave_16
Unable to find signal: /pfm_top_wrapper/pfm_top_i/pfm_dynamic_inst/pass_1/inst//grp_pass_dataflow_fu_88/grp_pass_dataflow_fu_88.iterationsWave_17
Unable to find signal: /pfm_top_wrapper/pfm_top_i/pfm_dynamic_inst/pass_1/inst//grp_pass_dataflow_fu_88/grp_pass_dataflow_fu_88.iterationsWave_18
Unable to find signal: /pfm_top_wrapper/pfm_top_i/pfm_dynamic_inst/pass_1/inst//grp_pass_dataflow_fu_88/grp_pass_dataflow_fu_88.iterationsWave_19
Unable to find signal: /pfm_top_wrapper/pfm_top_i/pfm_dynamic_inst/pass_1/inst//grp_pass_dataflow_fu_88/grp_pass_dataflow_fu_88.iterationsWave_20
Unable to find signal: /pfm_top_wrapper/pfm_top_i/pfm_dynamic_inst/pass_1/inst//grp_pass_dataflow_fu_88/grp_pass_dataflow_fu_88.iterationsWave_21
Unable to find signal: /pfm_top_wrapper/pfm_top_i/pfm_dynamic_inst/pass_1/inst//grp_pass_dataflow_fu_88/grp_pass_dataflow_fu_88.iterationsWave_22
Unable to find signal: /pfm_top_wrapper/pfm_top_i/pfm_dynamic_inst/pass_1/inst//grp_pass_dataflow_fu_88/grp_pass_dataflow_fu_88.iterationsWave_23
Unable to find signal: /pfm_top_wrapper/pfm_top_i/pfm_dynamic_inst/pass_1/inst//grp_pass_dataflow_fu_88/grp_pass_dataflow_fu_88.iterationsWave_24
Unable to find signal: /pfm_top_wrapper/pfm_top_i/pfm_dynamic_inst/pass_1/inst//grp_pass_dataflow_fu_88/grp_pass_dataflow_fu_88.iterationsWave_25
Unable to find signal: /pfm_top_wrapper/pfm_top_i/pfm_dynamic_inst/pass_1/inst//grp_pass_dataflow_fu_88/grp_pass_dataflow_fu_88.iterationsWave_26
Unable to find signal: /pfm_top_wrapper/pfm_top_i/pfm_dynamic_inst/pass_1/inst//grp_pass_dataflow_fu_88/grp_pass_dataflow_fu_88.iterationsWave_27
Unable to find signal: /pfm_top_wrapper/pfm_top_i/pfm_dynamic_inst/pass_1/inst//grp_pass_dataflow_fu_88/grp_pass_dataflow_fu_88.iterationsWave_28
Unable to find signal: /pfm_top_wrapper/pfm_top_i/pfm_dynamic_inst/pass_1/inst//grp_pass_dataflow_fu_88/grp_pass_dataflow_fu_88.iterationsWave_29
Unable to find signal: /pfm_top_wrapper/pfm_top_i/pfm_dynamic_inst/pass_1/inst//grp_pass_dataflow_fu_88/grp_pass_dataflow_fu_88.iterationsWave_30
Unable to find signal: /pfm_top_wrapper/pfm_top_i/pfm_dynamic_inst/pass_1/inst//grp_pass_dataflow_fu_88/grp_pass_dataflow_fu_88.iterationsWave_31
Unable to find signal: /pfm_top_wrapper/pfm_top_i/pfm_dynamic_inst/pass_1/inst//grp_pass_dataflow_fu_88/grp_pass_dataflow_fu_88.iterationsWave_32
Unable to find signal: /pfm_top_wrapper/pfm_top_i/pfm_dynamic_inst/pass_1/inst//grp_pass_dataflow_fu_88/grp_pass_dataflow_fu_88.iterationsWave_33
Unable to find signal: /pfm_top_wrapper/pfm_top_i/pfm_dynamic_inst/pass_1/inst//grp_pass_dataflow_fu_88/grp_pass_dataflow_fu_88.iterationsWave_34
Unable to find signal: /pfm_top_wrapper/pfm_top_i/pfm_dynamic_inst/pass_1/inst//grp_pass_dataflow_fu_88/grp_pass_dataflow_fu_88.iterationsWave_35
Unable to find signal: /pfm_top_wrapper/pfm_top_i/pfm_dynamic_inst/pass_1/inst//grp_pass_dataflow_fu_88/grp_pass_dataflow_fu_88.iterationsWave_36
Unable to find signal: /pfm_top_wrapper/pfm_top_i/pfm_dynamic_inst/pass_1/inst//grp_pass_dataflow_fu_88/grp_pass_dataflow_fu_88.iterationsWave_37
Unable to find signal: /pfm_top_wrapper/pfm_top_i/pfm_dynamic_inst/pass_1/inst//grp_pass_dataflow_fu_88/grp_pass_dataflow_fu_88.iterationsWave_38
Unable to find signal: /pfm_top_wrapper/pfm_top_i/pfm_dynamic_inst/pass_1/inst//grp_pass_dataflow_fu_88/grp_pass_dataflow_fu_88.iterationsWave_39
Unable to find signal: /pfm_top_wrapper/pfm_top_i/pfm_dynamic_inst/pass_1/inst//grp_pass_dataflow_fu_88/grp_pass_dataflow_fu_88.iterationsWave_40
Unable to find signal: /pfm_top_wrapper/pfm_top_i/pfm_dynamic_inst/pass_1/inst//grp_pass_dataflow_fu_88/grp_pass_dataflow_fu_88.iterationsWave_41
Unable to find signal: /pfm_top_wrapper/pfm_top_i/pfm_dynamic_inst/pass_1/inst//grp_pass_dataflow_fu_88/grp_pass_dataflow_fu_88.iterationsWave_42
Unable to find signal: /pfm_top_wrapper/pfm_top_i/pfm_dynamic_inst/pass_1/inst//grp_pass_dataflow_fu_88/grp_pass_dataflow_fu_88.iterationsWave_43
Unable to find signal: /pfm_top_wrapper/pfm_top_i/pfm_dynamic_inst/pass_1/inst//grp_pass_dataflow_fu_88/grp_pass_dataflow_fu_88.iterationsWave_44
Unable to find signal: /pfm_top_wrapper/pfm_top_i/pfm_dynamic_inst/pass_1/inst//grp_pass_dataflow_fu_88/grp_pass_dataflow_fu_88.iterationsWave_45
Unable to find signal: /pfm_top_wrapper/pfm_top_i/pfm_dynamic_inst/pass_1/inst//grp_pass_dataflow_fu_88/grp_pass_dataflow_fu_88.iterationsWave_46
Unable to find signal: /pfm_top_wrapper/pfm_top_i/pfm_dynamic_inst/pass_1/inst//grp_pass_dataflow_fu_88/grp_pass_dataflow_fu_88.iterationsWave_47
Unable to find signal: /pfm_top_wrapper/pfm_top_i/pfm_dynamic_inst/pass_1/inst//grp_pass_dataflow_fu_88/grp_pass_dataflow_fu_88.iterationsWave_48
Unable to find signal: /pfm_top_wrapper/pfm_top_i/pfm_dynamic_inst/pass_1/inst//grp_pass_dataflow_fu_88/grp_pass_dataflow_fu_88.iterationsWave_49
Unable to find signal: /pfm_top_wrapper/pfm_top_i/pfm_dynamic_inst/pass_1/inst//grp_pass_dataflow_fu_88/grp_pass_dataflow_fu_88.iterationsWave_50
Unable to find signal: /pfm_top_wrapper/pfm_top_i/pfm_dynamic_inst/pass_1/inst//grp_pass_dataflow_fu_88/grp_pass_dataflow_fu_88.iterationsWave_51
Unable to find signal: /pfm_top_wrapper/pfm_top_i/pfm_dynamic_inst/pass_1/inst//grp_pass_dataflow_fu_88/grp_pass_dataflow_fu_88.iterationsWave_52
Unable to find signal: /pfm_top_wrapper/pfm_top_i/pfm_dynamic_inst/pass_1/inst//grp_pass_dataflow_fu_88/grp_pass_dataflow_fu_88.iterationsWave_53
Unable to find signal: /pfm_top_wrapper/pfm_top_i/pfm_dynamic_inst/pass_1/inst//grp_pass_dataflow_fu_88/grp_pass_dataflow_fu_88.iterationsWave_54
Unable to find signal: /pfm_top_wrapper/pfm_top_i/pfm_dynamic_inst/pass_1/inst//grp_pass_dataflow_fu_88/grp_pass_dataflow_fu_88.iterationsWave_55
Unable to find signal: /pfm_top_wrapper/pfm_top_i/pfm_dynamic_inst/pass_1/inst//grp_pass_dataflow_fu_88/grp_pass_dataflow_fu_88.iterationsWave_56
Unable to find signal: /pfm_top_wrapper/pfm_top_i/pfm_dynamic_inst/pass_1/inst//grp_pass_dataflow_fu_88/grp_pass_dataflow_fu_88.iterationsWave_57
Unable to find signal: /pfm_top_wrapper/pfm_top_i/pfm_dynamic_inst/pass_1/inst//grp_pass_dataflow_fu_88/grp_pass_dataflow_fu_88.iterationsWave_58
Unable to find signal: /pfm_top_wrapper/pfm_top_i/pfm_dynamic_inst/pass_1/inst//grp_pass_dataflow_fu_88/grp_pass_dataflow_fu_88.iterationsWave_59
Unable to find signal: /pfm_top_wrapper/pfm_top_i/pfm_dynamic_inst/pass_1/inst//grp_pass_dataflow_fu_88/grp_pass_dataflow_fu_88.iterationsWave_60
Unable to find signal: /pfm_top_wrapper/pfm_top_i/pfm_dynamic_inst/pass_1/inst//grp_pass_dataflow_fu_88/grp_pass_dataflow_fu_88.iterationsWave_61
Unable to find signal: /pfm_top_wrapper/pfm_top_i/pfm_dynamic_inst/pass_1/inst//grp_pass_dataflow_fu_88/grp_pass_dataflow_fu_88.iterationsWave_62
Unable to find signal: /pfm_top_wrapper/pfm_top_i/pfm_dynamic_inst/pass_1/inst//grp_pass_dataflow_fu_88/grp_pass_dataflow_fu_88.iterationsWave_63
Unable to find signal: /pfm_top_wrapper/pfm_top_i/pfm_dynamic_inst/pass_1/inst//grp_pass_dataflow_fu_88/read_U0/read_U0.dataflowTxWaveData.OutStanding
Unable to find signal: /pfm_top_wrapper/pfm_top_i/pfm_dynamic_inst/pass_1/inst//grp_pass_dataflow_fu_88/read_U0/read_U0.iterationsWave_0
Unable to find signal: /pfm_top_wrapper/pfm_top_i/pfm_dynamic_inst/pass_1/inst//grp_pass_dataflow_fu_88/read_U0/read_U0.iterationsWave_1
Unable to find signal: /pfm_top_wrapper/pfm_top_i/pfm_dynamic_inst/pass_1/inst//grp_pass_dataflow_fu_88/read_U0/read_U0.iterationsWave_2
Unable to find signal: /pfm_top_wrapper/pfm_top_i/pfm_dynamic_inst/pass_1/inst//grp_pass_dataflow_fu_88/read_U0/read_U0.iterationsWave_3
Unable to find signal: /pfm_top_wrapper/pfm_top_i/pfm_dynamic_inst/pass_1/inst//grp_pass_dataflow_fu_88/read_U0/read_U0.iterationsWave_4
Unable to find signal: /pfm_top_wrapper/pfm_top_i/pfm_dynamic_inst/pass_1/inst//grp_pass_dataflow_fu_88/read_U0/read_U0.iterationsWave_5
Unable to find signal: /pfm_top_wrapper/pfm_top_i/pfm_dynamic_inst/pass_1/inst//grp_pass_dataflow_fu_88/read_U0/read_U0.iterationsWave_6
Unable to find signal: /pfm_top_wrapper/pfm_top_i/pfm_dynamic_inst/pass_1/inst//grp_pass_dataflow_fu_88/read_U0/read_U0.iterationsWave_7
Unable to find signal: /pfm_top_wrapper/pfm_top_i/pfm_dynamic_inst/pass_1/inst//grp_pass_dataflow_fu_88/read_U0/read_U0.iterationsWave_8
Unable to find signal: /pfm_top_wrapper/pfm_top_i/pfm_dynamic_inst/pass_1/inst//grp_pass_dataflow_fu_88/read_U0/read_U0.iterationsWave_9
Unable to find signal: /pfm_top_wrapper/pfm_top_i/pfm_dynamic_inst/pass_1/inst//grp_pass_dataflow_fu_88/read_U0/read_U0.iterationsWave_10
Unable to find signal: /pfm_top_wrapper/pfm_top_i/pfm_dynamic_inst/pass_1/inst//grp_pass_dataflow_fu_88/read_U0/read_U0.iterationsWave_11
Unable to find signal: /pfm_top_wrapper/pfm_top_i/pfm_dynamic_inst/pass_1/inst//grp_pass_dataflow_fu_88/read_U0/read_U0.iterationsWave_12
Unable to find signal: /pfm_top_wrapper/pfm_top_i/pfm_dynamic_inst/pass_1/inst//grp_pass_dataflow_fu_88/read_U0/read_U0.iterationsWave_13
Unable to find signal: /pfm_top_wrapper/pfm_top_i/pfm_dynamic_inst/pass_1/inst//grp_pass_dataflow_fu_88/read_U0/read_U0.iterationsWave_14
Unable to find signal: /pfm_top_wrapper/pfm_top_i/pfm_dynamic_inst/pass_1/inst//grp_pass_dataflow_fu_88/read_U0/read_U0.iterationsWave_15
Unable to find signal: /pfm_top_wrapper/pfm_top_i/pfm_dynamic_inst/pass_1/inst//grp_pass_dataflow_fu_88/read_U0/read_U0.iterationsWave_16
Unable to find signal: /pfm_top_wrapper/pfm_top_i/pfm_dynamic_inst/pass_1/inst//grp_pass_dataflow_fu_88/read_U0/read_U0.iterationsWave_17
Unable to find signal: /pfm_top_wrapper/pfm_top_i/pfm_dynamic_inst/pass_1/inst//grp_pass_dataflow_fu_88/read_U0/read_U0.iterationsWave_18
Unable to find signal: /pfm_top_wrapper/pfm_top_i/pfm_dynamic_inst/pass_1/inst//grp_pass_dataflow_fu_88/read_U0/read_U0.iterationsWave_19
Unable to find signal: /pfm_top_wrapper/pfm_top_i/pfm_dynamic_inst/pass_1/inst//grp_pass_dataflow_fu_88/read_U0/read_U0.iterationsWave_20
Unable to find signal: /pfm_top_wrapper/pfm_top_i/pfm_dynamic_inst/pass_1/inst//grp_pass_dataflow_fu_88/read_U0/read_U0.iterationsWave_21
Unable to find signal: /pfm_top_wrapper/pfm_top_i/pfm_dynamic_inst/pass_1/inst//grp_pass_dataflow_fu_88/read_U0/read_U0.iterationsWave_22
Unable to find signal: /pfm_top_wrapper/pfm_top_i/pfm_dynamic_inst/pass_1/inst//grp_pass_dataflow_fu_88/read_U0/read_U0.iterationsWave_23
Unable to find signal: /pfm_top_wrapper/pfm_top_i/pfm_dynamic_inst/pass_1/inst//grp_pass_dataflow_fu_88/read_U0/read_U0.iterationsWave_24
Unable to find signal: /pfm_top_wrapper/pfm_top_i/pfm_dynamic_inst/pass_1/inst//grp_pass_dataflow_fu_88/read_U0/read_U0.iterationsWave_25
Unable to find signal: /pfm_top_wrapper/pfm_top_i/pfm_dynamic_inst/pass_1/inst//grp_pass_dataflow_fu_88/read_U0/read_U0.iterationsWave_26
Unable to find signal: /pfm_top_wrapper/pfm_top_i/pfm_dynamic_inst/pass_1/inst//grp_pass_dataflow_fu_88/read_U0/read_U0.iterationsWave_27
Unable to find signal: /pfm_top_wrapper/pfm_top_i/pfm_dynamic_inst/pass_1/inst//grp_pass_dataflow_fu_88/read_U0/read_U0.iterationsWave_28
Unable to find signal: /pfm_top_wrapper/pfm_top_i/pfm_dynamic_inst/pass_1/inst//grp_pass_dataflow_fu_88/read_U0/read_U0.iterationsWave_29
Unable to find signal: /pfm_top_wrapper/pfm_top_i/pfm_dynamic_inst/pass_1/inst//grp_pass_dataflow_fu_88/read_U0/read_U0.iterationsWave_30
Unable to find signal: /pfm_top_wrapper/pfm_top_i/pfm_dynamic_inst/pass_1/inst//grp_pass_dataflow_fu_88/read_U0/read_U0.iterationsWave_31
Unable to find signal: /pfm_top_wrapper/pfm_top_i/pfm_dynamic_inst/pass_1/inst//grp_pass_dataflow_fu_88/read_U0/read_U0.iterationsWave_32
Unable to find signal: /pfm_top_wrapper/pfm_top_i/pfm_dynamic_inst/pass_1/inst//grp_pass_dataflow_fu_88/read_U0/read_U0.iterationsWave_33
Unable to find signal: /pfm_top_wrapper/pfm_top_i/pfm_dynamic_inst/pass_1/inst//grp_pass_dataflow_fu_88/read_U0/read_U0.iterationsWave_34
Unable to find signal: /pfm_top_wrapper/pfm_top_i/pfm_dynamic_inst/pass_1/inst//grp_pass_dataflow_fu_88/read_U0/read_U0.iterationsWave_35
Unable to find signal: /pfm_top_wrapper/pfm_top_i/pfm_dynamic_inst/pass_1/inst//grp_pass_dataflow_fu_88/read_U0/read_U0.iterationsWave_36
Unable to find signal: /pfm_top_wrapper/pfm_top_i/pfm_dynamic_inst/pass_1/inst//grp_pass_dataflow_fu_88/read_U0/read_U0.iterationsWave_37
Unable to find signal: /pfm_top_wrapper/pfm_top_i/pfm_dynamic_inst/pass_1/inst//grp_pass_dataflow_fu_88/read_U0/read_U0.iterationsWave_38
Unable to find signal: /pfm_top_wrapper/pfm_top_i/pfm_dynamic_inst/pass_1/inst//grp_pass_dataflow_fu_88/read_U0/read_U0.iterationsWave_39
Unable to find signal: /pfm_top_wrapper/pfm_top_i/pfm_dynamic_inst/pass_1/inst//grp_pass_dataflow_fu_88/read_U0/read_U0.iterationsWave_40
Unable to find signal: /pfm_top_wrapper/pfm_top_i/pfm_dynamic_inst/pass_1/inst//grp_pass_dataflow_fu_88/read_U0/read_U0.iterationsWave_41
Unable to find signal: /pfm_top_wrapper/pfm_top_i/pfm_dynamic_inst/pass_1/inst//grp_pass_dataflow_fu_88/read_U0/read_U0.iterationsWave_42
Unable to find signal: /pfm_top_wrapper/pfm_top_i/pfm_dynamic_inst/pass_1/inst//grp_pass_dataflow_fu_88/read_U0/read_U0.iterationsWave_43
Unable to find signal: /pfm_top_wrapper/pfm_top_i/pfm_dynamic_inst/pass_1/inst//grp_pass_dataflow_fu_88/read_U0/read_U0.iterationsWave_44
Unable to find signal: /pfm_top_wrapper/pfm_top_i/pfm_dynamic_inst/pass_1/inst//grp_pass_dataflow_fu_88/read_U0/read_U0.iterationsWave_45
Unable to find signal: /pfm_top_wrapper/pfm_top_i/pfm_dynamic_inst/pass_1/inst//grp_pass_dataflow_fu_88/read_U0/read_U0.iterationsWave_46
Unable to find signal: /pfm_top_wrapper/pfm_top_i/pfm_dynamic_inst/pass_1/inst//grp_pass_dataflow_fu_88/read_U0/read_U0.iterationsWave_47
Unable to find signal: /pfm_top_wrapper/pfm_top_i/pfm_dynamic_inst/pass_1/inst//grp_pass_dataflow_fu_88/read_U0/read_U0.iterationsWave_48
Unable to find signal: /pfm_top_wrapper/pfm_top_i/pfm_dynamic_inst/pass_1/inst//grp_pass_dataflow_fu_88/read_U0/read_U0.iterationsWave_49
Unable to find signal: /pfm_top_wrapper/pfm_top_i/pfm_dynamic_inst/pass_1/inst//grp_pass_dataflow_fu_88/read_U0/read_U0.iterationsWave_50
Unable to find signal: /pfm_top_wrapper/pfm_top_i/pfm_dynamic_inst/pass_1/inst//grp_pass_dataflow_fu_88/read_U0/read_U0.iterationsWave_51
Unable to find signal: /pfm_top_wrapper/pfm_top_i/pfm_dynamic_inst/pass_1/inst//grp_pass_dataflow_fu_88/read_U0/read_U0.iterationsWave_52
Unable to find signal: /pfm_top_wrapper/pfm_top_i/pfm_dynamic_inst/pass_1/inst//grp_pass_dataflow_fu_88/read_U0/read_U0.iterationsWave_53
Unable to find signal: /pfm_top_wrapper/pfm_top_i/pfm_dynamic_inst/pass_1/inst//grp_pass_dataflow_fu_88/read_U0/read_U0.iterationsWave_54
Unable to find signal: /pfm_top_wrapper/pfm_top_i/pfm_dynamic_inst/pass_1/inst//grp_pass_dataflow_fu_88/read_U0/read_U0.iterationsWave_55
Unable to find signal: /pfm_top_wrapper/pfm_top_i/pfm_dynamic_inst/pass_1/inst//grp_pass_dataflow_fu_88/read_U0/read_U0.iterationsWave_56
Unable to find signal: /pfm_top_wrapper/pfm_top_i/pfm_dynamic_inst/pass_1/inst//grp_pass_dataflow_fu_88/read_U0/read_U0.iterationsWave_57
Unable to find signal: /pfm_top_wrapper/pfm_top_i/pfm_dynamic_inst/pass_1/inst//grp_pass_dataflow_fu_88/read_U0/read_U0.iterationsWave_58
Unable to find signal: /pfm_top_wrapper/pfm_top_i/pfm_dynamic_inst/pass_1/inst//grp_pass_dataflow_fu_88/read_U0/read_U0.iterationsWave_59
Unable to find signal: /pfm_top_wrapper/pfm_top_i/pfm_dynamic_inst/pass_1/inst//grp_pass_dataflow_fu_88/read_U0/read_U0.iterationsWave_60
Unable to find signal: /pfm_top_wrapper/pfm_top_i/pfm_dynamic_inst/pass_1/inst//grp_pass_dataflow_fu_88/read_U0/read_U0.iterationsWave_61
Unable to find signal: /pfm_top_wrapper/pfm_top_i/pfm_dynamic_inst/pass_1/inst//grp_pass_dataflow_fu_88/read_U0/read_U0.iterationsWave_62
Unable to find signal: /pfm_top_wrapper/pfm_top_i/pfm_dynamic_inst/pass_1/inst//grp_pass_dataflow_fu_88/read_U0/read_U0.iterationsWave_63
Unable to find signal: /pfm_top_wrapper/pfm_top_i/pfm_dynamic_inst/pass_1/inst//grp_pass_dataflow_fu_88/read_U0/grp_read_Pipeline_VITIS_LOOP_13_1_fu_83/grp_read_Pipeline_VITIS_LOOP_13_1_fu_83.dataflowTxWaveData.OutStanding
Unable to find signal: /pfm_top_wrapper/pfm_top_i/pfm_dynamic_inst/pass_1/inst//grp_pass_dataflow_fu_88/read_U0/grp_read_Pipeline_VITIS_LOOP_13_1_fu_83/grp_read_Pipeline_VITIS_LOOP_13_1_fu_83.iterationsWave_0
Unable to find signal: /pfm_top_wrapper/pfm_top_i/pfm_dynamic_inst/pass_1/inst//grp_pass_dataflow_fu_88/read_U0/grp_read_Pipeline_VITIS_LOOP_13_1_fu_83/grp_read_Pipeline_VITIS_LOOP_13_1_fu_83.iterationsWave_1
Unable to find signal: /pfm_top_wrapper/pfm_top_i/pfm_dynamic_inst/pass_1/inst//grp_pass_dataflow_fu_88/read_U0/grp_read_Pipeline_VITIS_LOOP_13_1_fu_83/grp_read_Pipeline_VITIS_LOOP_13_1_fu_83.iterationsWave_2
Unable to find signal: /pfm_top_wrapper/pfm_top_i/pfm_dynamic_inst/pass_1/inst//grp_pass_dataflow_fu_88/read_U0/grp_read_Pipeline_VITIS_LOOP_13_1_fu_83/grp_read_Pipeline_VITIS_LOOP_13_1_fu_83.iterationsWave_3
Unable to find signal: /pfm_top_wrapper/pfm_top_i/pfm_dynamic_inst/pass_1/inst//grp_pass_dataflow_fu_88/read_U0/grp_read_Pipeline_VITIS_LOOP_13_1_fu_83/grp_read_Pipeline_VITIS_LOOP_13_1_fu_83.iterationsWave_4
Unable to find signal: /pfm_top_wrapper/pfm_top_i/pfm_dynamic_inst/pass_1/inst//grp_pass_dataflow_fu_88/read_U0/grp_read_Pipeline_VITIS_LOOP_13_1_fu_83/grp_read_Pipeline_VITIS_LOOP_13_1_fu_83.iterationsWave_5
Unable to find signal: /pfm_top_wrapper/pfm_top_i/pfm_dynamic_inst/pass_1/inst//grp_pass_dataflow_fu_88/read_U0/grp_read_Pipeline_VITIS_LOOP_13_1_fu_83/grp_read_Pipeline_VITIS_LOOP_13_1_fu_83.iterationsWave_6
Unable to find signal: /pfm_top_wrapper/pfm_top_i/pfm_dynamic_inst/pass_1/inst//grp_pass_dataflow_fu_88/read_U0/grp_read_Pipeline_VITIS_LOOP_13_1_fu_83/grp_read_Pipeline_VITIS_LOOP_13_1_fu_83.iterationsWave_7
Unable to find signal: /pfm_top_wrapper/pfm_top_i/pfm_dynamic_inst/pass_1/inst//grp_pass_dataflow_fu_88/read_U0/grp_read_Pipeline_VITIS_LOOP_13_1_fu_83/grp_read_Pipeline_VITIS_LOOP_13_1_fu_83.iterationsWave_8
Unable to find signal: /pfm_top_wrapper/pfm_top_i/pfm_dynamic_inst/pass_1/inst//grp_pass_dataflow_fu_88/read_U0/grp_read_Pipeline_VITIS_LOOP_13_1_fu_83/grp_read_Pipeline_VITIS_LOOP_13_1_fu_83.iterationsWave_9
Unable to find signal: /pfm_top_wrapper/pfm_top_i/pfm_dynamic_inst/pass_1/inst//grp_pass_dataflow_fu_88/read_U0/grp_read_Pipeline_VITIS_LOOP_13_1_fu_83/grp_read_Pipeline_VITIS_LOOP_13_1_fu_83.iterationsWave_10
Unable to find signal: /pfm_top_wrapper/pfm_top_i/pfm_dynamic_inst/pass_1/inst//grp_pass_dataflow_fu_88/read_U0/grp_read_Pipeline_VITIS_LOOP_13_1_fu_83/grp_read_Pipeline_VITIS_LOOP_13_1_fu_83.iterationsWave_11
Unable to find signal: /pfm_top_wrapper/pfm_top_i/pfm_dynamic_inst/pass_1/inst//grp_pass_dataflow_fu_88/read_U0/grp_read_Pipeline_VITIS_LOOP_13_1_fu_83/grp_read_Pipeline_VITIS_LOOP_13_1_fu_83.iterationsWave_12
Unable to find signal: /pfm_top_wrapper/pfm_top_i/pfm_dynamic_inst/pass_1/inst//grp_pass_dataflow_fu_88/read_U0/grp_read_Pipeline_VITIS_LOOP_13_1_fu_83/grp_read_Pipeline_VITIS_LOOP_13_1_fu_83.iterationsWave_13
Unable to find signal: /pfm_top_wrapper/pfm_top_i/pfm_dynamic_inst/pass_1/inst//grp_pass_dataflow_fu_88/read_U0/grp_read_Pipeline_VITIS_LOOP_13_1_fu_83/grp_read_Pipeline_VITIS_LOOP_13_1_fu_83.iterationsWave_14
Unable to find signal: /pfm_top_wrapper/pfm_top_i/pfm_dynamic_inst/pass_1/inst//grp_pass_dataflow_fu_88/read_U0/grp_read_Pipeline_VITIS_LOOP_13_1_fu_83/grp_read_Pipeline_VITIS_LOOP_13_1_fu_83.iterationsWave_15
Unable to find signal: /pfm_top_wrapper/pfm_top_i/pfm_dynamic_inst/pass_1/inst//grp_pass_dataflow_fu_88/read_U0/grp_read_Pipeline_VITIS_LOOP_13_1_fu_83/grp_read_Pipeline_VITIS_LOOP_13_1_fu_83.iterationsWave_16
Unable to find signal: /pfm_top_wrapper/pfm_top_i/pfm_dynamic_inst/pass_1/inst//grp_pass_dataflow_fu_88/read_U0/grp_read_Pipeline_VITIS_LOOP_13_1_fu_83/grp_read_Pipeline_VITIS_LOOP_13_1_fu_83.iterationsWave_17
Unable to find signal: /pfm_top_wrapper/pfm_top_i/pfm_dynamic_inst/pass_1/inst//grp_pass_dataflow_fu_88/read_U0/grp_read_Pipeline_VITIS_LOOP_13_1_fu_83/grp_read_Pipeline_VITIS_LOOP_13_1_fu_83.iterationsWave_18
Unable to find signal: /pfm_top_wrapper/pfm_top_i/pfm_dynamic_inst/pass_1/inst//grp_pass_dataflow_fu_88/read_U0/grp_read_Pipeline_VITIS_LOOP_13_1_fu_83/grp_read_Pipeline_VITIS_LOOP_13_1_fu_83.iterationsWave_19
Unable to find signal: /pfm_top_wrapper/pfm_top_i/pfm_dynamic_inst/pass_1/inst//grp_pass_dataflow_fu_88/read_U0/grp_read_Pipeline_VITIS_LOOP_13_1_fu_83/grp_read_Pipeline_VITIS_LOOP_13_1_fu_83.iterationsWave_20
Unable to find signal: /pfm_top_wrapper/pfm_top_i/pfm_dynamic_inst/pass_1/inst//grp_pass_dataflow_fu_88/read_U0/grp_read_Pipeline_VITIS_LOOP_13_1_fu_83/grp_read_Pipeline_VITIS_LOOP_13_1_fu_83.iterationsWave_21
Unable to find signal: /pfm_top_wrapper/pfm_top_i/pfm_dynamic_inst/pass_1/inst//grp_pass_dataflow_fu_88/read_U0/grp_read_Pipeline_VITIS_LOOP_13_1_fu_83/grp_read_Pipeline_VITIS_LOOP_13_1_fu_83.iterationsWave_22
Unable to find signal: /pfm_top_wrapper/pfm_top_i/pfm_dynamic_inst/pass_1/inst//grp_pass_dataflow_fu_88/read_U0/grp_read_Pipeline_VITIS_LOOP_13_1_fu_83/grp_read_Pipeline_VITIS_LOOP_13_1_fu_83.iterationsWave_23
Unable to find signal: /pfm_top_wrapper/pfm_top_i/pfm_dynamic_inst/pass_1/inst//grp_pass_dataflow_fu_88/read_U0/grp_read_Pipeline_VITIS_LOOP_13_1_fu_83/grp_read_Pipeline_VITIS_LOOP_13_1_fu_83.iterationsWave_24
Unable to find signal: /pfm_top_wrapper/pfm_top_i/pfm_dynamic_inst/pass_1/inst//grp_pass_dataflow_fu_88/read_U0/grp_read_Pipeline_VITIS_LOOP_13_1_fu_83/grp_read_Pipeline_VITIS_LOOP_13_1_fu_83.iterationsWave_25
Unable to find signal: /pfm_top_wrapper/pfm_top_i/pfm_dynamic_inst/pass_1/inst//grp_pass_dataflow_fu_88/read_U0/grp_read_Pipeline_VITIS_LOOP_13_1_fu_83/grp_read_Pipeline_VITIS_LOOP_13_1_fu_83.iterationsWave_26
Unable to find signal: /pfm_top_wrapper/pfm_top_i/pfm_dynamic_inst/pass_1/inst//grp_pass_dataflow_fu_88/read_U0/grp_read_Pipeline_VITIS_LOOP_13_1_fu_83/grp_read_Pipeline_VITIS_LOOP_13_1_fu_83.iterationsWave_27
Unable to find signal: /pfm_top_wrapper/pfm_top_i/pfm_dynamic_inst/pass_1/inst//grp_pass_dataflow_fu_88/read_U0/grp_read_Pipeline_VITIS_LOOP_13_1_fu_83/grp_read_Pipeline_VITIS_LOOP_13_1_fu_83.iterationsWave_28
Unable to find signal: /pfm_top_wrapper/pfm_top_i/pfm_dynamic_inst/pass_1/inst//grp_pass_dataflow_fu_88/read_U0/grp_read_Pipeline_VITIS_LOOP_13_1_fu_83/grp_read_Pipeline_VITIS_LOOP_13_1_fu_83.iterationsWave_29
Unable to find signal: /pfm_top_wrapper/pfm_top_i/pfm_dynamic_inst/pass_1/inst//grp_pass_dataflow_fu_88/read_U0/grp_read_Pipeline_VITIS_LOOP_13_1_fu_83/grp_read_Pipeline_VITIS_LOOP_13_1_fu_83.iterationsWave_30
Unable to find signal: /pfm_top_wrapper/pfm_top_i/pfm_dynamic_inst/pass_1/inst//grp_pass_dataflow_fu_88/read_U0/grp_read_Pipeline_VITIS_LOOP_13_1_fu_83/grp_read_Pipeline_VITIS_LOOP_13_1_fu_83.iterationsWave_31
Unable to find signal: /pfm_top_wrapper/pfm_top_i/pfm_dynamic_inst/pass_1/inst//grp_pass_dataflow_fu_88/read_U0/grp_read_Pipeline_VITIS_LOOP_13_1_fu_83/grp_read_Pipeline_VITIS_LOOP_13_1_fu_83.iterationsWave_32
Unable to find signal: /pfm_top_wrapper/pfm_top_i/pfm_dynamic_inst/pass_1/inst//grp_pass_dataflow_fu_88/read_U0/grp_read_Pipeline_VITIS_LOOP_13_1_fu_83/grp_read_Pipeline_VITIS_LOOP_13_1_fu_83.iterationsWave_33
Unable to find signal: /pfm_top_wrapper/pfm_top_i/pfm_dynamic_inst/pass_1/inst//grp_pass_dataflow_fu_88/read_U0/grp_read_Pipeline_VITIS_LOOP_13_1_fu_83/grp_read_Pipeline_VITIS_LOOP_13_1_fu_83.iterationsWave_34
Unable to find signal: /pfm_top_wrapper/pfm_top_i/pfm_dynamic_inst/pass_1/inst//grp_pass_dataflow_fu_88/read_U0/grp_read_Pipeline_VITIS_LOOP_13_1_fu_83/grp_read_Pipeline_VITIS_LOOP_13_1_fu_83.iterationsWave_35
Unable to find signal: /pfm_top_wrapper/pfm_top_i/pfm_dynamic_inst/pass_1/inst//grp_pass_dataflow_fu_88/read_U0/grp_read_Pipeline_VITIS_LOOP_13_1_fu_83/grp_read_Pipeline_VITIS_LOOP_13_1_fu_83.iterationsWave_36
Unable to find signal: /pfm_top_wrapper/pfm_top_i/pfm_dynamic_inst/pass_1/inst//grp_pass_dataflow_fu_88/read_U0/grp_read_Pipeline_VITIS_LOOP_13_1_fu_83/grp_read_Pipeline_VITIS_LOOP_13_1_fu_83.iterationsWave_37
Unable to find signal: /pfm_top_wrapper/pfm_top_i/pfm_dynamic_inst/pass_1/inst//grp_pass_dataflow_fu_88/read_U0/grp_read_Pipeline_VITIS_LOOP_13_1_fu_83/grp_read_Pipeline_VITIS_LOOP_13_1_fu_83.iterationsWave_38
Unable to find signal: /pfm_top_wrapper/pfm_top_i/pfm_dynamic_inst/pass_1/inst//grp_pass_dataflow_fu_88/read_U0/grp_read_Pipeline_VITIS_LOOP_13_1_fu_83/grp_read_Pipeline_VITIS_LOOP_13_1_fu_83.iterationsWave_39
Unable to find signal: /pfm_top_wrapper/pfm_top_i/pfm_dynamic_inst/pass_1/inst//grp_pass_dataflow_fu_88/read_U0/grp_read_Pipeline_VITIS_LOOP_13_1_fu_83/grp_read_Pipeline_VITIS_LOOP_13_1_fu_83.iterationsWave_40
Unable to find signal: /pfm_top_wrapper/pfm_top_i/pfm_dynamic_inst/pass_1/inst//grp_pass_dataflow_fu_88/read_U0/grp_read_Pipeline_VITIS_LOOP_13_1_fu_83/grp_read_Pipeline_VITIS_LOOP_13_1_fu_83.iterationsWave_41
Unable to find signal: /pfm_top_wrapper/pfm_top_i/pfm_dynamic_inst/pass_1/inst//grp_pass_dataflow_fu_88/read_U0/grp_read_Pipeline_VITIS_LOOP_13_1_fu_83/grp_read_Pipeline_VITIS_LOOP_13_1_fu_83.iterationsWave_42
Unable to find signal: /pfm_top_wrapper/pfm_top_i/pfm_dynamic_inst/pass_1/inst//grp_pass_dataflow_fu_88/read_U0/grp_read_Pipeline_VITIS_LOOP_13_1_fu_83/grp_read_Pipeline_VITIS_LOOP_13_1_fu_83.iterationsWave_43
Unable to find signal: /pfm_top_wrapper/pfm_top_i/pfm_dynamic_inst/pass_1/inst//grp_pass_dataflow_fu_88/read_U0/grp_read_Pipeline_VITIS_LOOP_13_1_fu_83/grp_read_Pipeline_VITIS_LOOP_13_1_fu_83.iterationsWave_44
Unable to find signal: /pfm_top_wrapper/pfm_top_i/pfm_dynamic_inst/pass_1/inst//grp_pass_dataflow_fu_88/read_U0/grp_read_Pipeline_VITIS_LOOP_13_1_fu_83/grp_read_Pipeline_VITIS_LOOP_13_1_fu_83.iterationsWave_45
Unable to find signal: /pfm_top_wrapper/pfm_top_i/pfm_dynamic_inst/pass_1/inst//grp_pass_dataflow_fu_88/read_U0/grp_read_Pipeline_VITIS_LOOP_13_1_fu_83/grp_read_Pipeline_VITIS_LOOP_13_1_fu_83.iterationsWave_46
Unable to find signal: /pfm_top_wrapper/pfm_top_i/pfm_dynamic_inst/pass_1/inst//grp_pass_dataflow_fu_88/read_U0/grp_read_Pipeline_VITIS_LOOP_13_1_fu_83/grp_read_Pipeline_VITIS_LOOP_13_1_fu_83.iterationsWave_47
Unable to find signal: /pfm_top_wrapper/pfm_top_i/pfm_dynamic_inst/pass_1/inst//grp_pass_dataflow_fu_88/read_U0/grp_read_Pipeline_VITIS_LOOP_13_1_fu_83/grp_read_Pipeline_VITIS_LOOP_13_1_fu_83.iterationsWave_48
Unable to find signal: /pfm_top_wrapper/pfm_top_i/pfm_dynamic_inst/pass_1/inst//grp_pass_dataflow_fu_88/read_U0/grp_read_Pipeline_VITIS_LOOP_13_1_fu_83/grp_read_Pipeline_VITIS_LOOP_13_1_fu_83.iterationsWave_49
Unable to find signal: /pfm_top_wrapper/pfm_top_i/pfm_dynamic_inst/pass_1/inst//grp_pass_dataflow_fu_88/read_U0/grp_read_Pipeline_VITIS_LOOP_13_1_fu_83/grp_read_Pipeline_VITIS_LOOP_13_1_fu_83.iterationsWave_50
Unable to find signal: /pfm_top_wrapper/pfm_top_i/pfm_dynamic_inst/pass_1/inst//grp_pass_dataflow_fu_88/read_U0/grp_read_Pipeline_VITIS_LOOP_13_1_fu_83/grp_read_Pipeline_VITIS_LOOP_13_1_fu_83.iterationsWave_51
Unable to find signal: /pfm_top_wrapper/pfm_top_i/pfm_dynamic_inst/pass_1/inst//grp_pass_dataflow_fu_88/read_U0/grp_read_Pipeline_VITIS_LOOP_13_1_fu_83/grp_read_Pipeline_VITIS_LOOP_13_1_fu_83.iterationsWave_52
Unable to find signal: /pfm_top_wrapper/pfm_top_i/pfm_dynamic_inst/pass_1/inst//grp_pass_dataflow_fu_88/read_U0/grp_read_Pipeline_VITIS_LOOP_13_1_fu_83/grp_read_Pipeline_VITIS_LOOP_13_1_fu_83.iterationsWave_53
Unable to find signal: /pfm_top_wrapper/pfm_top_i/pfm_dynamic_inst/pass_1/inst//grp_pass_dataflow_fu_88/read_U0/grp_read_Pipeline_VITIS_LOOP_13_1_fu_83/grp_read_Pipeline_VITIS_LOOP_13_1_fu_83.iterationsWave_54
Unable to find signal: /pfm_top_wrapper/pfm_top_i/pfm_dynamic_inst/pass_1/inst//grp_pass_dataflow_fu_88/read_U0/grp_read_Pipeline_VITIS_LOOP_13_1_fu_83/grp_read_Pipeline_VITIS_LOOP_13_1_fu_83.iterationsWave_55
Unable to find signal: /pfm_top_wrapper/pfm_top_i/pfm_dynamic_inst/pass_1/inst//grp_pass_dataflow_fu_88/read_U0/grp_read_Pipeline_VITIS_LOOP_13_1_fu_83/grp_read_Pipeline_VITIS_LOOP_13_1_fu_83.iterationsWave_56
Unable to find signal: /pfm_top_wrapper/pfm_top_i/pfm_dynamic_inst/pass_1/inst//grp_pass_dataflow_fu_88/read_U0/grp_read_Pipeline_VITIS_LOOP_13_1_fu_83/grp_read_Pipeline_VITIS_LOOP_13_1_fu_83.iterationsWave_57
Unable to find signal: /pfm_top_wrapper/pfm_top_i/pfm_dynamic_inst/pass_1/inst//grp_pass_dataflow_fu_88/read_U0/grp_read_Pipeline_VITIS_LOOP_13_1_fu_83/grp_read_Pipeline_VITIS_LOOP_13_1_fu_83.iterationsWave_58
Unable to find signal: /pfm_top_wrapper/pfm_top_i/pfm_dynamic_inst/pass_1/inst//grp_pass_dataflow_fu_88/read_U0/grp_read_Pipeline_VITIS_LOOP_13_1_fu_83/grp_read_Pipeline_VITIS_LOOP_13_1_fu_83.iterationsWave_59
Unable to find signal: /pfm_top_wrapper/pfm_top_i/pfm_dynamic_inst/pass_1/inst//grp_pass_dataflow_fu_88/read_U0/grp_read_Pipeline_VITIS_LOOP_13_1_fu_83/grp_read_Pipeline_VITIS_LOOP_13_1_fu_83.iterationsWave_60
Unable to find signal: /pfm_top_wrapper/pfm_top_i/pfm_dynamic_inst/pass_1/inst//grp_pass_dataflow_fu_88/read_U0/grp_read_Pipeline_VITIS_LOOP_13_1_fu_83/grp_read_Pipeline_VITIS_LOOP_13_1_fu_83.iterationsWave_61
Unable to find signal: /pfm_top_wrapper/pfm_top_i/pfm_dynamic_inst/pass_1/inst//grp_pass_dataflow_fu_88/read_U0/grp_read_Pipeline_VITIS_LOOP_13_1_fu_83/grp_read_Pipeline_VITIS_LOOP_13_1_fu_83.iterationsWave_62
Unable to find signal: /pfm_top_wrapper/pfm_top_i/pfm_dynamic_inst/pass_1/inst//grp_pass_dataflow_fu_88/read_U0/grp_read_Pipeline_VITIS_LOOP_13_1_fu_83/grp_read_Pipeline_VITIS_LOOP_13_1_fu_83.iterationsWave_63
Unable to find signal: /pfm_top_wrapper/pfm_top_i/pfm_dynamic_inst/pass_1/inst//grp_pass_dataflow_fu_88/entry_proc_U0/entry_proc_U0.dataflowTxWaveData.OutStanding
Unable to find signal: /pfm_top_wrapper/pfm_top_i/pfm_dynamic_inst/pass_1/inst//grp_pass_dataflow_fu_88/entry_proc_U0/entry_proc_U0.iterationsWave_0
Unable to find signal: /pfm_top_wrapper/pfm_top_i/pfm_dynamic_inst/pass_1/inst//grp_pass_dataflow_fu_88/entry_proc_U0/entry_proc_U0.iterationsWave_1
Unable to find signal: /pfm_top_wrapper/pfm_top_i/pfm_dynamic_inst/pass_1/inst//grp_pass_dataflow_fu_88/entry_proc_U0/entry_proc_U0.iterationsWave_2
Unable to find signal: /pfm_top_wrapper/pfm_top_i/pfm_dynamic_inst/pass_1/inst//grp_pass_dataflow_fu_88/entry_proc_U0/entry_proc_U0.iterationsWave_3
Unable to find signal: /pfm_top_wrapper/pfm_top_i/pfm_dynamic_inst/pass_1/inst//grp_pass_dataflow_fu_88/entry_proc_U0/entry_proc_U0.iterationsWave_4
Unable to find signal: /pfm_top_wrapper/pfm_top_i/pfm_dynamic_inst/pass_1/inst//grp_pass_dataflow_fu_88/entry_proc_U0/entry_proc_U0.iterationsWave_5
Unable to find signal: /pfm_top_wrapper/pfm_top_i/pfm_dynamic_inst/pass_1/inst//grp_pass_dataflow_fu_88/entry_proc_U0/entry_proc_U0.iterationsWave_6
Unable to find signal: /pfm_top_wrapper/pfm_top_i/pfm_dynamic_inst/pass_1/inst//grp_pass_dataflow_fu_88/entry_proc_U0/entry_proc_U0.iterationsWave_7
Unable to find signal: /pfm_top_wrapper/pfm_top_i/pfm_dynamic_inst/pass_1/inst//grp_pass_dataflow_fu_88/entry_proc_U0/entry_proc_U0.iterationsWave_8
Unable to find signal: /pfm_top_wrapper/pfm_top_i/pfm_dynamic_inst/pass_1/inst//grp_pass_dataflow_fu_88/entry_proc_U0/entry_proc_U0.iterationsWave_9
Unable to find signal: /pfm_top_wrapper/pfm_top_i/pfm_dynamic_inst/pass_1/inst//grp_pass_dataflow_fu_88/entry_proc_U0/entry_proc_U0.iterationsWave_10
Unable to find signal: /pfm_top_wrapper/pfm_top_i/pfm_dynamic_inst/pass_1/inst//grp_pass_dataflow_fu_88/entry_proc_U0/entry_proc_U0.iterationsWave_11
Unable to find signal: /pfm_top_wrapper/pfm_top_i/pfm_dynamic_inst/pass_1/inst//grp_pass_dataflow_fu_88/entry_proc_U0/entry_proc_U0.iterationsWave_12
Unable to find signal: /pfm_top_wrapper/pfm_top_i/pfm_dynamic_inst/pass_1/inst//grp_pass_dataflow_fu_88/entry_proc_U0/entry_proc_U0.iterationsWave_13
Unable to find signal: /pfm_top_wrapper/pfm_top_i/pfm_dynamic_inst/pass_1/inst//grp_pass_dataflow_fu_88/entry_proc_U0/entry_proc_U0.iterationsWave_14
Unable to find signal: /pfm_top_wrapper/pfm_top_i/pfm_dynamic_inst/pass_1/inst//grp_pass_dataflow_fu_88/entry_proc_U0/entry_proc_U0.iterationsWave_15
Unable to find signal: /pfm_top_wrapper/pfm_top_i/pfm_dynamic_inst/pass_1/inst//grp_pass_dataflow_fu_88/entry_proc_U0/entry_proc_U0.iterationsWave_16
Unable to find signal: /pfm_top_wrapper/pfm_top_i/pfm_dynamic_inst/pass_1/inst//grp_pass_dataflow_fu_88/entry_proc_U0/entry_proc_U0.iterationsWave_17
Unable to find signal: /pfm_top_wrapper/pfm_top_i/pfm_dynamic_inst/pass_1/inst//grp_pass_dataflow_fu_88/entry_proc_U0/entry_proc_U0.iterationsWave_18
Unable to find signal: /pfm_top_wrapper/pfm_top_i/pfm_dynamic_inst/pass_1/inst//grp_pass_dataflow_fu_88/entry_proc_U0/entry_proc_U0.iterationsWave_19
Unable to find signal: /pfm_top_wrapper/pfm_top_i/pfm_dynamic_inst/pass_1/inst//grp_pass_dataflow_fu_88/entry_proc_U0/entry_proc_U0.iterationsWave_20
Unable to find signal: /pfm_top_wrapper/pfm_top_i/pfm_dynamic_inst/pass_1/inst//grp_pass_dataflow_fu_88/entry_proc_U0/entry_proc_U0.iterationsWave_21
Unable to find signal: /pfm_top_wrapper/pfm_top_i/pfm_dynamic_inst/pass_1/inst//grp_pass_dataflow_fu_88/entry_proc_U0/entry_proc_U0.iterationsWave_22
Unable to find signal: /pfm_top_wrapper/pfm_top_i/pfm_dynamic_inst/pass_1/inst//grp_pass_dataflow_fu_88/entry_proc_U0/entry_proc_U0.iterationsWave_23
Unable to find signal: /pfm_top_wrapper/pfm_top_i/pfm_dynamic_inst/pass_1/inst//grp_pass_dataflow_fu_88/entry_proc_U0/entry_proc_U0.iterationsWave_24
Unable to find signal: /pfm_top_wrapper/pfm_top_i/pfm_dynamic_inst/pass_1/inst//grp_pass_dataflow_fu_88/entry_proc_U0/entry_proc_U0.iterationsWave_25
Unable to find signal: /pfm_top_wrapper/pfm_top_i/pfm_dynamic_inst/pass_1/inst//grp_pass_dataflow_fu_88/entry_proc_U0/entry_proc_U0.iterationsWave_26
Unable to find signal: /pfm_top_wrapper/pfm_top_i/pfm_dynamic_inst/pass_1/inst//grp_pass_dataflow_fu_88/entry_proc_U0/entry_proc_U0.iterationsWave_27
Unable to find signal: /pfm_top_wrapper/pfm_top_i/pfm_dynamic_inst/pass_1/inst//grp_pass_dataflow_fu_88/entry_proc_U0/entry_proc_U0.iterationsWave_28
Unable to find signal: /pfm_top_wrapper/pfm_top_i/pfm_dynamic_inst/pass_1/inst//grp_pass_dataflow_fu_88/entry_proc_U0/entry_proc_U0.iterationsWave_29
Unable to find signal: /pfm_top_wrapper/pfm_top_i/pfm_dynamic_inst/pass_1/inst//grp_pass_dataflow_fu_88/entry_proc_U0/entry_proc_U0.iterationsWave_30
Unable to find signal: /pfm_top_wrapper/pfm_top_i/pfm_dynamic_inst/pass_1/inst//grp_pass_dataflow_fu_88/entry_proc_U0/entry_proc_U0.iterationsWave_31
Unable to find signal: /pfm_top_wrapper/pfm_top_i/pfm_dynamic_inst/pass_1/inst//grp_pass_dataflow_fu_88/entry_proc_U0/entry_proc_U0.iterationsWave_32
Unable to find signal: /pfm_top_wrapper/pfm_top_i/pfm_dynamic_inst/pass_1/inst//grp_pass_dataflow_fu_88/entry_proc_U0/entry_proc_U0.iterationsWave_33
Unable to find signal: /pfm_top_wrapper/pfm_top_i/pfm_dynamic_inst/pass_1/inst//grp_pass_dataflow_fu_88/entry_proc_U0/entry_proc_U0.iterationsWave_34
Unable to find signal: /pfm_top_wrapper/pfm_top_i/pfm_dynamic_inst/pass_1/inst//grp_pass_dataflow_fu_88/entry_proc_U0/entry_proc_U0.iterationsWave_35
Unable to find signal: /pfm_top_wrapper/pfm_top_i/pfm_dynamic_inst/pass_1/inst//grp_pass_dataflow_fu_88/entry_proc_U0/entry_proc_U0.iterationsWave_36
Unable to find signal: /pfm_top_wrapper/pfm_top_i/pfm_dynamic_inst/pass_1/inst//grp_pass_dataflow_fu_88/entry_proc_U0/entry_proc_U0.iterationsWave_37
Unable to find signal: /pfm_top_wrapper/pfm_top_i/pfm_dynamic_inst/pass_1/inst//grp_pass_dataflow_fu_88/entry_proc_U0/entry_proc_U0.iterationsWave_38
Unable to find signal: /pfm_top_wrapper/pfm_top_i/pfm_dynamic_inst/pass_1/inst//grp_pass_dataflow_fu_88/entry_proc_U0/entry_proc_U0.iterationsWave_39
Unable to find signal: /pfm_top_wrapper/pfm_top_i/pfm_dynamic_inst/pass_1/inst//grp_pass_dataflow_fu_88/entry_proc_U0/entry_proc_U0.iterationsWave_40
Unable to find signal: /pfm_top_wrapper/pfm_top_i/pfm_dynamic_inst/pass_1/inst//grp_pass_dataflow_fu_88/entry_proc_U0/entry_proc_U0.iterationsWave_41
Unable to find signal: /pfm_top_wrapper/pfm_top_i/pfm_dynamic_inst/pass_1/inst//grp_pass_dataflow_fu_88/entry_proc_U0/entry_proc_U0.iterationsWave_42
Unable to find signal: /pfm_top_wrapper/pfm_top_i/pfm_dynamic_inst/pass_1/inst//grp_pass_dataflow_fu_88/entry_proc_U0/entry_proc_U0.iterationsWave_43
Unable to find signal: /pfm_top_wrapper/pfm_top_i/pfm_dynamic_inst/pass_1/inst//grp_pass_dataflow_fu_88/entry_proc_U0/entry_proc_U0.iterationsWave_44
Unable to find signal: /pfm_top_wrapper/pfm_top_i/pfm_dynamic_inst/pass_1/inst//grp_pass_dataflow_fu_88/entry_proc_U0/entry_proc_U0.iterationsWave_45
Unable to find signal: /pfm_top_wrapper/pfm_top_i/pfm_dynamic_inst/pass_1/inst//grp_pass_dataflow_fu_88/entry_proc_U0/entry_proc_U0.iterationsWave_46
Unable to find signal: /pfm_top_wrapper/pfm_top_i/pfm_dynamic_inst/pass_1/inst//grp_pass_dataflow_fu_88/entry_proc_U0/entry_proc_U0.iterationsWave_47
Unable to find signal: /pfm_top_wrapper/pfm_top_i/pfm_dynamic_inst/pass_1/inst//grp_pass_dataflow_fu_88/entry_proc_U0/entry_proc_U0.iterationsWave_48
Unable to find signal: /pfm_top_wrapper/pfm_top_i/pfm_dynamic_inst/pass_1/inst//grp_pass_dataflow_fu_88/entry_proc_U0/entry_proc_U0.iterationsWave_49
Unable to find signal: /pfm_top_wrapper/pfm_top_i/pfm_dynamic_inst/pass_1/inst//grp_pass_dataflow_fu_88/entry_proc_U0/entry_proc_U0.iterationsWave_50
Unable to find signal: /pfm_top_wrapper/pfm_top_i/pfm_dynamic_inst/pass_1/inst//grp_pass_dataflow_fu_88/entry_proc_U0/entry_proc_U0.iterationsWave_51
Unable to find signal: /pfm_top_wrapper/pfm_top_i/pfm_dynamic_inst/pass_1/inst//grp_pass_dataflow_fu_88/entry_proc_U0/entry_proc_U0.iterationsWave_52
Unable to find signal: /pfm_top_wrapper/pfm_top_i/pfm_dynamic_inst/pass_1/inst//grp_pass_dataflow_fu_88/entry_proc_U0/entry_proc_U0.iterationsWave_53
Unable to find signal: /pfm_top_wrapper/pfm_top_i/pfm_dynamic_inst/pass_1/inst//grp_pass_dataflow_fu_88/entry_proc_U0/entry_proc_U0.iterationsWave_54
Unable to find signal: /pfm_top_wrapper/pfm_top_i/pfm_dynamic_inst/pass_1/inst//grp_pass_dataflow_fu_88/entry_proc_U0/entry_proc_U0.iterationsWave_55
Unable to find signal: /pfm_top_wrapper/pfm_top_i/pfm_dynamic_inst/pass_1/inst//grp_pass_dataflow_fu_88/entry_proc_U0/entry_proc_U0.iterationsWave_56
Unable to find signal: /pfm_top_wrapper/pfm_top_i/pfm_dynamic_inst/pass_1/inst//grp_pass_dataflow_fu_88/entry_proc_U0/entry_proc_U0.iterationsWave_57
Unable to find signal: /pfm_top_wrapper/pfm_top_i/pfm_dynamic_inst/pass_1/inst//grp_pass_dataflow_fu_88/entry_proc_U0/entry_proc_U0.iterationsWave_58
Unable to find signal: /pfm_top_wrapper/pfm_top_i/pfm_dynamic_inst/pass_1/inst//grp_pass_dataflow_fu_88/entry_proc_U0/entry_proc_U0.iterationsWave_59
Unable to find signal: /pfm_top_wrapper/pfm_top_i/pfm_dynamic_inst/pass_1/inst//grp_pass_dataflow_fu_88/entry_proc_U0/entry_proc_U0.iterationsWave_60
Unable to find signal: /pfm_top_wrapper/pfm_top_i/pfm_dynamic_inst/pass_1/inst//grp_pass_dataflow_fu_88/entry_proc_U0/entry_proc_U0.iterationsWave_61
Unable to find signal: /pfm_top_wrapper/pfm_top_i/pfm_dynamic_inst/pass_1/inst//grp_pass_dataflow_fu_88/entry_proc_U0/entry_proc_U0.iterationsWave_62
Unable to find signal: /pfm_top_wrapper/pfm_top_i/pfm_dynamic_inst/pass_1/inst//grp_pass_dataflow_fu_88/entry_proc_U0/entry_proc_U0.iterationsWave_63
Unable to find signal: /pfm_top_wrapper/pfm_top_i/pfm_dynamic_inst/pass_1/inst//grp_pass_dataflow_fu_88/exec_U0/exec_U0.dataflowTxWaveData.OutStanding
Unable to find signal: /pfm_top_wrapper/pfm_top_i/pfm_dynamic_inst/pass_1/inst//grp_pass_dataflow_fu_88/exec_U0/exec_U0.iterationsWave_0
Unable to find signal: /pfm_top_wrapper/pfm_top_i/pfm_dynamic_inst/pass_1/inst//grp_pass_dataflow_fu_88/exec_U0/exec_U0.iterationsWave_1
Unable to find signal: /pfm_top_wrapper/pfm_top_i/pfm_dynamic_inst/pass_1/inst//grp_pass_dataflow_fu_88/exec_U0/exec_U0.iterationsWave_2
Unable to find signal: /pfm_top_wrapper/pfm_top_i/pfm_dynamic_inst/pass_1/inst//grp_pass_dataflow_fu_88/exec_U0/exec_U0.iterationsWave_3
Unable to find signal: /pfm_top_wrapper/pfm_top_i/pfm_dynamic_inst/pass_1/inst//grp_pass_dataflow_fu_88/exec_U0/exec_U0.iterationsWave_4
Unable to find signal: /pfm_top_wrapper/pfm_top_i/pfm_dynamic_inst/pass_1/inst//grp_pass_dataflow_fu_88/exec_U0/exec_U0.iterationsWave_5
Unable to find signal: /pfm_top_wrapper/pfm_top_i/pfm_dynamic_inst/pass_1/inst//grp_pass_dataflow_fu_88/exec_U0/exec_U0.iterationsWave_6
Unable to find signal: /pfm_top_wrapper/pfm_top_i/pfm_dynamic_inst/pass_1/inst//grp_pass_dataflow_fu_88/exec_U0/exec_U0.iterationsWave_7
Unable to find signal: /pfm_top_wrapper/pfm_top_i/pfm_dynamic_inst/pass_1/inst//grp_pass_dataflow_fu_88/exec_U0/exec_U0.iterationsWave_8
Unable to find signal: /pfm_top_wrapper/pfm_top_i/pfm_dynamic_inst/pass_1/inst//grp_pass_dataflow_fu_88/exec_U0/exec_U0.iterationsWave_9
Unable to find signal: /pfm_top_wrapper/pfm_top_i/pfm_dynamic_inst/pass_1/inst//grp_pass_dataflow_fu_88/exec_U0/exec_U0.iterationsWave_10
Unable to find signal: /pfm_top_wrapper/pfm_top_i/pfm_dynamic_inst/pass_1/inst//grp_pass_dataflow_fu_88/exec_U0/exec_U0.iterationsWave_11
Unable to find signal: /pfm_top_wrapper/pfm_top_i/pfm_dynamic_inst/pass_1/inst//grp_pass_dataflow_fu_88/exec_U0/exec_U0.iterationsWave_12
Unable to find signal: /pfm_top_wrapper/pfm_top_i/pfm_dynamic_inst/pass_1/inst//grp_pass_dataflow_fu_88/exec_U0/exec_U0.iterationsWave_13
Unable to find signal: /pfm_top_wrapper/pfm_top_i/pfm_dynamic_inst/pass_1/inst//grp_pass_dataflow_fu_88/exec_U0/exec_U0.iterationsWave_14
Unable to find signal: /pfm_top_wrapper/pfm_top_i/pfm_dynamic_inst/pass_1/inst//grp_pass_dataflow_fu_88/exec_U0/exec_U0.iterationsWave_15
Unable to find signal: /pfm_top_wrapper/pfm_top_i/pfm_dynamic_inst/pass_1/inst//grp_pass_dataflow_fu_88/exec_U0/exec_U0.iterationsWave_16
Unable to find signal: /pfm_top_wrapper/pfm_top_i/pfm_dynamic_inst/pass_1/inst//grp_pass_dataflow_fu_88/exec_U0/exec_U0.iterationsWave_17
Unable to find signal: /pfm_top_wrapper/pfm_top_i/pfm_dynamic_inst/pass_1/inst//grp_pass_dataflow_fu_88/exec_U0/exec_U0.iterationsWave_18
Unable to find signal: /pfm_top_wrapper/pfm_top_i/pfm_dynamic_inst/pass_1/inst//grp_pass_dataflow_fu_88/exec_U0/exec_U0.iterationsWave_19
Unable to find signal: /pfm_top_wrapper/pfm_top_i/pfm_dynamic_inst/pass_1/inst//grp_pass_dataflow_fu_88/exec_U0/exec_U0.iterationsWave_20
Unable to find signal: /pfm_top_wrapper/pfm_top_i/pfm_dynamic_inst/pass_1/inst//grp_pass_dataflow_fu_88/exec_U0/exec_U0.iterationsWave_21
Unable to find signal: /pfm_top_wrapper/pfm_top_i/pfm_dynamic_inst/pass_1/inst//grp_pass_dataflow_fu_88/exec_U0/exec_U0.iterationsWave_22
Unable to find signal: /pfm_top_wrapper/pfm_top_i/pfm_dynamic_inst/pass_1/inst//grp_pass_dataflow_fu_88/exec_U0/exec_U0.iterationsWave_23
Unable to find signal: /pfm_top_wrapper/pfm_top_i/pfm_dynamic_inst/pass_1/inst//grp_pass_dataflow_fu_88/exec_U0/exec_U0.iterationsWave_24
Unable to find signal: /pfm_top_wrapper/pfm_top_i/pfm_dynamic_inst/pass_1/inst//grp_pass_dataflow_fu_88/exec_U0/exec_U0.iterationsWave_25
Unable to find signal: /pfm_top_wrapper/pfm_top_i/pfm_dynamic_inst/pass_1/inst//grp_pass_dataflow_fu_88/exec_U0/exec_U0.iterationsWave_26
Unable to find signal: /pfm_top_wrapper/pfm_top_i/pfm_dynamic_inst/pass_1/inst//grp_pass_dataflow_fu_88/exec_U0/exec_U0.iterationsWave_27
Unable to find signal: /pfm_top_wrapper/pfm_top_i/pfm_dynamic_inst/pass_1/inst//grp_pass_dataflow_fu_88/exec_U0/exec_U0.iterationsWave_28
Unable to find signal: /pfm_top_wrapper/pfm_top_i/pfm_dynamic_inst/pass_1/inst//grp_pass_dataflow_fu_88/exec_U0/exec_U0.iterationsWave_29
Unable to find signal: /pfm_top_wrapper/pfm_top_i/pfm_dynamic_inst/pass_1/inst//grp_pass_dataflow_fu_88/exec_U0/exec_U0.iterationsWave_30
Unable to find signal: /pfm_top_wrapper/pfm_top_i/pfm_dynamic_inst/pass_1/inst//grp_pass_dataflow_fu_88/exec_U0/exec_U0.iterationsWave_31
Unable to find signal: /pfm_top_wrapper/pfm_top_i/pfm_dynamic_inst/pass_1/inst//grp_pass_dataflow_fu_88/exec_U0/exec_U0.iterationsWave_32
Unable to find signal: /pfm_top_wrapper/pfm_top_i/pfm_dynamic_inst/pass_1/inst//grp_pass_dataflow_fu_88/exec_U0/exec_U0.iterationsWave_33
Unable to find signal: /pfm_top_wrapper/pfm_top_i/pfm_dynamic_inst/pass_1/inst//grp_pass_dataflow_fu_88/exec_U0/exec_U0.iterationsWave_34
Unable to find signal: /pfm_top_wrapper/pfm_top_i/pfm_dynamic_inst/pass_1/inst//grp_pass_dataflow_fu_88/exec_U0/exec_U0.iterationsWave_35
Unable to find signal: /pfm_top_wrapper/pfm_top_i/pfm_dynamic_inst/pass_1/inst//grp_pass_dataflow_fu_88/exec_U0/exec_U0.iterationsWave_36
Unable to find signal: /pfm_top_wrapper/pfm_top_i/pfm_dynamic_inst/pass_1/inst//grp_pass_dataflow_fu_88/exec_U0/exec_U0.iterationsWave_37
Unable to find signal: /pfm_top_wrapper/pfm_top_i/pfm_dynamic_inst/pass_1/inst//grp_pass_dataflow_fu_88/exec_U0/exec_U0.iterationsWave_38
Unable to find signal: /pfm_top_wrapper/pfm_top_i/pfm_dynamic_inst/pass_1/inst//grp_pass_dataflow_fu_88/exec_U0/exec_U0.iterationsWave_39
Unable to find signal: /pfm_top_wrapper/pfm_top_i/pfm_dynamic_inst/pass_1/inst//grp_pass_dataflow_fu_88/exec_U0/exec_U0.iterationsWave_40
Unable to find signal: /pfm_top_wrapper/pfm_top_i/pfm_dynamic_inst/pass_1/inst//grp_pass_dataflow_fu_88/exec_U0/exec_U0.iterationsWave_41
Unable to find signal: /pfm_top_wrapper/pfm_top_i/pfm_dynamic_inst/pass_1/inst//grp_pass_dataflow_fu_88/exec_U0/exec_U0.iterationsWave_42
Unable to find signal: /pfm_top_wrapper/pfm_top_i/pfm_dynamic_inst/pass_1/inst//grp_pass_dataflow_fu_88/exec_U0/exec_U0.iterationsWave_43
Unable to find signal: /pfm_top_wrapper/pfm_top_i/pfm_dynamic_inst/pass_1/inst//grp_pass_dataflow_fu_88/exec_U0/exec_U0.iterationsWave_44
Unable to find signal: /pfm_top_wrapper/pfm_top_i/pfm_dynamic_inst/pass_1/inst//grp_pass_dataflow_fu_88/exec_U0/exec_U0.iterationsWave_45
Unable to find signal: /pfm_top_wrapper/pfm_top_i/pfm_dynamic_inst/pass_1/inst//grp_pass_dataflow_fu_88/exec_U0/exec_U0.iterationsWave_46
Unable to find signal: /pfm_top_wrapper/pfm_top_i/pfm_dynamic_inst/pass_1/inst//grp_pass_dataflow_fu_88/exec_U0/exec_U0.iterationsWave_47
Unable to find signal: /pfm_top_wrapper/pfm_top_i/pfm_dynamic_inst/pass_1/inst//grp_pass_dataflow_fu_88/exec_U0/exec_U0.iterationsWave_48
Unable to find signal: /pfm_top_wrapper/pfm_top_i/pfm_dynamic_inst/pass_1/inst//grp_pass_dataflow_fu_88/exec_U0/exec_U0.iterationsWave_49
Unable to find signal: /pfm_top_wrapper/pfm_top_i/pfm_dynamic_inst/pass_1/inst//grp_pass_dataflow_fu_88/exec_U0/exec_U0.iterationsWave_50
Unable to find signal: /pfm_top_wrapper/pfm_top_i/pfm_dynamic_inst/pass_1/inst//grp_pass_dataflow_fu_88/exec_U0/exec_U0.iterationsWave_51
Unable to find signal: /pfm_top_wrapper/pfm_top_i/pfm_dynamic_inst/pass_1/inst//grp_pass_dataflow_fu_88/exec_U0/exec_U0.iterationsWave_52
Unable to find signal: /pfm_top_wrapper/pfm_top_i/pfm_dynamic_inst/pass_1/inst//grp_pass_dataflow_fu_88/exec_U0/exec_U0.iterationsWave_53
Unable to find signal: /pfm_top_wrapper/pfm_top_i/pfm_dynamic_inst/pass_1/inst//grp_pass_dataflow_fu_88/exec_U0/exec_U0.iterationsWave_54
Unable to find signal: /pfm_top_wrapper/pfm_top_i/pfm_dynamic_inst/pass_1/inst//grp_pass_dataflow_fu_88/exec_U0/exec_U0.iterationsWave_55
Unable to find signal: /pfm_top_wrapper/pfm_top_i/pfm_dynamic_inst/pass_1/inst//grp_pass_dataflow_fu_88/exec_U0/exec_U0.iterationsWave_56
Unable to find signal: /pfm_top_wrapper/pfm_top_i/pfm_dynamic_inst/pass_1/inst//grp_pass_dataflow_fu_88/exec_U0/exec_U0.iterationsWave_57
Unable to find signal: /pfm_top_wrapper/pfm_top_i/pfm_dynamic_inst/pass_1/inst//grp_pass_dataflow_fu_88/exec_U0/exec_U0.iterationsWave_58
Unable to find signal: /pfm_top_wrapper/pfm_top_i/pfm_dynamic_inst/pass_1/inst//grp_pass_dataflow_fu_88/exec_U0/exec_U0.iterationsWave_59
Unable to find signal: /pfm_top_wrapper/pfm_top_i/pfm_dynamic_inst/pass_1/inst//grp_pass_dataflow_fu_88/exec_U0/exec_U0.iterationsWave_60
Unable to find signal: /pfm_top_wrapper/pfm_top_i/pfm_dynamic_inst/pass_1/inst//grp_pass_dataflow_fu_88/exec_U0/exec_U0.iterationsWave_61
Unable to find signal: /pfm_top_wrapper/pfm_top_i/pfm_dynamic_inst/pass_1/inst//grp_pass_dataflow_fu_88/exec_U0/exec_U0.iterationsWave_62
Unable to find signal: /pfm_top_wrapper/pfm_top_i/pfm_dynamic_inst/pass_1/inst//grp_pass_dataflow_fu_88/exec_U0/exec_U0.iterationsWave_63
Unable to find signal: /pfm_top_wrapper/pfm_top_i/pfm_dynamic_inst/pass_1/inst//grp_pass_dataflow_fu_88/exec_U0/grp_exec_Pipeline_VITIS_LOOP_23_1_fu_60/grp_exec_Pipeline_VITIS_LOOP_23_1_fu_60.dataflowTxWaveData.OutStanding
Unable to find signal: /pfm_top_wrapper/pfm_top_i/pfm_dynamic_inst/pass_1/inst//grp_pass_dataflow_fu_88/exec_U0/grp_exec_Pipeline_VITIS_LOOP_23_1_fu_60/grp_exec_Pipeline_VITIS_LOOP_23_1_fu_60.iterationsWave_0
Unable to find signal: /pfm_top_wrapper/pfm_top_i/pfm_dynamic_inst/pass_1/inst//grp_pass_dataflow_fu_88/exec_U0/grp_exec_Pipeline_VITIS_LOOP_23_1_fu_60/grp_exec_Pipeline_VITIS_LOOP_23_1_fu_60.iterationsWave_1
Unable to find signal: /pfm_top_wrapper/pfm_top_i/pfm_dynamic_inst/pass_1/inst//grp_pass_dataflow_fu_88/exec_U0/grp_exec_Pipeline_VITIS_LOOP_23_1_fu_60/grp_exec_Pipeline_VITIS_LOOP_23_1_fu_60.iterationsWave_2
Unable to find signal: /pfm_top_wrapper/pfm_top_i/pfm_dynamic_inst/pass_1/inst//grp_pass_dataflow_fu_88/exec_U0/grp_exec_Pipeline_VITIS_LOOP_23_1_fu_60/grp_exec_Pipeline_VITIS_LOOP_23_1_fu_60.iterationsWave_3
Unable to find signal: /pfm_top_wrapper/pfm_top_i/pfm_dynamic_inst/pass_1/inst//grp_pass_dataflow_fu_88/exec_U0/grp_exec_Pipeline_VITIS_LOOP_23_1_fu_60/grp_exec_Pipeline_VITIS_LOOP_23_1_fu_60.iterationsWave_4
Unable to find signal: /pfm_top_wrapper/pfm_top_i/pfm_dynamic_inst/pass_1/inst//grp_pass_dataflow_fu_88/exec_U0/grp_exec_Pipeline_VITIS_LOOP_23_1_fu_60/grp_exec_Pipeline_VITIS_LOOP_23_1_fu_60.iterationsWave_5
Unable to find signal: /pfm_top_wrapper/pfm_top_i/pfm_dynamic_inst/pass_1/inst//grp_pass_dataflow_fu_88/exec_U0/grp_exec_Pipeline_VITIS_LOOP_23_1_fu_60/grp_exec_Pipeline_VITIS_LOOP_23_1_fu_60.iterationsWave_6
Unable to find signal: /pfm_top_wrapper/pfm_top_i/pfm_dynamic_inst/pass_1/inst//grp_pass_dataflow_fu_88/exec_U0/grp_exec_Pipeline_VITIS_LOOP_23_1_fu_60/grp_exec_Pipeline_VITIS_LOOP_23_1_fu_60.iterationsWave_7
Unable to find signal: /pfm_top_wrapper/pfm_top_i/pfm_dynamic_inst/pass_1/inst//grp_pass_dataflow_fu_88/exec_U0/grp_exec_Pipeline_VITIS_LOOP_23_1_fu_60/grp_exec_Pipeline_VITIS_LOOP_23_1_fu_60.iterationsWave_8
Unable to find signal: /pfm_top_wrapper/pfm_top_i/pfm_dynamic_inst/pass_1/inst//grp_pass_dataflow_fu_88/exec_U0/grp_exec_Pipeline_VITIS_LOOP_23_1_fu_60/grp_exec_Pipeline_VITIS_LOOP_23_1_fu_60.iterationsWave_9
Unable to find signal: /pfm_top_wrapper/pfm_top_i/pfm_dynamic_inst/pass_1/inst//grp_pass_dataflow_fu_88/exec_U0/grp_exec_Pipeline_VITIS_LOOP_23_1_fu_60/grp_exec_Pipeline_VITIS_LOOP_23_1_fu_60.iterationsWave_10
Unable to find signal: /pfm_top_wrapper/pfm_top_i/pfm_dynamic_inst/pass_1/inst//grp_pass_dataflow_fu_88/exec_U0/grp_exec_Pipeline_VITIS_LOOP_23_1_fu_60/grp_exec_Pipeline_VITIS_LOOP_23_1_fu_60.iterationsWave_11
Unable to find signal: /pfm_top_wrapper/pfm_top_i/pfm_dynamic_inst/pass_1/inst//grp_pass_dataflow_fu_88/exec_U0/grp_exec_Pipeline_VITIS_LOOP_23_1_fu_60/grp_exec_Pipeline_VITIS_LOOP_23_1_fu_60.iterationsWave_12
Unable to find signal: /pfm_top_wrapper/pfm_top_i/pfm_dynamic_inst/pass_1/inst//grp_pass_dataflow_fu_88/exec_U0/grp_exec_Pipeline_VITIS_LOOP_23_1_fu_60/grp_exec_Pipeline_VITIS_LOOP_23_1_fu_60.iterationsWave_13
Unable to find signal: /pfm_top_wrapper/pfm_top_i/pfm_dynamic_inst/pass_1/inst//grp_pass_dataflow_fu_88/exec_U0/grp_exec_Pipeline_VITIS_LOOP_23_1_fu_60/grp_exec_Pipeline_VITIS_LOOP_23_1_fu_60.iterationsWave_14
Unable to find signal: /pfm_top_wrapper/pfm_top_i/pfm_dynamic_inst/pass_1/inst//grp_pass_dataflow_fu_88/exec_U0/grp_exec_Pipeline_VITIS_LOOP_23_1_fu_60/grp_exec_Pipeline_VITIS_LOOP_23_1_fu_60.iterationsWave_15
Unable to find signal: /pfm_top_wrapper/pfm_top_i/pfm_dynamic_inst/pass_1/inst//grp_pass_dataflow_fu_88/exec_U0/grp_exec_Pipeline_VITIS_LOOP_23_1_fu_60/grp_exec_Pipeline_VITIS_LOOP_23_1_fu_60.iterationsWave_16
Unable to find signal: /pfm_top_wrapper/pfm_top_i/pfm_dynamic_inst/pass_1/inst//grp_pass_dataflow_fu_88/exec_U0/grp_exec_Pipeline_VITIS_LOOP_23_1_fu_60/grp_exec_Pipeline_VITIS_LOOP_23_1_fu_60.iterationsWave_17
Unable to find signal: /pfm_top_wrapper/pfm_top_i/pfm_dynamic_inst/pass_1/inst//grp_pass_dataflow_fu_88/exec_U0/grp_exec_Pipeline_VITIS_LOOP_23_1_fu_60/grp_exec_Pipeline_VITIS_LOOP_23_1_fu_60.iterationsWave_18
Unable to find signal: /pfm_top_wrapper/pfm_top_i/pfm_dynamic_inst/pass_1/inst//grp_pass_dataflow_fu_88/exec_U0/grp_exec_Pipeline_VITIS_LOOP_23_1_fu_60/grp_exec_Pipeline_VITIS_LOOP_23_1_fu_60.iterationsWave_19
Unable to find signal: /pfm_top_wrapper/pfm_top_i/pfm_dynamic_inst/pass_1/inst//grp_pass_dataflow_fu_88/exec_U0/grp_exec_Pipeline_VITIS_LOOP_23_1_fu_60/grp_exec_Pipeline_VITIS_LOOP_23_1_fu_60.iterationsWave_20
Unable to find signal: /pfm_top_wrapper/pfm_top_i/pfm_dynamic_inst/pass_1/inst//grp_pass_dataflow_fu_88/exec_U0/grp_exec_Pipeline_VITIS_LOOP_23_1_fu_60/grp_exec_Pipeline_VITIS_LOOP_23_1_fu_60.iterationsWave_21
Unable to find signal: /pfm_top_wrapper/pfm_top_i/pfm_dynamic_inst/pass_1/inst//grp_pass_dataflow_fu_88/exec_U0/grp_exec_Pipeline_VITIS_LOOP_23_1_fu_60/grp_exec_Pipeline_VITIS_LOOP_23_1_fu_60.iterationsWave_22
Unable to find signal: /pfm_top_wrapper/pfm_top_i/pfm_dynamic_inst/pass_1/inst//grp_pass_dataflow_fu_88/exec_U0/grp_exec_Pipeline_VITIS_LOOP_23_1_fu_60/grp_exec_Pipeline_VITIS_LOOP_23_1_fu_60.iterationsWave_23
Unable to find signal: /pfm_top_wrapper/pfm_top_i/pfm_dynamic_inst/pass_1/inst//grp_pass_dataflow_fu_88/exec_U0/grp_exec_Pipeline_VITIS_LOOP_23_1_fu_60/grp_exec_Pipeline_VITIS_LOOP_23_1_fu_60.iterationsWave_24
Unable to find signal: /pfm_top_wrapper/pfm_top_i/pfm_dynamic_inst/pass_1/inst//grp_pass_dataflow_fu_88/exec_U0/grp_exec_Pipeline_VITIS_LOOP_23_1_fu_60/grp_exec_Pipeline_VITIS_LOOP_23_1_fu_60.iterationsWave_25
Unable to find signal: /pfm_top_wrapper/pfm_top_i/pfm_dynamic_inst/pass_1/inst//grp_pass_dataflow_fu_88/exec_U0/grp_exec_Pipeline_VITIS_LOOP_23_1_fu_60/grp_exec_Pipeline_VITIS_LOOP_23_1_fu_60.iterationsWave_26
Unable to find signal: /pfm_top_wrapper/pfm_top_i/pfm_dynamic_inst/pass_1/inst//grp_pass_dataflow_fu_88/exec_U0/grp_exec_Pipeline_VITIS_LOOP_23_1_fu_60/grp_exec_Pipeline_VITIS_LOOP_23_1_fu_60.iterationsWave_27
Unable to find signal: /pfm_top_wrapper/pfm_top_i/pfm_dynamic_inst/pass_1/inst//grp_pass_dataflow_fu_88/exec_U0/grp_exec_Pipeline_VITIS_LOOP_23_1_fu_60/grp_exec_Pipeline_VITIS_LOOP_23_1_fu_60.iterationsWave_28
Unable to find signal: /pfm_top_wrapper/pfm_top_i/pfm_dynamic_inst/pass_1/inst//grp_pass_dataflow_fu_88/exec_U0/grp_exec_Pipeline_VITIS_LOOP_23_1_fu_60/grp_exec_Pipeline_VITIS_LOOP_23_1_fu_60.iterationsWave_29
Unable to find signal: /pfm_top_wrapper/pfm_top_i/pfm_dynamic_inst/pass_1/inst//grp_pass_dataflow_fu_88/exec_U0/grp_exec_Pipeline_VITIS_LOOP_23_1_fu_60/grp_exec_Pipeline_VITIS_LOOP_23_1_fu_60.iterationsWave_30
Unable to find signal: /pfm_top_wrapper/pfm_top_i/pfm_dynamic_inst/pass_1/inst//grp_pass_dataflow_fu_88/exec_U0/grp_exec_Pipeline_VITIS_LOOP_23_1_fu_60/grp_exec_Pipeline_VITIS_LOOP_23_1_fu_60.iterationsWave_31
Unable to find signal: /pfm_top_wrapper/pfm_top_i/pfm_dynamic_inst/pass_1/inst//grp_pass_dataflow_fu_88/exec_U0/grp_exec_Pipeline_VITIS_LOOP_23_1_fu_60/grp_exec_Pipeline_VITIS_LOOP_23_1_fu_60.iterationsWave_32
Unable to find signal: /pfm_top_wrapper/pfm_top_i/pfm_dynamic_inst/pass_1/inst//grp_pass_dataflow_fu_88/exec_U0/grp_exec_Pipeline_VITIS_LOOP_23_1_fu_60/grp_exec_Pipeline_VITIS_LOOP_23_1_fu_60.iterationsWave_33
Unable to find signal: /pfm_top_wrapper/pfm_top_i/pfm_dynamic_inst/pass_1/inst//grp_pass_dataflow_fu_88/exec_U0/grp_exec_Pipeline_VITIS_LOOP_23_1_fu_60/grp_exec_Pipeline_VITIS_LOOP_23_1_fu_60.iterationsWave_34
Unable to find signal: /pfm_top_wrapper/pfm_top_i/pfm_dynamic_inst/pass_1/inst//grp_pass_dataflow_fu_88/exec_U0/grp_exec_Pipeline_VITIS_LOOP_23_1_fu_60/grp_exec_Pipeline_VITIS_LOOP_23_1_fu_60.iterationsWave_35
Unable to find signal: /pfm_top_wrapper/pfm_top_i/pfm_dynamic_inst/pass_1/inst//grp_pass_dataflow_fu_88/exec_U0/grp_exec_Pipeline_VITIS_LOOP_23_1_fu_60/grp_exec_Pipeline_VITIS_LOOP_23_1_fu_60.iterationsWave_36
Unable to find signal: /pfm_top_wrapper/pfm_top_i/pfm_dynamic_inst/pass_1/inst//grp_pass_dataflow_fu_88/exec_U0/grp_exec_Pipeline_VITIS_LOOP_23_1_fu_60/grp_exec_Pipeline_VITIS_LOOP_23_1_fu_60.iterationsWave_37
Unable to find signal: /pfm_top_wrapper/pfm_top_i/pfm_dynamic_inst/pass_1/inst//grp_pass_dataflow_fu_88/exec_U0/grp_exec_Pipeline_VITIS_LOOP_23_1_fu_60/grp_exec_Pipeline_VITIS_LOOP_23_1_fu_60.iterationsWave_38
Unable to find signal: /pfm_top_wrapper/pfm_top_i/pfm_dynamic_inst/pass_1/inst//grp_pass_dataflow_fu_88/exec_U0/grp_exec_Pipeline_VITIS_LOOP_23_1_fu_60/grp_exec_Pipeline_VITIS_LOOP_23_1_fu_60.iterationsWave_39
Unable to find signal: /pfm_top_wrapper/pfm_top_i/pfm_dynamic_inst/pass_1/inst//grp_pass_dataflow_fu_88/exec_U0/grp_exec_Pipeline_VITIS_LOOP_23_1_fu_60/grp_exec_Pipeline_VITIS_LOOP_23_1_fu_60.iterationsWave_40
Unable to find signal: /pfm_top_wrapper/pfm_top_i/pfm_dynamic_inst/pass_1/inst//grp_pass_dataflow_fu_88/exec_U0/grp_exec_Pipeline_VITIS_LOOP_23_1_fu_60/grp_exec_Pipeline_VITIS_LOOP_23_1_fu_60.iterationsWave_41
Unable to find signal: /pfm_top_wrapper/pfm_top_i/pfm_dynamic_inst/pass_1/inst//grp_pass_dataflow_fu_88/exec_U0/grp_exec_Pipeline_VITIS_LOOP_23_1_fu_60/grp_exec_Pipeline_VITIS_LOOP_23_1_fu_60.iterationsWave_42
Unable to find signal: /pfm_top_wrapper/pfm_top_i/pfm_dynamic_inst/pass_1/inst//grp_pass_dataflow_fu_88/exec_U0/grp_exec_Pipeline_VITIS_LOOP_23_1_fu_60/grp_exec_Pipeline_VITIS_LOOP_23_1_fu_60.iterationsWave_43
Unable to find signal: /pfm_top_wrapper/pfm_top_i/pfm_dynamic_inst/pass_1/inst//grp_pass_dataflow_fu_88/exec_U0/grp_exec_Pipeline_VITIS_LOOP_23_1_fu_60/grp_exec_Pipeline_VITIS_LOOP_23_1_fu_60.iterationsWave_44
Unable to find signal: /pfm_top_wrapper/pfm_top_i/pfm_dynamic_inst/pass_1/inst//grp_pass_dataflow_fu_88/exec_U0/grp_exec_Pipeline_VITIS_LOOP_23_1_fu_60/grp_exec_Pipeline_VITIS_LOOP_23_1_fu_60.iterationsWave_45
Unable to find signal: /pfm_top_wrapper/pfm_top_i/pfm_dynamic_inst/pass_1/inst//grp_pass_dataflow_fu_88/exec_U0/grp_exec_Pipeline_VITIS_LOOP_23_1_fu_60/grp_exec_Pipeline_VITIS_LOOP_23_1_fu_60.iterationsWave_46
Unable to find signal: /pfm_top_wrapper/pfm_top_i/pfm_dynamic_inst/pass_1/inst//grp_pass_dataflow_fu_88/exec_U0/grp_exec_Pipeline_VITIS_LOOP_23_1_fu_60/grp_exec_Pipeline_VITIS_LOOP_23_1_fu_60.iterationsWave_47
Unable to find signal: /pfm_top_wrapper/pfm_top_i/pfm_dynamic_inst/pass_1/inst//grp_pass_dataflow_fu_88/exec_U0/grp_exec_Pipeline_VITIS_LOOP_23_1_fu_60/grp_exec_Pipeline_VITIS_LOOP_23_1_fu_60.iterationsWave_48
Unable to find signal: /pfm_top_wrapper/pfm_top_i/pfm_dynamic_inst/pass_1/inst//grp_pass_dataflow_fu_88/exec_U0/grp_exec_Pipeline_VITIS_LOOP_23_1_fu_60/grp_exec_Pipeline_VITIS_LOOP_23_1_fu_60.iterationsWave_49
Unable to find signal: /pfm_top_wrapper/pfm_top_i/pfm_dynamic_inst/pass_1/inst//grp_pass_dataflow_fu_88/exec_U0/grp_exec_Pipeline_VITIS_LOOP_23_1_fu_60/grp_exec_Pipeline_VITIS_LOOP_23_1_fu_60.iterationsWave_50
Unable to find signal: /pfm_top_wrapper/pfm_top_i/pfm_dynamic_inst/pass_1/inst//grp_pass_dataflow_fu_88/exec_U0/grp_exec_Pipeline_VITIS_LOOP_23_1_fu_60/grp_exec_Pipeline_VITIS_LOOP_23_1_fu_60.iterationsWave_51
Unable to find signal: /pfm_top_wrapper/pfm_top_i/pfm_dynamic_inst/pass_1/inst//grp_pass_dataflow_fu_88/exec_U0/grp_exec_Pipeline_VITIS_LOOP_23_1_fu_60/grp_exec_Pipeline_VITIS_LOOP_23_1_fu_60.iterationsWave_52
Unable to find signal: /pfm_top_wrapper/pfm_top_i/pfm_dynamic_inst/pass_1/inst//grp_pass_dataflow_fu_88/exec_U0/grp_exec_Pipeline_VITIS_LOOP_23_1_fu_60/grp_exec_Pipeline_VITIS_LOOP_23_1_fu_60.iterationsWave_53
Unable to find signal: /pfm_top_wrapper/pfm_top_i/pfm_dynamic_inst/pass_1/inst//grp_pass_dataflow_fu_88/exec_U0/grp_exec_Pipeline_VITIS_LOOP_23_1_fu_60/grp_exec_Pipeline_VITIS_LOOP_23_1_fu_60.iterationsWave_54
Unable to find signal: /pfm_top_wrapper/pfm_top_i/pfm_dynamic_inst/pass_1/inst//grp_pass_dataflow_fu_88/exec_U0/grp_exec_Pipeline_VITIS_LOOP_23_1_fu_60/grp_exec_Pipeline_VITIS_LOOP_23_1_fu_60.iterationsWave_55
Unable to find signal: /pfm_top_wrapper/pfm_top_i/pfm_dynamic_inst/pass_1/inst//grp_pass_dataflow_fu_88/exec_U0/grp_exec_Pipeline_VITIS_LOOP_23_1_fu_60/grp_exec_Pipeline_VITIS_LOOP_23_1_fu_60.iterationsWave_56
Unable to find signal: /pfm_top_wrapper/pfm_top_i/pfm_dynamic_inst/pass_1/inst//grp_pass_dataflow_fu_88/exec_U0/grp_exec_Pipeline_VITIS_LOOP_23_1_fu_60/grp_exec_Pipeline_VITIS_LOOP_23_1_fu_60.iterationsWave_57
Unable to find signal: /pfm_top_wrapper/pfm_top_i/pfm_dynamic_inst/pass_1/inst//grp_pass_dataflow_fu_88/exec_U0/grp_exec_Pipeline_VITIS_LOOP_23_1_fu_60/grp_exec_Pipeline_VITIS_LOOP_23_1_fu_60.iterationsWave_58
Unable to find signal: /pfm_top_wrapper/pfm_top_i/pfm_dynamic_inst/pass_1/inst//grp_pass_dataflow_fu_88/exec_U0/grp_exec_Pipeline_VITIS_LOOP_23_1_fu_60/grp_exec_Pipeline_VITIS_LOOP_23_1_fu_60.iterationsWave_59
Unable to find signal: /pfm_top_wrapper/pfm_top_i/pfm_dynamic_inst/pass_1/inst//grp_pass_dataflow_fu_88/exec_U0/grp_exec_Pipeline_VITIS_LOOP_23_1_fu_60/grp_exec_Pipeline_VITIS_LOOP_23_1_fu_60.iterationsWave_60
Unable to find signal: /pfm_top_wrapper/pfm_top_i/pfm_dynamic_inst/pass_1/inst//grp_pass_dataflow_fu_88/exec_U0/grp_exec_Pipeline_VITIS_LOOP_23_1_fu_60/grp_exec_Pipeline_VITIS_LOOP_23_1_fu_60.iterationsWave_61
Unable to find signal: /pfm_top_wrapper/pfm_top_i/pfm_dynamic_inst/pass_1/inst//grp_pass_dataflow_fu_88/exec_U0/grp_exec_Pipeline_VITIS_LOOP_23_1_fu_60/grp_exec_Pipeline_VITIS_LOOP_23_1_fu_60.iterationsWave_62
Unable to find signal: /pfm_top_wrapper/pfm_top_i/pfm_dynamic_inst/pass_1/inst//grp_pass_dataflow_fu_88/exec_U0/grp_exec_Pipeline_VITIS_LOOP_23_1_fu_60/grp_exec_Pipeline_VITIS_LOOP_23_1_fu_60.iterationsWave_63
Unable to find signal: /pfm_top_wrapper/pfm_top_i/pfm_dynamic_inst/pass_1/inst//grp_pass_dataflow_fu_88/write_U0/write_U0.dataflowTxWaveData.OutStanding
Unable to find signal: /pfm_top_wrapper/pfm_top_i/pfm_dynamic_inst/pass_1/inst//grp_pass_dataflow_fu_88/write_U0/write_U0.iterationsWave_0
Unable to find signal: /pfm_top_wrapper/pfm_top_i/pfm_dynamic_inst/pass_1/inst//grp_pass_dataflow_fu_88/write_U0/write_U0.iterationsWave_1
Unable to find signal: /pfm_top_wrapper/pfm_top_i/pfm_dynamic_inst/pass_1/inst//grp_pass_dataflow_fu_88/write_U0/write_U0.iterationsWave_2
Unable to find signal: /pfm_top_wrapper/pfm_top_i/pfm_dynamic_inst/pass_1/inst//grp_pass_dataflow_fu_88/write_U0/write_U0.iterationsWave_3
Unable to find signal: /pfm_top_wrapper/pfm_top_i/pfm_dynamic_inst/pass_1/inst//grp_pass_dataflow_fu_88/write_U0/write_U0.iterationsWave_4
Unable to find signal: /pfm_top_wrapper/pfm_top_i/pfm_dynamic_inst/pass_1/inst//grp_pass_dataflow_fu_88/write_U0/write_U0.iterationsWave_5
Unable to find signal: /pfm_top_wrapper/pfm_top_i/pfm_dynamic_inst/pass_1/inst//grp_pass_dataflow_fu_88/write_U0/write_U0.iterationsWave_6
Unable to find signal: /pfm_top_wrapper/pfm_top_i/pfm_dynamic_inst/pass_1/inst//grp_pass_dataflow_fu_88/write_U0/write_U0.iterationsWave_7
Unable to find signal: /pfm_top_wrapper/pfm_top_i/pfm_dynamic_inst/pass_1/inst//grp_pass_dataflow_fu_88/write_U0/write_U0.iterationsWave_8
Unable to find signal: /pfm_top_wrapper/pfm_top_i/pfm_dynamic_inst/pass_1/inst//grp_pass_dataflow_fu_88/write_U0/write_U0.iterationsWave_9
Unable to find signal: /pfm_top_wrapper/pfm_top_i/pfm_dynamic_inst/pass_1/inst//grp_pass_dataflow_fu_88/write_U0/write_U0.iterationsWave_10
Unable to find signal: /pfm_top_wrapper/pfm_top_i/pfm_dynamic_inst/pass_1/inst//grp_pass_dataflow_fu_88/write_U0/write_U0.iterationsWave_11
Unable to find signal: /pfm_top_wrapper/pfm_top_i/pfm_dynamic_inst/pass_1/inst//grp_pass_dataflow_fu_88/write_U0/write_U0.iterationsWave_12
Unable to find signal: /pfm_top_wrapper/pfm_top_i/pfm_dynamic_inst/pass_1/inst//grp_pass_dataflow_fu_88/write_U0/write_U0.iterationsWave_13
Unable to find signal: /pfm_top_wrapper/pfm_top_i/pfm_dynamic_inst/pass_1/inst//grp_pass_dataflow_fu_88/write_U0/write_U0.iterationsWave_14
Unable to find signal: /pfm_top_wrapper/pfm_top_i/pfm_dynamic_inst/pass_1/inst//grp_pass_dataflow_fu_88/write_U0/write_U0.iterationsWave_15
Unable to find signal: /pfm_top_wrapper/pfm_top_i/pfm_dynamic_inst/pass_1/inst//grp_pass_dataflow_fu_88/write_U0/write_U0.iterationsWave_16
Unable to find signal: /pfm_top_wrapper/pfm_top_i/pfm_dynamic_inst/pass_1/inst//grp_pass_dataflow_fu_88/write_U0/write_U0.iterationsWave_17
Unable to find signal: /pfm_top_wrapper/pfm_top_i/pfm_dynamic_inst/pass_1/inst//grp_pass_dataflow_fu_88/write_U0/write_U0.iterationsWave_18
Unable to find signal: /pfm_top_wrapper/pfm_top_i/pfm_dynamic_inst/pass_1/inst//grp_pass_dataflow_fu_88/write_U0/write_U0.iterationsWave_19
Unable to find signal: /pfm_top_wrapper/pfm_top_i/pfm_dynamic_inst/pass_1/inst//grp_pass_dataflow_fu_88/write_U0/write_U0.iterationsWave_20
Unable to find signal: /pfm_top_wrapper/pfm_top_i/pfm_dynamic_inst/pass_1/inst//grp_pass_dataflow_fu_88/write_U0/write_U0.iterationsWave_21
Unable to find signal: /pfm_top_wrapper/pfm_top_i/pfm_dynamic_inst/pass_1/inst//grp_pass_dataflow_fu_88/write_U0/write_U0.iterationsWave_22
Unable to find signal: /pfm_top_wrapper/pfm_top_i/pfm_dynamic_inst/pass_1/inst//grp_pass_dataflow_fu_88/write_U0/write_U0.iterationsWave_23
Unable to find signal: /pfm_top_wrapper/pfm_top_i/pfm_dynamic_inst/pass_1/inst//grp_pass_dataflow_fu_88/write_U0/write_U0.iterationsWave_24
Unable to find signal: /pfm_top_wrapper/pfm_top_i/pfm_dynamic_inst/pass_1/inst//grp_pass_dataflow_fu_88/write_U0/write_U0.iterationsWave_25
Unable to find signal: /pfm_top_wrapper/pfm_top_i/pfm_dynamic_inst/pass_1/inst//grp_pass_dataflow_fu_88/write_U0/write_U0.iterationsWave_26
Unable to find signal: /pfm_top_wrapper/pfm_top_i/pfm_dynamic_inst/pass_1/inst//grp_pass_dataflow_fu_88/write_U0/write_U0.iterationsWave_27
Unable to find signal: /pfm_top_wrapper/pfm_top_i/pfm_dynamic_inst/pass_1/inst//grp_pass_dataflow_fu_88/write_U0/write_U0.iterationsWave_28
Unable to find signal: /pfm_top_wrapper/pfm_top_i/pfm_dynamic_inst/pass_1/inst//grp_pass_dataflow_fu_88/write_U0/write_U0.iterationsWave_29
Unable to find signal: /pfm_top_wrapper/pfm_top_i/pfm_dynamic_inst/pass_1/inst//grp_pass_dataflow_fu_88/write_U0/write_U0.iterationsWave_30
Unable to find signal: /pfm_top_wrapper/pfm_top_i/pfm_dynamic_inst/pass_1/inst//grp_pass_dataflow_fu_88/write_U0/write_U0.iterationsWave_31
Unable to find signal: /pfm_top_wrapper/pfm_top_i/pfm_dynamic_inst/pass_1/inst//grp_pass_dataflow_fu_88/write_U0/write_U0.iterationsWave_32
Unable to find signal: /pfm_top_wrapper/pfm_top_i/pfm_dynamic_inst/pass_1/inst//grp_pass_dataflow_fu_88/write_U0/write_U0.iterationsWave_33
Unable to find signal: /pfm_top_wrapper/pfm_top_i/pfm_dynamic_inst/pass_1/inst//grp_pass_dataflow_fu_88/write_U0/write_U0.iterationsWave_34
Unable to find signal: /pfm_top_wrapper/pfm_top_i/pfm_dynamic_inst/pass_1/inst//grp_pass_dataflow_fu_88/write_U0/write_U0.iterationsWave_35
Unable to find signal: /pfm_top_wrapper/pfm_top_i/pfm_dynamic_inst/pass_1/inst//grp_pass_dataflow_fu_88/write_U0/write_U0.iterationsWave_36
Unable to find signal: /pfm_top_wrapper/pfm_top_i/pfm_dynamic_inst/pass_1/inst//grp_pass_dataflow_fu_88/write_U0/write_U0.iterationsWave_37
Unable to find signal: /pfm_top_wrapper/pfm_top_i/pfm_dynamic_inst/pass_1/inst//grp_pass_dataflow_fu_88/write_U0/write_U0.iterationsWave_38
Unable to find signal: /pfm_top_wrapper/pfm_top_i/pfm_dynamic_inst/pass_1/inst//grp_pass_dataflow_fu_88/write_U0/write_U0.iterationsWave_39
Unable to find signal: /pfm_top_wrapper/pfm_top_i/pfm_dynamic_inst/pass_1/inst//grp_pass_dataflow_fu_88/write_U0/write_U0.iterationsWave_40
Unable to find signal: /pfm_top_wrapper/pfm_top_i/pfm_dynamic_inst/pass_1/inst//grp_pass_dataflow_fu_88/write_U0/write_U0.iterationsWave_41
Unable to find signal: /pfm_top_wrapper/pfm_top_i/pfm_dynamic_inst/pass_1/inst//grp_pass_dataflow_fu_88/write_U0/write_U0.iterationsWave_42
Unable to find signal: /pfm_top_wrapper/pfm_top_i/pfm_dynamic_inst/pass_1/inst//grp_pass_dataflow_fu_88/write_U0/write_U0.iterationsWave_43
Unable to find signal: /pfm_top_wrapper/pfm_top_i/pfm_dynamic_inst/pass_1/inst//grp_pass_dataflow_fu_88/write_U0/write_U0.iterationsWave_44
Unable to find signal: /pfm_top_wrapper/pfm_top_i/pfm_dynamic_inst/pass_1/inst//grp_pass_dataflow_fu_88/write_U0/write_U0.iterationsWave_45
Unable to find signal: /pfm_top_wrapper/pfm_top_i/pfm_dynamic_inst/pass_1/inst//grp_pass_dataflow_fu_88/write_U0/write_U0.iterationsWave_46
Unable to find signal: /pfm_top_wrapper/pfm_top_i/pfm_dynamic_inst/pass_1/inst//grp_pass_dataflow_fu_88/write_U0/write_U0.iterationsWave_47
Unable to find signal: /pfm_top_wrapper/pfm_top_i/pfm_dynamic_inst/pass_1/inst//grp_pass_dataflow_fu_88/write_U0/write_U0.iterationsWave_48
Unable to find signal: /pfm_top_wrapper/pfm_top_i/pfm_dynamic_inst/pass_1/inst//grp_pass_dataflow_fu_88/write_U0/write_U0.iterationsWave_49
Unable to find signal: /pfm_top_wrapper/pfm_top_i/pfm_dynamic_inst/pass_1/inst//grp_pass_dataflow_fu_88/write_U0/write_U0.iterationsWave_50
Unable to find signal: /pfm_top_wrapper/pfm_top_i/pfm_dynamic_inst/pass_1/inst//grp_pass_dataflow_fu_88/write_U0/write_U0.iterationsWave_51
Unable to find signal: /pfm_top_wrapper/pfm_top_i/pfm_dynamic_inst/pass_1/inst//grp_pass_dataflow_fu_88/write_U0/write_U0.iterationsWave_52
Unable to find signal: /pfm_top_wrapper/pfm_top_i/pfm_dynamic_inst/pass_1/inst//grp_pass_dataflow_fu_88/write_U0/write_U0.iterationsWave_53
Unable to find signal: /pfm_top_wrapper/pfm_top_i/pfm_dynamic_inst/pass_1/inst//grp_pass_dataflow_fu_88/write_U0/write_U0.iterationsWave_54
Unable to find signal: /pfm_top_wrapper/pfm_top_i/pfm_dynamic_inst/pass_1/inst//grp_pass_dataflow_fu_88/write_U0/write_U0.iterationsWave_55
Unable to find signal: /pfm_top_wrapper/pfm_top_i/pfm_dynamic_inst/pass_1/inst//grp_pass_dataflow_fu_88/write_U0/write_U0.iterationsWave_56
Unable to find signal: /pfm_top_wrapper/pfm_top_i/pfm_dynamic_inst/pass_1/inst//grp_pass_dataflow_fu_88/write_U0/write_U0.iterationsWave_57
Unable to find signal: /pfm_top_wrapper/pfm_top_i/pfm_dynamic_inst/pass_1/inst//grp_pass_dataflow_fu_88/write_U0/write_U0.iterationsWave_58
Unable to find signal: /pfm_top_wrapper/pfm_top_i/pfm_dynamic_inst/pass_1/inst//grp_pass_dataflow_fu_88/write_U0/write_U0.iterationsWave_59
Unable to find signal: /pfm_top_wrapper/pfm_top_i/pfm_dynamic_inst/pass_1/inst//grp_pass_dataflow_fu_88/write_U0/write_U0.iterationsWave_60
Unable to find signal: /pfm_top_wrapper/pfm_top_i/pfm_dynamic_inst/pass_1/inst//grp_pass_dataflow_fu_88/write_U0/write_U0.iterationsWave_61
Unable to find signal: /pfm_top_wrapper/pfm_top_i/pfm_dynamic_inst/pass_1/inst//grp_pass_dataflow_fu_88/write_U0/write_U0.iterationsWave_62
Unable to find signal: /pfm_top_wrapper/pfm_top_i/pfm_dynamic_inst/pass_1/inst//grp_pass_dataflow_fu_88/write_U0/write_U0.iterationsWave_63
Unable to find signal: /pfm_top_wrapper/pfm_top_i/pfm_dynamic_inst/pass_1/inst//grp_pass_dataflow_fu_88/write_U0/grp_write_Pipeline_VITIS_LOOP_35_1_fu_73/grp_write_Pipeline_VITIS_LOOP_35_1_fu_73.dataflowTxWaveData.OutStanding
Unable to find signal: /pfm_top_wrapper/pfm_top_i/pfm_dynamic_inst/pass_1/inst//grp_pass_dataflow_fu_88/write_U0/grp_write_Pipeline_VITIS_LOOP_35_1_fu_73/grp_write_Pipeline_VITIS_LOOP_35_1_fu_73.iterationsWave_0
Unable to find signal: /pfm_top_wrapper/pfm_top_i/pfm_dynamic_inst/pass_1/inst//grp_pass_dataflow_fu_88/write_U0/grp_write_Pipeline_VITIS_LOOP_35_1_fu_73/grp_write_Pipeline_VITIS_LOOP_35_1_fu_73.iterationsWave_1
Unable to find signal: /pfm_top_wrapper/pfm_top_i/pfm_dynamic_inst/pass_1/inst//grp_pass_dataflow_fu_88/write_U0/grp_write_Pipeline_VITIS_LOOP_35_1_fu_73/grp_write_Pipeline_VITIS_LOOP_35_1_fu_73.iterationsWave_2
Unable to find signal: /pfm_top_wrapper/pfm_top_i/pfm_dynamic_inst/pass_1/inst//grp_pass_dataflow_fu_88/write_U0/grp_write_Pipeline_VITIS_LOOP_35_1_fu_73/grp_write_Pipeline_VITIS_LOOP_35_1_fu_73.iterationsWave_3
Unable to find signal: /pfm_top_wrapper/pfm_top_i/pfm_dynamic_inst/pass_1/inst//grp_pass_dataflow_fu_88/write_U0/grp_write_Pipeline_VITIS_LOOP_35_1_fu_73/grp_write_Pipeline_VITIS_LOOP_35_1_fu_73.iterationsWave_4
Unable to find signal: /pfm_top_wrapper/pfm_top_i/pfm_dynamic_inst/pass_1/inst//grp_pass_dataflow_fu_88/write_U0/grp_write_Pipeline_VITIS_LOOP_35_1_fu_73/grp_write_Pipeline_VITIS_LOOP_35_1_fu_73.iterationsWave_5
Unable to find signal: /pfm_top_wrapper/pfm_top_i/pfm_dynamic_inst/pass_1/inst//grp_pass_dataflow_fu_88/write_U0/grp_write_Pipeline_VITIS_LOOP_35_1_fu_73/grp_write_Pipeline_VITIS_LOOP_35_1_fu_73.iterationsWave_6
Unable to find signal: /pfm_top_wrapper/pfm_top_i/pfm_dynamic_inst/pass_1/inst//grp_pass_dataflow_fu_88/write_U0/grp_write_Pipeline_VITIS_LOOP_35_1_fu_73/grp_write_Pipeline_VITIS_LOOP_35_1_fu_73.iterationsWave_7
Unable to find signal: /pfm_top_wrapper/pfm_top_i/pfm_dynamic_inst/pass_1/inst//grp_pass_dataflow_fu_88/write_U0/grp_write_Pipeline_VITIS_LOOP_35_1_fu_73/grp_write_Pipeline_VITIS_LOOP_35_1_fu_73.iterationsWave_8
Unable to find signal: /pfm_top_wrapper/pfm_top_i/pfm_dynamic_inst/pass_1/inst//grp_pass_dataflow_fu_88/write_U0/grp_write_Pipeline_VITIS_LOOP_35_1_fu_73/grp_write_Pipeline_VITIS_LOOP_35_1_fu_73.iterationsWave_9
Unable to find signal: /pfm_top_wrapper/pfm_top_i/pfm_dynamic_inst/pass_1/inst//grp_pass_dataflow_fu_88/write_U0/grp_write_Pipeline_VITIS_LOOP_35_1_fu_73/grp_write_Pipeline_VITIS_LOOP_35_1_fu_73.iterationsWave_10
Unable to find signal: /pfm_top_wrapper/pfm_top_i/pfm_dynamic_inst/pass_1/inst//grp_pass_dataflow_fu_88/write_U0/grp_write_Pipeline_VITIS_LOOP_35_1_fu_73/grp_write_Pipeline_VITIS_LOOP_35_1_fu_73.iterationsWave_11
Unable to find signal: /pfm_top_wrapper/pfm_top_i/pfm_dynamic_inst/pass_1/inst//grp_pass_dataflow_fu_88/write_U0/grp_write_Pipeline_VITIS_LOOP_35_1_fu_73/grp_write_Pipeline_VITIS_LOOP_35_1_fu_73.iterationsWave_12
Unable to find signal: /pfm_top_wrapper/pfm_top_i/pfm_dynamic_inst/pass_1/inst//grp_pass_dataflow_fu_88/write_U0/grp_write_Pipeline_VITIS_LOOP_35_1_fu_73/grp_write_Pipeline_VITIS_LOOP_35_1_fu_73.iterationsWave_13
Unable to find signal: /pfm_top_wrapper/pfm_top_i/pfm_dynamic_inst/pass_1/inst//grp_pass_dataflow_fu_88/write_U0/grp_write_Pipeline_VITIS_LOOP_35_1_fu_73/grp_write_Pipeline_VITIS_LOOP_35_1_fu_73.iterationsWave_14
Unable to find signal: /pfm_top_wrapper/pfm_top_i/pfm_dynamic_inst/pass_1/inst//grp_pass_dataflow_fu_88/write_U0/grp_write_Pipeline_VITIS_LOOP_35_1_fu_73/grp_write_Pipeline_VITIS_LOOP_35_1_fu_73.iterationsWave_15
Unable to find signal: /pfm_top_wrapper/pfm_top_i/pfm_dynamic_inst/pass_1/inst//grp_pass_dataflow_fu_88/write_U0/grp_write_Pipeline_VITIS_LOOP_35_1_fu_73/grp_write_Pipeline_VITIS_LOOP_35_1_fu_73.iterationsWave_16
Unable to find signal: /pfm_top_wrapper/pfm_top_i/pfm_dynamic_inst/pass_1/inst//grp_pass_dataflow_fu_88/write_U0/grp_write_Pipeline_VITIS_LOOP_35_1_fu_73/grp_write_Pipeline_VITIS_LOOP_35_1_fu_73.iterationsWave_17
Unable to find signal: /pfm_top_wrapper/pfm_top_i/pfm_dynamic_inst/pass_1/inst//grp_pass_dataflow_fu_88/write_U0/grp_write_Pipeline_VITIS_LOOP_35_1_fu_73/grp_write_Pipeline_VITIS_LOOP_35_1_fu_73.iterationsWave_18
Unable to find signal: /pfm_top_wrapper/pfm_top_i/pfm_dynamic_inst/pass_1/inst//grp_pass_dataflow_fu_88/write_U0/grp_write_Pipeline_VITIS_LOOP_35_1_fu_73/grp_write_Pipeline_VITIS_LOOP_35_1_fu_73.iterationsWave_19
Unable to find signal: /pfm_top_wrapper/pfm_top_i/pfm_dynamic_inst/pass_1/inst//grp_pass_dataflow_fu_88/write_U0/grp_write_Pipeline_VITIS_LOOP_35_1_fu_73/grp_write_Pipeline_VITIS_LOOP_35_1_fu_73.iterationsWave_20
Unable to find signal: /pfm_top_wrapper/pfm_top_i/pfm_dynamic_inst/pass_1/inst//grp_pass_dataflow_fu_88/write_U0/grp_write_Pipeline_VITIS_LOOP_35_1_fu_73/grp_write_Pipeline_VITIS_LOOP_35_1_fu_73.iterationsWave_21
Unable to find signal: /pfm_top_wrapper/pfm_top_i/pfm_dynamic_inst/pass_1/inst//grp_pass_dataflow_fu_88/write_U0/grp_write_Pipeline_VITIS_LOOP_35_1_fu_73/grp_write_Pipeline_VITIS_LOOP_35_1_fu_73.iterationsWave_22
Unable to find signal: /pfm_top_wrapper/pfm_top_i/pfm_dynamic_inst/pass_1/inst//grp_pass_dataflow_fu_88/write_U0/grp_write_Pipeline_VITIS_LOOP_35_1_fu_73/grp_write_Pipeline_VITIS_LOOP_35_1_fu_73.iterationsWave_23
Unable to find signal: /pfm_top_wrapper/pfm_top_i/pfm_dynamic_inst/pass_1/inst//grp_pass_dataflow_fu_88/write_U0/grp_write_Pipeline_VITIS_LOOP_35_1_fu_73/grp_write_Pipeline_VITIS_LOOP_35_1_fu_73.iterationsWave_24
Unable to find signal: /pfm_top_wrapper/pfm_top_i/pfm_dynamic_inst/pass_1/inst//grp_pass_dataflow_fu_88/write_U0/grp_write_Pipeline_VITIS_LOOP_35_1_fu_73/grp_write_Pipeline_VITIS_LOOP_35_1_fu_73.iterationsWave_25
Unable to find signal: /pfm_top_wrapper/pfm_top_i/pfm_dynamic_inst/pass_1/inst//grp_pass_dataflow_fu_88/write_U0/grp_write_Pipeline_VITIS_LOOP_35_1_fu_73/grp_write_Pipeline_VITIS_LOOP_35_1_fu_73.iterationsWave_26
Unable to find signal: /pfm_top_wrapper/pfm_top_i/pfm_dynamic_inst/pass_1/inst//grp_pass_dataflow_fu_88/write_U0/grp_write_Pipeline_VITIS_LOOP_35_1_fu_73/grp_write_Pipeline_VITIS_LOOP_35_1_fu_73.iterationsWave_27
Unable to find signal: /pfm_top_wrapper/pfm_top_i/pfm_dynamic_inst/pass_1/inst//grp_pass_dataflow_fu_88/write_U0/grp_write_Pipeline_VITIS_LOOP_35_1_fu_73/grp_write_Pipeline_VITIS_LOOP_35_1_fu_73.iterationsWave_28
Unable to find signal: /pfm_top_wrapper/pfm_top_i/pfm_dynamic_inst/pass_1/inst//grp_pass_dataflow_fu_88/write_U0/grp_write_Pipeline_VITIS_LOOP_35_1_fu_73/grp_write_Pipeline_VITIS_LOOP_35_1_fu_73.iterationsWave_29
Unable to find signal: /pfm_top_wrapper/pfm_top_i/pfm_dynamic_inst/pass_1/inst//grp_pass_dataflow_fu_88/write_U0/grp_write_Pipeline_VITIS_LOOP_35_1_fu_73/grp_write_Pipeline_VITIS_LOOP_35_1_fu_73.iterationsWave_30
Unable to find signal: /pfm_top_wrapper/pfm_top_i/pfm_dynamic_inst/pass_1/inst//grp_pass_dataflow_fu_88/write_U0/grp_write_Pipeline_VITIS_LOOP_35_1_fu_73/grp_write_Pipeline_VITIS_LOOP_35_1_fu_73.iterationsWave_31
Unable to find signal: /pfm_top_wrapper/pfm_top_i/pfm_dynamic_inst/pass_1/inst//grp_pass_dataflow_fu_88/write_U0/grp_write_Pipeline_VITIS_LOOP_35_1_fu_73/grp_write_Pipeline_VITIS_LOOP_35_1_fu_73.iterationsWave_32
Unable to find signal: /pfm_top_wrapper/pfm_top_i/pfm_dynamic_inst/pass_1/inst//grp_pass_dataflow_fu_88/write_U0/grp_write_Pipeline_VITIS_LOOP_35_1_fu_73/grp_write_Pipeline_VITIS_LOOP_35_1_fu_73.iterationsWave_33
Unable to find signal: /pfm_top_wrapper/pfm_top_i/pfm_dynamic_inst/pass_1/inst//grp_pass_dataflow_fu_88/write_U0/grp_write_Pipeline_VITIS_LOOP_35_1_fu_73/grp_write_Pipeline_VITIS_LOOP_35_1_fu_73.iterationsWave_34
Unable to find signal: /pfm_top_wrapper/pfm_top_i/pfm_dynamic_inst/pass_1/inst//grp_pass_dataflow_fu_88/write_U0/grp_write_Pipeline_VITIS_LOOP_35_1_fu_73/grp_write_Pipeline_VITIS_LOOP_35_1_fu_73.iterationsWave_35
Unable to find signal: /pfm_top_wrapper/pfm_top_i/pfm_dynamic_inst/pass_1/inst//grp_pass_dataflow_fu_88/write_U0/grp_write_Pipeline_VITIS_LOOP_35_1_fu_73/grp_write_Pipeline_VITIS_LOOP_35_1_fu_73.iterationsWave_36
Unable to find signal: /pfm_top_wrapper/pfm_top_i/pfm_dynamic_inst/pass_1/inst//grp_pass_dataflow_fu_88/write_U0/grp_write_Pipeline_VITIS_LOOP_35_1_fu_73/grp_write_Pipeline_VITIS_LOOP_35_1_fu_73.iterationsWave_37
Unable to find signal: /pfm_top_wrapper/pfm_top_i/pfm_dynamic_inst/pass_1/inst//grp_pass_dataflow_fu_88/write_U0/grp_write_Pipeline_VITIS_LOOP_35_1_fu_73/grp_write_Pipeline_VITIS_LOOP_35_1_fu_73.iterationsWave_38
Unable to find signal: /pfm_top_wrapper/pfm_top_i/pfm_dynamic_inst/pass_1/inst//grp_pass_dataflow_fu_88/write_U0/grp_write_Pipeline_VITIS_LOOP_35_1_fu_73/grp_write_Pipeline_VITIS_LOOP_35_1_fu_73.iterationsWave_39
Unable to find signal: /pfm_top_wrapper/pfm_top_i/pfm_dynamic_inst/pass_1/inst//grp_pass_dataflow_fu_88/write_U0/grp_write_Pipeline_VITIS_LOOP_35_1_fu_73/grp_write_Pipeline_VITIS_LOOP_35_1_fu_73.iterationsWave_40
Unable to find signal: /pfm_top_wrapper/pfm_top_i/pfm_dynamic_inst/pass_1/inst//grp_pass_dataflow_fu_88/write_U0/grp_write_Pipeline_VITIS_LOOP_35_1_fu_73/grp_write_Pipeline_VITIS_LOOP_35_1_fu_73.iterationsWave_41
Unable to find signal: /pfm_top_wrapper/pfm_top_i/pfm_dynamic_inst/pass_1/inst//grp_pass_dataflow_fu_88/write_U0/grp_write_Pipeline_VITIS_LOOP_35_1_fu_73/grp_write_Pipeline_VITIS_LOOP_35_1_fu_73.iterationsWave_42
Unable to find signal: /pfm_top_wrapper/pfm_top_i/pfm_dynamic_inst/pass_1/inst//grp_pass_dataflow_fu_88/write_U0/grp_write_Pipeline_VITIS_LOOP_35_1_fu_73/grp_write_Pipeline_VITIS_LOOP_35_1_fu_73.iterationsWave_43
Unable to find signal: /pfm_top_wrapper/pfm_top_i/pfm_dynamic_inst/pass_1/inst//grp_pass_dataflow_fu_88/write_U0/grp_write_Pipeline_VITIS_LOOP_35_1_fu_73/grp_write_Pipeline_VITIS_LOOP_35_1_fu_73.iterationsWave_44
Unable to find signal: /pfm_top_wrapper/pfm_top_i/pfm_dynamic_inst/pass_1/inst//grp_pass_dataflow_fu_88/write_U0/grp_write_Pipeline_VITIS_LOOP_35_1_fu_73/grp_write_Pipeline_VITIS_LOOP_35_1_fu_73.iterationsWave_45
Unable to find signal: /pfm_top_wrapper/pfm_top_i/pfm_dynamic_inst/pass_1/inst//grp_pass_dataflow_fu_88/write_U0/grp_write_Pipeline_VITIS_LOOP_35_1_fu_73/grp_write_Pipeline_VITIS_LOOP_35_1_fu_73.iterationsWave_46
Unable to find signal: /pfm_top_wrapper/pfm_top_i/pfm_dynamic_inst/pass_1/inst//grp_pass_dataflow_fu_88/write_U0/grp_write_Pipeline_VITIS_LOOP_35_1_fu_73/grp_write_Pipeline_VITIS_LOOP_35_1_fu_73.iterationsWave_47
Unable to find signal: /pfm_top_wrapper/pfm_top_i/pfm_dynamic_inst/pass_1/inst//grp_pass_dataflow_fu_88/write_U0/grp_write_Pipeline_VITIS_LOOP_35_1_fu_73/grp_write_Pipeline_VITIS_LOOP_35_1_fu_73.iterationsWave_48
Unable to find signal: /pfm_top_wrapper/pfm_top_i/pfm_dynamic_inst/pass_1/inst//grp_pass_dataflow_fu_88/write_U0/grp_write_Pipeline_VITIS_LOOP_35_1_fu_73/grp_write_Pipeline_VITIS_LOOP_35_1_fu_73.iterationsWave_49
Unable to find signal: /pfm_top_wrapper/pfm_top_i/pfm_dynamic_inst/pass_1/inst//grp_pass_dataflow_fu_88/write_U0/grp_write_Pipeline_VITIS_LOOP_35_1_fu_73/grp_write_Pipeline_VITIS_LOOP_35_1_fu_73.iterationsWave_50
Unable to find signal: /pfm_top_wrapper/pfm_top_i/pfm_dynamic_inst/pass_1/inst//grp_pass_dataflow_fu_88/write_U0/grp_write_Pipeline_VITIS_LOOP_35_1_fu_73/grp_write_Pipeline_VITIS_LOOP_35_1_fu_73.iterationsWave_51
Unable to find signal: /pfm_top_wrapper/pfm_top_i/pfm_dynamic_inst/pass_1/inst//grp_pass_dataflow_fu_88/write_U0/grp_write_Pipeline_VITIS_LOOP_35_1_fu_73/grp_write_Pipeline_VITIS_LOOP_35_1_fu_73.iterationsWave_52
Unable to find signal: /pfm_top_wrapper/pfm_top_i/pfm_dynamic_inst/pass_1/inst//grp_pass_dataflow_fu_88/write_U0/grp_write_Pipeline_VITIS_LOOP_35_1_fu_73/grp_write_Pipeline_VITIS_LOOP_35_1_fu_73.iterationsWave_53
Unable to find signal: /pfm_top_wrapper/pfm_top_i/pfm_dynamic_inst/pass_1/inst//grp_pass_dataflow_fu_88/write_U0/grp_write_Pipeline_VITIS_LOOP_35_1_fu_73/grp_write_Pipeline_VITIS_LOOP_35_1_fu_73.iterationsWave_54
Unable to find signal: /pfm_top_wrapper/pfm_top_i/pfm_dynamic_inst/pass_1/inst//grp_pass_dataflow_fu_88/write_U0/grp_write_Pipeline_VITIS_LOOP_35_1_fu_73/grp_write_Pipeline_VITIS_LOOP_35_1_fu_73.iterationsWave_55
Unable to find signal: /pfm_top_wrapper/pfm_top_i/pfm_dynamic_inst/pass_1/inst//grp_pass_dataflow_fu_88/write_U0/grp_write_Pipeline_VITIS_LOOP_35_1_fu_73/grp_write_Pipeline_VITIS_LOOP_35_1_fu_73.iterationsWave_56
Unable to find signal: /pfm_top_wrapper/pfm_top_i/pfm_dynamic_inst/pass_1/inst//grp_pass_dataflow_fu_88/write_U0/grp_write_Pipeline_VITIS_LOOP_35_1_fu_73/grp_write_Pipeline_VITIS_LOOP_35_1_fu_73.iterationsWave_57
Unable to find signal: /pfm_top_wrapper/pfm_top_i/pfm_dynamic_inst/pass_1/inst//grp_pass_dataflow_fu_88/write_U0/grp_write_Pipeline_VITIS_LOOP_35_1_fu_73/grp_write_Pipeline_VITIS_LOOP_35_1_fu_73.iterationsWave_58
Unable to find signal: /pfm_top_wrapper/pfm_top_i/pfm_dynamic_inst/pass_1/inst//grp_pass_dataflow_fu_88/write_U0/grp_write_Pipeline_VITIS_LOOP_35_1_fu_73/grp_write_Pipeline_VITIS_LOOP_35_1_fu_73.iterationsWave_59
Unable to find signal: /pfm_top_wrapper/pfm_top_i/pfm_dynamic_inst/pass_1/inst//grp_pass_dataflow_fu_88/write_U0/grp_write_Pipeline_VITIS_LOOP_35_1_fu_73/grp_write_Pipeline_VITIS_LOOP_35_1_fu_73.iterationsWave_60
Unable to find signal: /pfm_top_wrapper/pfm_top_i/pfm_dynamic_inst/pass_1/inst//grp_pass_dataflow_fu_88/write_U0/grp_write_Pipeline_VITIS_LOOP_35_1_fu_73/grp_write_Pipeline_VITIS_LOOP_35_1_fu_73.iterationsWave_61
Unable to find signal: /pfm_top_wrapper/pfm_top_i/pfm_dynamic_inst/pass_1/inst//grp_pass_dataflow_fu_88/write_U0/grp_write_Pipeline_VITIS_LOOP_35_1_fu_73/grp_write_Pipeline_VITIS_LOOP_35_1_fu_73.iterationsWave_62
Unable to find signal: /pfm_top_wrapper/pfm_top_i/pfm_dynamic_inst/pass_1/inst//grp_pass_dataflow_fu_88/write_U0/grp_write_Pipeline_VITIS_LOOP_35_1_fu_73/grp_write_Pipeline_VITIS_LOOP_35_1_fu_73.iterationsWave_63
### if { [info exists ::env(XILINX_SC_HW_EMU)] } {
###   source $::env(XILINX_VITIS)/system_compiler/examples/sc_hw_emu_post_xsim.tcl
### }
## if { [info exists ::env(VITIS_LAUNCH_WAVEFORM_BATCH) ] } {
##   if { [info exists ::env(USER_POST_SIM_SCRIPT) ] } {
##     if { [catch {source $::env(USER_POST_SIM_SCRIPT)} msg] } {
##       puts $msg
##     }
##   }
##   quit
## }
INFO: xsimkernel Simulation Memory Usage: 300296 KB (Peak: 300296 KB), Simulation CPU Usage: 41530 ms
INFO: [Common 17-206] Exiting xsim at Wed May 21 16:49:52 2025...
